flight_id,flight_date,origin,destination,aircraft_id,aircraft_type,scheduled_departure,scheduled_duration_min,delay_reason,departure_delay_min,cancelled,passengers
FL000001,2025-01-01,HEL,BCN,OH-A138,A321,2025-01-01 10:05:00,143,None,0,False,202
FL000002,2025-01-01,HEL,CPH,OH-A129,A350,2025-01-01 10:00:00,384,Ground Handling,9,False,166
FL000003,2025-01-01,HEL,MAD,OH-A103,A350,2025-01-01 09:41:00,92,None,0,False,228
FL000004,2025-01-01,HEL,BCN,OH-A107,A350,2025-01-01 14:13:00,373,None,0,False,226
FL000005,2025-01-01,HEL,CPH,OH-A126,A320,2025-01-01 19:26:00,344,None,0,False,130
FL000006,2025-01-01,HEL,FCO,OH-A100,A350,2025-01-01 14:13:00,560,None,0,False,181
FL000007,2025-01-01,HEL,AMS,OH-A131,E190,2025-01-01 07:01:00,431,None,0,False,67
FL000008,2025-01-01,HEL,JFK,OH-A145,A350,2025-01-01 10:27:00,486,ATC,5,False,177
FL000009,2025-01-01,HEL,ARN,OH-A106,A350,2025-01-01 14:17:00,364,Crew,55,False,213
FL000010,2025-01-01,HEL,OSL,OH-A109,A320,2025-01-01 15:47:00,592,None,0,False,118
FL000011,2025-01-01,HEL,FRA,OH-A147,A321,2025-01-01 08:04:00,583,None,0,False,129
FL000012,2025-01-01,HEL,OSL,OH-A146,A320,2025-01-01 07:34:00,615,Weather,38,False,166
FL000013,2025-01-01,HEL,CDG,OH-A105,E190,2025-01-01 12:58:00,343,Technical,24,False,69
FL000014,2025-01-01,HEL,MAD,OH-A142,A350,2025-01-01 17:31:00,99,None,0,False,263
FL000015,2025-01-01,HEL,OSL,OH-A145,A350,2025-01-01 05:32:00,183,Crew,30,False,179
FL000016,2025-01-01,HEL,MAD,OH-A117,A321,2025-01-01 17:14:00,389,None,0,False,197
FL000017,2025-01-01,HEL,CPH,OH-A147,A321,2025-01-01 10:26:00,492,None,0,False,207
FL000018,2025-01-01,HEL,OSL,OH-A144,A350,2025-01-01 07:57:00,53,None,0,False,194
FL000019,2025-01-01,HEL,BCN,OH-A146,A320,2025-01-01 10:02:00,115,Weather,5,False,135
FL000020,2025-01-02,HEL,JFK,OH-A101,A320,2025-01-02 14:26:00,388,None,0,False,152
FL000021,2025-01-02,HEL,ARN,OH-A106,A350,2025-01-02 12:07:00,475,Ground Handling,81,False,262
FL000022,2025-01-02,HEL,FCO,OH-A138,A321,2025-01-02 12:56:00,293,Technical,42,False,141
FL000023,2025-01-02,HEL,CPH,OH-A139,A350,2025-01-02 18:32:00,189,None,0,False,266
FL000024,2025-01-02,HEL,FCO,OH-A129,A350,2025-01-02 19:45:00,581,None,0,False,179
FL000025,2025-01-02,HEL,JFK,OH-A117,A321,2025-01-02 12:14:00,577,None,0,False,140
FL000026,2025-01-02,HEL,CPH,OH-A121,A320,2025-01-02 09:12:00,350,None,0,False,162
FL000027,2025-01-02,HEL,FRA,OH-A139,A350,2025-01-02 06:47:00,596,None,0,False,211
FL000028,2025-01-02,HEL,CPH,OH-A107,A350,2025-01-02 19:01:00,155,None,0,False,286
FL000029,2025-01-02,HEL,MUC,OH-A144,A350,2025-01-02 07:48:00,389,None,0,False,224
FL000030,2025-01-02,HEL,NRT,OH-A105,E190,2025-01-02 05:21:00,355,None,0,False,93
FL000031,2025-01-02,HEL,CPH,OH-A102,E190,2025-01-02 15:02:00,291,Weather,38,False,100
FL000032,2025-01-02,HEL,AMS,OH-A124,A350,2025-01-02 19:52:00,468,Crew,42,False,283
FL000033,2025-01-02,HEL,BKK,OH-A111,E190,2025-01-02 09:14:00,176,None,0,False,67
FL000034,2025-01-02,HEL,CDG,OH-A102,E190,2025-01-02 11:21:00,49,None,0,False,59
FL000035,2025-01-02,HEL,CPH,OH-A140,A320,2025-01-02 05:53:00,106,ATC,5,False,159
FL000036,2025-01-02,HEL,FRA,OH-A143,A321,2025-01-02 21:39:00,182,Technical,41,False,173
FL000037,2025-01-02,HEL,MUC,OH-A137,A320,2025-01-02 07:17:00,469,None,0,False,172
FL000038,2025-01-02,HEL,MAD,OH-A141,A350,2025-01-02 12:52:00,524,None,0,False,196
FL000039,2025-01-02,HEL,CDG,OH-A112,A350,2025-01-02 07:22:00,80,None,0,False,244
FL000040,2025-01-02,HEL,BKK,OH-A111,E190,2025-01-02 11:14:00,239,None,0,False,74
FL000041,2025-01-02,HEL,MUC,OH-A118,A350,2025-01-02 16:39:00,150,None,0,False,253
FL000042,2025-01-02,HEL,CDG,OH-A143,A321,2025-01-02 13:10:00,536,None,0,False,206
FL000043,2025-01-02,HEL,BKK,OH-A140,A320,2025-01-02 16:05:00,326,Technical,27,False,100
FL000044,2025-01-02,HEL,NRT,OH-A113,A350,2025-01-02 17:29:00,146,None,0,False,230
FL000045,2025-01-02,HEL,FRA,OH-A141,A350,2025-01-02 07:14:00,573,None,0,False,246
FL000046,2025-01-03,HEL,BCN,OH-A129,A350,2025-01-03 07:54:00,141,None,0,False,227
FL000047,2025-01-03,HEL,CPH,OH-A122,E190,2025-01-03 13:53:00,435,Technical,45,False,65
FL000048,2025-01-03,HEL,MUC,OH-A128,A321,2025-01-03 20:49:00,125,None,0,False,183
FL000049,2025-01-03,HEL,BKK,OH-A104,A321,2025-01-03 16:11:00,325,None,0,False,133
FL000050,2025-01-03,HEL,FCO,OH-A132,A321,2025-01-03 10:40:00,465,ATC,40,False,190
FL000051,2025-01-03,HEL,CPH,OH-A117,A321,2025-01-03 10:20:00,351,None,0,False,122
FL000052,2025-01-03,HEL,BKK,OH-A144,A350,2025-01-03 12:26:00,364,None,0,False,186
FL000053,2025-01-03,HEL,BKK,OH-A126,A320,2025-01-03 20:54:00,590,Technical,56,False,147
FL000054,2025-01-03,HEL,OSL,OH-A147,A321,2025-01-03 17:12:00,47,Ground Handling,48,False,198
FL000055,2025-01-03,HEL,JFK,OH-A130,A350,2025-01-03 07:04:00,115,None,0,False,236
FL000056,2025-01-03,HEL,AMS,OH-A100,A350,2025-01-03 12:43:00,100,Crew,5,False,205
FL000057,2025-01-03,HEL,BCN,OH-A121,A320,2025-01-03 10:07:00,51,ATC,41,False,126
FL000058,2025-01-03,HEL,FRA,OH-A147,A321,2025-01-03 19:56:00,70,None,0,False,118
FL000059,2025-01-03,HEL,FCO,OH-A105,E190,2025-01-03 21:59:00,427,None,0,False,83
FL000060,2025-01-03,HEL,BKK,OH-A104,A321,2025-01-03 20:14:00,436,None,0,False,157
FL000061,2025-01-03,HEL,JFK,OH-A106,A350,2025-01-03 18:12:00,536,None,0,False,202
FL000062,2025-01-03,HEL,BKK,OH-A131,E190,2025-01-03 05:36:00,567,None,0,False,92
FL000063,2025-01-03,HEL,BKK,OH-A129,A350,2025-01-03 18:37:00,608,None,0,False,196
FL000064,2025-01-03,HEL,CPH,OH-A102,E190,2025-01-03 18:36:00,429,ATC,39,False,92
FL000065,2025-01-03,HEL,LHR,OH-A140,A320,2025-01-03 05:40:00,301,None,0,False,150
FL000066,2025-01-03,HEL,FCO,OH-A124,A350,2025-01-03 17:40:00,355,None,0,False,223
FL000067,2025-01-03,HEL,BCN,OH-A107,A350,2025-01-03 17:29:00,512,None,0,False,176
FL000068,2025-01-03,HEL,ARN,OH-A134,A320,2025-01-03 21:39:00,345,None,0,False,100
FL000069,2025-01-03,HEL,CPH,OH-A129,A350,2025-01-03 05:43:00,47,ATC,5,False,213
FL000070,2025-01-03,HEL,MUC,OH-A104,A321,2025-01-03 08:07:00,487,Late Aircraft,18,False,138
FL000071,2025-01-04,HEL,NRT,OH-A106,A350,2025-01-04 21:32:00,113,None,0,False,181
FL000072,2025-01-04,HEL,BCN,OH-A129,A350,2025-01-04 18:21:00,291,None,0,False,245
FL000073,2025-01-04,HEL,FRA,OH-A107,A350,2025-01-04 19:16:00,280,None,0,False,192
FL000074,2025-01-04,HEL,OSL,OH-A144,A350,2025-01-04 10:04:00,65,None,0,False,219
FL000075,2025-01-04,HEL,LHR,OH-A104,A321,2025-01-04 10:57:00,374,Weather,27,False,168
FL000076,2025-01-04,HEL,BKK,OH-A129,A350,2025-01-04 09:11:00,226,None,0,False,269
FL000077,2025-01-04,HEL,MUC,OH-A125,A321,2025-01-04 13:56:00,404,None,0,False,148
FL000078,2025-01-04,HEL,CDG,OH-A126,A320,2025-01-04 07:10:00,554,None,0,False,168
FL000079,2025-01-04,HEL,AMS,OH-A112,A350,2025-01-04 09:10:00,504,Crew,51,False,205
FL000080,2025-01-04,HEL,BCN,OH-A139,A350,2025-01-04 06:19:00,76,None,0,False,200
FL000081,2025-01-04,HEL,MUC,OH-A135,A321,2025-01-04 06:07:00,225,None,0,False,185
FL000082,2025-01-04,HEL,MAD,OH-A133,A320,2025-01-04 12:03:00,537,None,0,False,124
FL000083,2025-01-04,HEL,LHR,OH-A132,A321,2025-01-04 13:38:00,113,Ground Handling,95,False,149
FL000084,2025-01-04,HEL,MAD,OH-A120,A350,2025-01-04 18:06:00,223,Weather,27,False,255
FL000085,2025-01-04,HEL,FRA,OH-A116,A320,2025-01-04 16:28:00,51,None,0,False,111
FL000086,2025-01-04,HEL,BKK,OH-A134,A320,2025-01-04 12:06:00,140,Late Aircraft,10,False,161
FL000087,2025-01-04,HEL,OSL,OH-A138,A321,2025-01-04 16:03:00,614,None,0,False,127
FL000088,2025-01-04,HEL,OSL,OH-A115,A321,2025-01-04 19:12:00,91,None,0,False,186
FL000089,2025-01-04,HEL,FRA,OH-A144,A350,2025-01-04 10:12:00,131,ATC,46,False,187
FL000090,2025-01-04,HEL,MUC,OH-A109,A320,2025-01-04 08:18:00,212,None,0,False,134
FL000091,2025-01-04,HEL,MAD,OH-A100,A350,2025-01-04 09:34:00,93,Crew,41,False,195
FL000092,2025-01-04,HEL,AMS,OH-A119,A350,2025-01-04 18:30:00,430,None,0,False,265
FL000093,2025-01-04,HEL,NRT,OH-A135,A321,2025-01-04 19:58:00,355,Crew,48,False,146
FL000094,2025-01-04,HEL,FRA,OH-A133,A320,2025-01-04 11:17:00,534,ATC,16,False,135
FL000095,2025-01-05,HEL,CDG,OH-A129,A350,2025-01-05 16:44:00,578,None,0,False,223
FL000096,2025-01-05,HEL,BCN,OH-A127,A321,2025-01-05 12:03:00,49,Weather,39,False,140
FL000097,2025-01-05,HEL,FRA,OH-A138,A321,2025-01-05 19:56:00,401,Technical,44,False,159
FL000098,2025-01-05,HEL,JFK,OH-A113,A350,2025-01-05 15:35:00,598,Crew,52,False,268
FL000099,2025-01-05,HEL,MUC,OH-A138,A321,2025-01-05 16:02:00,298,None,0,False,167
FL000100,2025-01-05,HEL,MUC,OH-A105,E190,2025-01-05 07:37:00,611,Weather,5,False,68
FL000101,2025-01-05,HEL,CPH,OH-A124,A350,2025-01-05 21:22:00,491,Late Aircraft,41,False,229
FL000102,2025-01-05,HEL,ARN,OH-A111,E190,2025-01-05 06:15:00,281,None,0,False,91
FL000103,2025-01-05,HEL,AMS,OH-A125,A321,2025-01-05 09:31:00,506,Crew,46,False,202
FL000104,2025-01-05,HEL,BKK,OH-A145,A350,2025-01-05 11:16:00,73,None,0,False,177
FL000105,2025-01-05,HEL,NRT,OH-A131,E190,2025-01-05 05:08:00,489,Weather,52,False,94
FL000106,2025-01-05,HEL,BCN,OH-A143,A321,2025-01-05 06:43:00,179,Crew,35,False,173
FL000107,2025-01-05,HEL,BCN,OH-A112,A350,2025-01-05 14:01:00,434,None,0,False,166
FL000108,2025-01-05,HEL,AMS,OH-A129,A350,2025-01-05 09:19:00,431,Crew,75,False,195
FL000109,2025-01-05,HEL,OSL,OH-A143,A321,2025-01-05 17:03:00,216,None,0,False,170
FL000110,2025-01-05,HEL,ARN,OH-A126,A320,2025-01-05 19:43:00,554,None,0,False,110
FL000111,2025-01-05,HEL,CDG,OH-A121,A320,2025-01-05 12:13:00,457,Late Aircraft,39,False,159
FL000112,2025-01-05,HEL,CDG,OH-A125,A321,2025-01-05 07:01:00,123,Late Aircraft,5,False,169
FL000113,2025-01-05,HEL,OSL,OH-A102,E190,2025-01-05 13:25:00,270,None,0,False,97
FL000114,2025-01-05,HEL,LHR,OH-A104,A321,2025-01-05 06:24:00,255,None,0,False,120
FL000115,2025-01-05,HEL,ARN,OH-A114,A320,2025-01-05 21:22:00,305,None,0,False,145
FL000116,2025-01-06,HEL,BKK,OH-A111,E190,2025-01-06 10:28:00,217,None,0,False,55
FL000117,2025-01-06,HEL,BKK,OH-A113,A350,2025-01-06 14:32:00,79,Technical,30,False,279
FL000118,2025-01-06,HEL,FCO,OH-A122,E190,2025-01-06 21:54:00,591,None,0,False,85
FL000119,2025-01-06,HEL,MUC,OH-A143,A321,2025-01-06 18:23:00,198,None,0,False,144
FL000120,2025-01-06,HEL,MUC,OH-A104,A321,2025-01-06 16:05:00,290,Ground Handling,42,False,127
FL000121,2025-01-06,HEL,BKK,OH-A101,A320,2025-01-06 21:18:00,584,None,0,False,99
FL000122,2025-01-06,HEL,LHR,OH-A111,E190,2025-01-06 06:06:00,373,None,0,False,91
FL000123,2025-01-06,HEL,CDG,OH-A115,A321,2025-01-06 05:51:00,72,None,0,False,188
FL000124,2025-01-06,HEL,NRT,OH-A102,E190,2025-01-06 16:52:00,561,None,0,False,77
FL000125,2025-01-06,HEL,AMS,OH-A118,A350,2025-01-06 12:04:00,177,None,0,False,218
FL000126,2025-01-06,HEL,LHR,OH-A141,A350,2025-01-06 05:01:00,138,None,0,False,166
FL000127,2025-01-06,HEL,MUC,OH-A115,A321,2025-01-06 12:19:00,280,Technical,9,False,135
FL000128,2025-01-06,HEL,CDG,OH-A115,A321,2025-01-06 09:07:00,388,None,0,False,146
FL000129,2025-01-06,HEL,NRT,OH-A110,A320,2025-01-06 10:37:00,472,Ground Handling,6,False,164
FL000130,2025-01-06,HEL,NRT,OH-A134,A320,2025-01-06 07:33:00,155,None,0,False,96
FL000131,2025-01-06,HEL,CDG,OH-A144,A350,2025-01-06 05:09:00,96,None,0,False,183
FL000132,2025-01-06,HEL,MUC,OH-A105,E190,2025-01-06 15:32:00,451,None,0,False,65
FL000133,2025-01-06,HEL,BKK,OH-A128,A321,2025-01-06 19:26:00,440,None,0,False,165
FL000134,2025-01-06,HEL,FCO,OH-A129,A350,2025-01-06 07:45:00,308,Technical,12,False,196
FL000135,2025-01-06,HEL,LHR,OH-A144,A350,2025-01-06 12:43:00,365,None,0,False,173
FL000136,2025-01-06,HEL,BCN,OH-A117,A321,2025-01-06 18:49:00,467,None,0,False,124
FL000137,2025-01-06,HEL,BCN,OH-A128,A321,2025-01-06 08:40:00,215,None,0,False,193
FL000138,2025-01-06,HEL,MAD,OH-A103,A350,2025-01-06 05:30:00,540,None,0,False,257
FL000139,2025-01-06,HEL,ARN,OH-A107,A350,2025-01-06 17:19:00,424,Weather,78,False,179
FL000140,2025-01-06,HEL,CDG,OH-A142,A350,2025-01-06 15:05:00,130,None,0,False,253
FL000141,2025-01-06,HEL,JFK,OH-A133,A320,2025-01-06 07:56:00,79,None,0,False,116
FL000142,2025-01-07,HEL,NRT,OH-A134,A320,2025-01-07 12:36:00,74,None,0,False,142
FL000143,2025-01-07,HEL,ARN,OH-A146,A320,2025-01-07 08:13:00,525,None,0,False,96
FL000144,2025-01-07,HEL,MUC,OH-A140,A320,2025-01-07 19:15:00,547,None,0,False,115
FL000145,2025-01-07,HEL,BKK,OH-A125,A321,2025-01-07 17:46:00,272,Weather,62,False,179
FL000146,2025-01-07,HEL,BCN,OH-A134,A320,2025-01-07 07:32:00,610,None,0,False,128
FL000147,2025-01-07,HEL,BCN,OH-A101,A320,2025-01-07 11:05:00,502,None,0,False,136
FL000148,2025-01-07,HEL,AMS,OH-A137,A320,2025-01-07 16:10:00,556,Weather,41,False,126
FL000149,2025-01-07,HEL,CPH,OH-A112,A350,2025-01-07 16:35:00,147,Crew,42,False,189
FL000150,2025-01-07,HEL,BCN,OH-A116,A320,2025-01-07 19:57:00,315,ATC,35,False,153
FL000151,2025-01-07,HEL,NRT,OH-A104,A321,2025-01-07 16:05:00,471,Technical,74,False,184
FL000152,2025-01-07,HEL,CPH,OH-A137,A320,2025-01-07 16:53:00,564,Technical,26,False,164
FL000153,2025-01-07,HEL,NRT,OH-A120,A350,2025-01-07 12:44:00,472,Late Aircraft,35,False,166
FL000154,2025-01-07,HEL,AMS,OH-A144,A350,2025-01-07 15:41:00,555,None,0,False,216
FL000155,2025-01-07,HEL,MUC,OH-A127,A321,2025-01-07 11:32:00,379,None,0,False,153
FL000156,2025-01-07,HEL,OSL,OH-A124,A350,2025-01-07 06:09:00,313,None,0,False,189
FL000157,2025-01-07,HEL,BCN,OH-A136,A321,2025-01-07 10:38:00,120,Weather,5,False,129
FL000158,2025-01-07,HEL,OSL,OH-A134,A320,2025-01-07 08:22:00,185,Technical,37,False,102
FL000159,2025-01-07,HEL,LHR,OH-A122,E190,2025-01-07 21:35:00,161,None,0,False,63
FL000160,2025-01-08,HEL,LHR,OH-A143,A321,2025-01-08 21:44:00,105,Late Aircraft,5,False,153
FL000161,2025-01-08,HEL,CPH,OH-A106,A350,2025-01-08 10:10:00,586,None,0,False,273
FL000162,2025-01-08,HEL,ARN,OH-A140,A320,2025-01-08 15:29:00,472,None,0,False,101
FL000163,2025-01-08,HEL,ARN,OH-A112,A350,2025-01-08 07:43:00,306,Crew,18,False,262
FL000164,2025-01-08,HEL,FRA,OH-A114,A320,2025-01-08 11:18:00,532,None,0,False,97
FL000165,2025-01-08,HEL,CPH,OH-A137,A320,2025-01-08 08:30:00,69,Ground Handling,86,False,153
FL000166,2025-01-08,HEL,BKK,OH-A104,A321,2025-01-08 09:29:00,266,Crew,16,False,119
FL000167,2025-01-08,HEL,LHR,OH-A121,A320,2025-01-08 09:10:00,151,Weather,63,False,154
FL000168,2025-01-08,HEL,MAD,OH-A116,A320,2025-01-08 14:01:00,352,None,0,False,118
FL000169,2025-01-08,HEL,MAD,OH-A107,A350,2025-01-08 20:58:00,66,ATC,20,False,201
FL000170,2025-01-08,HEL,FRA,OH-A123,E190,2025-01-08 14:00:00,304,None,0,False,71
FL000171,2025-01-08,HEL,NRT,OH-A106,A350,2025-01-08 07:08:00,251,Ground Handling,64,False,182
FL000172,2025-01-08,HEL,CPH,OH-A107,A350,2025-01-08 14:25:00,259,None,0,False,281
FL000173,2025-01-08,HEL,LHR,OH-A101,A320,2025-01-08 07:01:00,263,ATC,57,False,100
FL000174,2025-01-08,HEL,LHR,OH-A122,E190,2025-01-08 11:48:00,603,None,0,False,93
FL000175,2025-01-08,HEL,CPH,OH-A147,A321,2025-01-08 18:54:00,126,Weather,5,False,193
FL000176,2025-01-08,HEL,CDG,OH-A144,A350,2025-01-08 10:48:00,437,None,0,False,170
FL000177,2025-01-08,HEL,CDG,OH-A138,A321,2025-01-08 15:35:00,423,Technical,45,False,134
FL000178,2025-01-08,HEL,FCO,OH-A144,A350,2025-01-08 12:26:00,350,None,0,True,237
FL000179,2025-01-08,HEL,CDG,OH-A147,A321,2025-01-08 09:46:00,206,None,0,False,190
FL000180,2025-01-08,HEL,NRT,OH-A106,A350,2025-01-08 07:35:00,294,None,0,False,183
FL000181,2025-01-08,HEL,FCO,OH-A144,A350,2025-01-08 10:25:00,417,Weather,62,False,251
FL000182,2025-01-09,HEL,CPH,OH-A125,A321,2025-01-09 16:13:00,476,None,0,False,182
FL000183,2025-01-09,HEL,FRA,OH-A117,A321,2025-01-09 17:33:00,467,None,0,False,128
FL000184,2025-01-09,HEL,BCN,OH-A134,A320,2025-01-09 13:39:00,384,ATC,55,False,127
FL000185,2025-01-09,HEL,BKK,OH-A116,A320,2025-01-09 11:56:00,445,None,0,False,161
FL000186,2025-01-09,HEL,MUC,OH-A104,A321,2025-01-09 16:20:00,231,None,0,False,143
FL000187,2025-01-09,HEL,CDG,OH-A100,A350,2025-01-09 10:33:00,555,None,0,False,289
FL000188,2025-01-09,HEL,MUC,OH-A141,A350,2025-01-09 09:11:00,476,None,0,False,280
FL000189,2025-01-09,HEL,OSL,OH-A113,A350,2025-01-09 07:21:00,485,None,0,False,286
FL000190,2025-01-09,HEL,CPH,OH-A143,A321,2025-01-09 08:26:00,471,None,0,False,187
FL000191,2025-01-09,HEL,MAD,OH-A145,A350,2025-01-09 15:22:00,379,None,0,False,171
FL000192,2025-01-09,HEL,BKK,OH-A115,A321,2025-01-09 21:35:00,457,None,0,False,166
FL000193,2025-01-09,HEL,JFK,OH-A101,A320,2025-01-09 11:48:00,355,ATC,59,False,109
FL000194,2025-01-09,HEL,BCN,OH-A144,A350,2025-01-09 19:31:00,532,None,0,False,258
FL000195,2025-01-09,HEL,ARN,OH-A123,E190,2025-01-09 15:44:00,299,None,0,False,73
FL000196,2025-01-09,HEL,BKK,OH-A143,A321,2025-01-09 20:42:00,593,Crew,45,False,209
FL000197,2025-01-09,HEL,FRA,OH-A136,A321,2025-01-09 17:57:00,179,None,0,False,181
FL000198,2025-01-09,HEL,CDG,OH-A111,E190,2025-01-09 15:57:00,393,None,0,False,76
FL000199,2025-01-09,HEL,NRT,OH-A128,A321,2025-01-09 11:58:00,253,None,0,False,141
FL000200,2025-01-09,HEL,FCO,OH-A141,A350,2025-01-09 07:51:00,373,None,0,False,224
FL000201,2025-01-09,HEL,FCO,OH-A138,A321,2025-01-09 19:15:00,122,None,0,False,172
FL000202,2025-01-09,HEL,LHR,OH-A105,E190,2025-01-09 11:37:00,111,Late Aircraft,12,False,56
FL000203,2025-01-09,HEL,BKK,OH-A120,A350,2025-01-09 15:32:00,275,Ground Handling,70,False,289
FL000204,2025-01-09,HEL,FRA,OH-A106,A350,2025-01-09 18:26:00,383,None,0,False,193
FL000205,2025-01-10,HEL,FRA,OH-A132,A321,2025-01-10 07:00:00,463,None,0,False,207
FL000206,2025-01-10,HEL,CPH,OH-A108,A321,2025-01-10 08:34:00,289,None,0,False,118
FL000207,2025-01-10,HEL,MAD,OH-A115,A321,2025-01-10 16:34:00,497,Crew,67,False,193
FL000208,2025-01-10,HEL,JFK,OH-A111,E190,2025-01-10 17:08:00,475,None,0,False,91
FL000209,2025-01-10,HEL,BCN,OH-A112,A350,2025-01-10 14:41:00,127,None,0,False,281
FL000210,2025-01-10,HEL,OSL,OH-A114,A320,2025-01-10 09:46:00,351,None,0,True,100
FL000211,2025-01-10,HEL,OSL,OH-A104,A321,2025-01-10 19:27:00,295,None,0,False,188
FL000212,2025-01-10,HEL,AMS,OH-A135,A321,2025-01-10 10:49:00,518,None,0,False,130
FL000213,2025-01-10,HEL,MUC,OH-A112,A350,2025-01-10 14:24:00,518,Technical,69,False,235
FL000214,2025-01-10,HEL,MUC,OH-A126,A320,2025-01-10 14:59:00,469,Technical,32,False,115
FL000215,2025-01-10,HEL,LHR,OH-A134,A320,2025-01-10 10:15:00,312,None,0,False,124
FL000216,2025-01-10,HEL,MUC,OH-A131,E190,2025-01-10 21:21:00,477,None,0,False,60
FL000217,2025-01-10,HEL,CDG,OH-A107,A350,2025-01-10 05:44:00,145,None,0,False,274
FL000218,2025-01-10,HEL,MAD,OH-A140,A320,2025-01-10 21:47:00,123,None,0,False,147
FL000219,2025-01-10,HEL,JFK,OH-A108,A321,2025-01-10 21:12:00,548,ATC,5,False,207
FL000220,2025-01-10,HEL,MAD,OH-A122,E190,2025-01-10 21:05:00,422,Weather,10,False,68
FL000221,2025-01-10,HEL,ARN,OH-A118,A350,2025-01-10 11:18:00,521,None,0,False,258
FL000222,2025-01-10,HEL,BKK,OH-A144,A350,2025-01-10 11:19:00,390,None,0,False,228
FL000223,2025-01-10,HEL,ARN,OH-A112,A350,2025-01-10 06:45:00,480,None,0,False,274
FL000224,2025-01-10,HEL,BKK,OH-A136,A321,2025-01-10 07:14:00,200,None,0,False,164
FL000225,2025-01-10,HEL,ARN,OH-A130,A350,2025-01-10 19:21:00,434,None,0,False,171
FL000226,2025-01-10,HEL,MUC,OH-A128,A321,2025-01-10 18:09:00,559,None,0,False,176
FL000227,2025-01-10,HEL,CPH,OH-A104,A321,2025-01-10 19:06:00,315,Ground Handling,53,False,159
FL000228,2025-01-10,HEL,CPH,OH-A122,E190,2025-01-10 12:53:00,381,None,0,False,63
FL000229,2025-01-11,HEL,CPH,OH-A142,A350,2025-01-11 20:48:00,63,None,0,False,169
FL000230,2025-01-11,HEL,AMS,OH-A105,E190,2025-01-11 15:31:00,309,None,0,False,99
FL000231,2025-01-11,HEL,OSL,OH-A136,A321,2025-01-11 18:56:00,104,None,0,False,156
FL000232,2025-01-11,HEL,CPH,OH-A102,E190,2025-01-11 11:49:00,165,None,0,False,58
FL000233,2025-01-11,HEL,AMS,OH-A127,A321,2025-01-11 18:42:00,571,None,0,False,145
FL000234,2025-01-11,HEL,MUC,OH-A123,E190,2025-01-11 13:23:00,350,Late Aircraft,37,False,91
FL000235,2025-01-11,HEL,OSL,OH-A128,A321,2025-01-11 07:10:00,315,None,0,False,208
FL000236,2025-01-11,HEL,CPH,OH-A104,A321,2025-01-11 19:43:00,504,None,0,False,178
FL000237,2025-01-11,HEL,CPH,OH-A119,A350,2025-01-11 12:20:00,297,None,0,False,271
FL000238,2025-01-11,HEL,MAD,OH-A144,A350,2025-01-11 11:39:00,465,None,0,False,293
FL000239,2025-01-11,HEL,NRT,OH-A127,A321,2025-01-11 12:51:00,265,None,0,False,149
FL000240,2025-01-11,HEL,OSL,OH-A115,A321,2025-01-11 10:52:00,602,None,0,False,143
FL000241,2025-01-11,HEL,CDG,OH-A107,A350,2025-01-11 17:17:00,332,None,0,False,268
FL000242,2025-01-11,HEL,CDG,OH-A127,A321,2025-01-11 17:50:00,480,None,0,False,207
FL000243,2025-01-11,HEL,AMS,OH-A144,A350,2025-01-11 15:09:00,149,None,0,False,251
FL000244,2025-01-11,HEL,LHR,OH-A145,A350,2025-01-11 11:40:00,532,ATC,19,True,246
FL000245,2025-01-11,HEL,ARN,OH-A101,A320,2025-01-11 16:34:00,583,None,0,False,121
FL000246,2025-01-11,HEL,MUC,OH-A135,A321,2025-01-11 19:29:00,131,None,0,False,157
FL000247,2025-01-11,HEL,AMS,OH-A100,A350,2025-01-11 18:22:00,371,None,0,False,296
FL000248,2025-01-11,HEL,CDG,OH-A117,A321,2025-01-11 14:36:00,534,None,0,False,155
FL000249,2025-01-11,HEL,LHR,OH-A137,A320,2025-01-11 13:26:00,131,None,0,False,101
FL000250,2025-01-11,HEL,BKK,OH-A146,A320,2025-01-11 19:32:00,500,None,0,False,171
FL000251,2025-01-11,HEL,BCN,OH-A142,A350,2025-01-11 11:21:00,378,None,0,False,231
FL000252,2025-01-11,HEL,AMS,OH-A123,E190,2025-01-11 14:35:00,185,Late Aircraft,10,False,98
FL000253,2025-01-11,HEL,OSL,OH-A117,A321,2025-01-11 12:05:00,118,None,0,False,135
FL000254,2025-01-11,HEL,JFK,OH-A140,A320,2025-01-11 09:50:00,84,None,0,False,100
FL000255,2025-01-12,HEL,BKK,OH-A146,A320,2025-01-12 20:50:00,345,None,0,False,112
FL000256,2025-01-12,HEL,MUC,OH-A123,E190,2025-01-12 08:09:00,242,Ground Handling,41,False,59
FL000257,2025-01-12,HEL,MUC,OH-A119,A350,2025-01-12 09:10:00,605,None,0,False,173
FL000258,2025-01-12,HEL,FRA,OH-A142,A350,2025-01-12 11:07:00,409,None,0,False,220
FL000259,2025-01-12,HEL,FRA,OH-A109,A320,2025-01-12 11:16:00,352,Ground Handling,43,False,174
FL000260,2025-01-12,HEL,MAD,OH-A126,A320,2025-01-12 13:52:00,218,None,0,False,167
FL000261,2025-01-12,HEL,BCN,OH-A136,A321,2025-01-12 20:29:00,526,None,0,False,125
FL000262,2025-01-12,HEL,OSL,OH-A144,A350,2025-01-12 17:16:00,134,ATC,24,False,235
FL000263,2025-01-12,HEL,BCN,OH-A138,A321,2025-01-12 21:48:00,300,Ground Handling,56,False,120
FL000264,2025-01-12,HEL,MAD,OH-A124,A350,2025-01-12 08:21:00,209,None,0,False,293
FL000265,2025-01-12,HEL,CPH,OH-A106,A350,2025-01-12 14:11:00,452,Late Aircraft,45,False,275
FL000266,2025-01-12,HEL,AMS,OH-A130,A350,2025-01-12 20:41:00,117,None,0,False,270
FL000267,2025-01-12,HEL,JFK,OH-A146,A320,2025-01-12 08:39:00,561,Weather,5,False,172
FL000268,2025-01-12,HEL,BCN,OH-A141,A350,2025-01-12 09:45:00,267,None,0,False,211
FL000269,2025-01-12,HEL,CPH,OH-A134,A320,2025-01-12 14:39:00,89,None,0,False,157
FL000270,2025-01-12,HEL,ARN,OH-A140,A320,2025-01-12 06:28:00,397,None,0,False,97
FL000271,2025-01-12,HEL,BCN,OH-A113,A350,2025-01-12 18:54:00,606,None,0,False,192
FL000272,2025-01-12,HEL,FRA,OH-A141,A350,2025-01-12 05:41:00,606,None,0,False,194
FL000273,2025-01-13,HEL,ARN,OH-A119,A350,2025-01-13 15:33:00,296,None,0,False,290
FL000274,2025-01-13,HEL,OSL,OH-A105,E190,2025-01-13 12:11:00,355,None,0,False,63
FL000275,2025-01-13,HEL,OSL,OH-A108,A321,2025-01-13 07:45:00,431,None,0,False,155
FL000276,2025-01-13,HEL,OSL,OH-A143,A321,2025-01-13 17:09:00,142,None,0,False,203
FL000277,2025-01-13,HEL,MUC,OH-A128,A321,2025-01-13 14:01:00,331,None,0,False,163
FL000278,2025-01-13,HEL,AMS,OH-A113,A350,2025-01-13 06:40:00,617,None,0,False,228
FL000279,2025-01-13,HEL,NRT,OH-A146,A320,2025-01-13 17:28:00,83,None,0,False,142
FL000280,2025-01-13,HEL,LHR,OH-A129,A350,2025-01-13 15:09:00,74,None,0,False,295
FL000281,2025-01-13,HEL,MUC,OH-A113,A350,2025-01-13 17:11:00,318,Crew,32,False,171
FL000282,2025-01-13,HEL,MAD,OH-A143,A321,2025-01-13 12:45:00,291,Crew,37,False,175
FL000283,2025-01-13,HEL,BCN,OH-A120,A350,2025-01-13 18:13:00,425,Ground Handling,13,False,253
FL000284,2025-01-13,HEL,JFK,OH-A130,A350,2025-01-13 11:16:00,511,Weather,5,False,231
FL000285,2025-01-13,HEL,OSL,OH-A128,A321,2025-01-13 10:56:00,473,None,0,False,126
FL000286,2025-01-13,HEL,MUC,OH-A105,E190,2025-01-13 08:49:00,474,None,0,False,96
FL000287,2025-01-13,HEL,JFK,OH-A104,A321,2025-01-13 18:38:00,594,None,0,False,128
FL000288,2025-01-13,HEL,NRT,OH-A115,A321,2025-01-13 08:12:00,349,Technical,54,False,198
FL000289,2025-01-13,HEL,BCN,OH-A136,A321,2025-01-13 18:23:00,250,None,0,False,159
FL000290,2025-01-13,HEL,MAD,OH-A111,E190,2025-01-13 11:30:00,222,None,0,False,60
FL000291,2025-01-13,HEL,NRT,OH-A107,A350,2025-01-13 12:11:00,85,Technical,6,False,227
FL000292,2025-01-13,HEL,BCN,OH-A109,A320,2025-01-13 12:28:00,302,None,0,False,160
FL000293,2025-01-13,HEL,BKK,OH-A108,A321,2025-01-13 08:55:00,146,None,0,False,158
FL000294,2025-01-13,HEL,CPH,OH-A143,A321,2025-01-13 07:58:00,477,None,0,False,144
FL000295,2025-01-13,HEL,CDG,OH-A100,A350,2025-01-13 16:55:00,297,None,0,False,203
FL000296,2025-01-13,HEL,CPH,OH-A125,A321,2025-01-13 06:00:00,483,None,0,False,203
FL000297,2025-01-13,HEL,CPH,OH-A101,A320,2025-01-13 15:36:00,543,None,0,False,174
FL000298,2025-01-13,HEL,FRA,OH-A139,A350,2025-01-13 13:34:00,567,None,0,False,269
FL000299,2025-01-13,HEL,LHR,OH-A134,A320,2025-01-13 14:52:00,54,None,0,False,133
FL000300,2025-01-14,HEL,MUC,OH-A119,A350,2025-01-14 09:33:00,475,None,0,False,221
FL000301,2025-01-14,HEL,FCO,OH-A116,A320,2025-01-14 14:28:00,616,None,0,False,112
FL000302,2025-01-14,HEL,MUC,OH-A109,A320,2025-01-14 05:59:00,474,Ground Handling,25,False,95
FL000303,2025-01-14,HEL,BCN,OH-A132,A321,2025-01-14 08:15:00,430,None,0,False,207
FL000304,2025-01-14,HEL,JFK,OH-A112,A350,2025-01-14 20:31:00,574,None,0,False,297
FL000305,2025-01-14,HEL,BKK,OH-A139,A350,2025-01-14 08:59:00,286,None,0,False,238
FL000306,2025-01-14,HEL,CPH,OH-A112,A350,2025-01-14 12:18:00,48,None,0,False,267
FL000307,2025-01-14,HEL,MAD,OH-A137,A320,2025-01-14 18:07:00,394,None,0,False,162
FL000308,2025-01-14,HEL,LHR,OH-A110,A320,2025-01-14 05:04:00,434,None,0,False,165
FL000309,2025-01-14,HEL,OSL,OH-A101,A320,2025-01-14 08:32:00,165,None,0,False,156
FL000310,2025-01-14,HEL,JFK,OH-A104,A321,2025-01-14 11:43:00,125,Weather,5,False,130
FL000311,2025-01-14,HEL,ARN,OH-A109,A320,2025-01-14 11:58:00,369,None,0,False,137
FL000312,2025-01-14,HEL,JFK,OH-A130,A350,2025-01-14 16:44:00,469,Late Aircraft,46,False,195
FL000313,2025-01-14,HEL,FCO,OH-A144,A350,2025-01-14 09:10:00,86,Weather,33,False,218
FL000314,2025-01-14,HEL,BKK,OH-A122,E190,2025-01-14 08:24:00,120,None,0,False,65
FL000315,2025-01-14,HEL,MAD,OH-A113,A350,2025-01-14 18:31:00,155,ATC,25,False,244
FL000316,2025-01-14,HEL,NRT,OH-A113,A350,2025-01-14 09:19:00,113,None,0,False,232
FL000317,2025-01-14,HEL,CPH,OH-A119,A350,2025-01-14 08:49:00,579,Crew,43,False,174
FL000318,2025-01-14,HEL,NRT,OH-A107,A350,2025-01-14 15:52:00,497,Technical,64,False,245
FL000319,2025-01-14,HEL,OSL,OH-A140,A320,2025-01-14 19:25:00,187,None,0,False,163
FL000320,2025-01-14,HEL,CDG,OH-A141,A350,2025-01-14 10:11:00,356,None,0,False,244
FL000321,2025-01-14,HEL,CPH,OH-A106,A350,2025-01-14 18:16:00,115,Ground Handling,5,False,170
FL000322,2025-01-15,HEL,OSL,OH-A138,A321,2025-01-15 18:09:00,186,None,0,False,184
FL000323,2025-01-15,HEL,MUC,OH-A138,A321,2025-01-15 10:43:00,153,Ground Handling,53,False,190
FL000324,2025-01-15,HEL,BKK,OH-A107,A350,2025-01-15 11:40:00,610,None,0,False,210
FL000325,2025-01-15,HEL,FCO,OH-A103,A350,2025-01-15 08:46:00,612,None,0,False,175
FL000326,2025-01-15,HEL,ARN,OH-A104,A321,2025-01-15 13:46:00,208,None,0,False,189
FL000327,2025-01-15,HEL,JFK,OH-A123,E190,2025-01-15 18:15:00,553,Technical,5,False,68
FL000328,2025-01-15,HEL,OSL,OH-A114,A320,2025-01-15 20:53:00,423,None,0,False,161
FL000329,2025-01-15,HEL,FCO,OH-A144,A350,2025-01-15 10:26:00,454,None,0,False,239
FL000330,2025-01-15,HEL,BCN,OH-A121,A320,2025-01-15 18:54:00,245,None,0,False,164
FL000331,2025-01-15,HEL,CDG,OH-A119,A350,2025-01-15 19:44:00,588,Weather,31,False,169
FL000332,2025-01-15,HEL,AMS,OH-A110,A320,2025-01-15 17:29:00,473,None,0,False,165
FL000333,2025-01-15,HEL,CPH,OH-A119,A350,2025-01-15 18:35:00,493,None,0,False,196
FL000334,2025-01-15,HEL,BKK,OH-A116,A320,2025-01-15 12:31:00,596,None,0,False,151
FL000335,2025-01-15,HEL,LHR,OH-A144,A350,2025-01-15 06:44:00,350,None,0,False,227
FL000336,2025-01-15,HEL,CDG,OH-A114,A320,2025-01-15 05:17:00,160,Technical,5,False,166
FL000337,2025-01-15,HEL,MUC,OH-A106,A350,2025-01-15 09:28:00,126,ATC,20,False,294
FL000338,2025-01-15,HEL,MAD,OH-A139,A350,2025-01-15 09:56:00,142,None,0,False,191
FL000339,2025-01-15,HEL,MUC,OH-A118,A350,2025-01-15 06:02:00,86,None,0,False,296
FL000340,2025-01-15,HEL,MUC,OH-A125,A321,2025-01-15 17:29:00,520,Technical,35,False,169
FL000341,2025-01-15,HEL,BCN,OH-A114,A320,2025-01-15 12:28:00,412,Weather,22,False,136
FL000342,2025-01-15,HEL,NRT,OH-A108,A321,2025-01-15 06:09:00,313,Technical,37,False,130
FL000343,2025-01-15,HEL,AMS,OH-A136,A321,2025-01-15 18:35:00,186,None,0,False,194
FL000344,2025-01-15,HEL,JFK,OH-A131,E190,2025-01-15 19:59:00,537,Technical,22,False,58
FL000345,2025-01-15,HEL,JFK,OH-A121,A320,2025-01-15 16:03:00,441,None,0,False,167
FL000346,2025-01-15,HEL,BKK,OH-A111,E190,2025-01-15 10:45:00,211,None,0,False,80
FL000347,2025-01-15,HEL,NRT,OH-A107,A350,2025-01-15 20:43:00,403,Weather,15,False,181
FL000348,2025-01-16,HEL,CPH,OH-A123,E190,2025-01-16 15:32:00,92,ATC,5,False,84
FL000349,2025-01-16,HEL,FCO,OH-A128,A321,2025-01-16 17:32:00,619,None,0,False,178
FL000350,2025-01-16,HEL,FRA,OH-A123,E190,2025-01-16 20:40:00,340,None,0,False,99
FL000351,2025-01-16,HEL,ARN,OH-A146,A320,2025-01-16 12:39:00,340,None,0,False,106
FL000352,2025-01-16,HEL,AMS,OH-A104,A321,2025-01-16 05:00:00,382,None,0,False,165
FL000353,2025-01-16,HEL,FRA,OH-A135,A321,2025-01-16 05:32:00,452,None,0,False,124
FL000354,2025-01-16,HEL,CPH,OH-A145,A350,2025-01-16 07:50:00,600,None,0,False,216
FL000355,2025-01-16,HEL,BKK,OH-A130,A350,2025-01-16 12:00:00,222,Technical,5,False,290
FL000356,2025-01-16,HEL,LHR,OH-A124,A350,2025-01-16 17:51:00,134,Crew,5,False,260
FL000357,2025-01-16,HEL,CDG,OH-A113,A350,2025-01-16 09:15:00,246,None,0,False,264
FL000358,2025-01-16,HEL,FRA,OH-A147,A321,2025-01-16 21:50:00,50,None,0,False,183
FL000359,2025-01-16,HEL,JFK,OH-A141,A350,2025-01-16 20:51:00,276,None,0,False,253
FL000360,2025-01-16,HEL,FCO,OH-A139,A350,2025-01-16 10:09:00,174,None,0,False,223
FL000361,2025-01-16,HEL,FCO,OH-A147,A321,2025-01-16 20:24:00,573,Technical,36,False,175
FL000362,2025-01-16,HEL,LHR,OH-A126,A320,2025-01-16 14:31:00,91,None,0,False,128
FL000363,2025-01-16,HEL,JFK,OH-A119,A350,2025-01-16 17:44:00,435,None,0,False,234
FL000364,2025-01-16,HEL,JFK,OH-A106,A350,2025-01-16 08:12:00,292,Crew,5,False,177
FL000365,2025-01-16,HEL,FRA,OH-A136,A321,2025-01-16 14:25:00,611,None,0,False,124
FL000366,2025-01-16,HEL,MUC,OH-A108,A321,2025-01-16 16:08:00,191,None,0,False,114
FL000367,2025-01-16,HEL,ARN,OH-A102,E190,2025-01-16 14:53:00,575,None,0,False,59
FL000368,2025-01-16,HEL,FCO,OH-A107,A350,2025-01-16 15:18:00,343,None,0,False,214
FL000369,2025-01-16,HEL,BKK,OH-A103,A350,2025-01-16 18:38:00,304,ATC,38,False,243
FL000370,2025-01-16,HEL,FRA,OH-A143,A321,2025-01-16 14:20:00,238,None,0,False,191
FL000371,2025-01-16,HEL,MUC,OH-A131,E190,2025-01-16 17:19:00,126,None,0,False,95
FL000372,2025-01-17,HEL,MUC,OH-A130,A350,2025-01-17 13:52:00,491,Weather,60,False,272
FL000373,2025-01-17,HEL,CDG,OH-A129,A350,2025-01-17 16:48:00,391,None,0,False,196
FL000374,2025-01-17,HEL,NRT,OH-A127,A321,2025-01-17 07:45:00,306,None,0,False,153
FL000375,2025-01-17,HEL,FRA,OH-A127,A321,2025-01-17 12:24:00,577,ATC,31,False,133
FL000376,2025-01-17,HEL,FCO,OH-A124,A350,2025-01-17 13:39:00,592,Technical,23,False,164
FL000377,2025-01-17,HEL,AMS,OH-A111,E190,2025-01-17 08:15:00,603,None,0,False,80
FL000378,2025-01-17,HEL,FCO,OH-A102,E190,2025-01-17 20:56:00,397,None,0,False,83
FL000379,2025-01-17,HEL,LHR,OH-A124,A350,2025-01-17 16:15:00,133,None,0,False,262
FL000380,2025-01-17,HEL,FCO,OH-A108,A321,2025-01-17 13:54:00,533,None,0,False,159
FL000381,2025-01-17,HEL,ARN,OH-A144,A350,2025-01-17 07:13:00,602,None,0,False,261
FL000382,2025-01-17,HEL,CPH,OH-A118,A350,2025-01-17 17:22:00,171,Ground Handling,67,False,225
FL000383,2025-01-17,HEL,CDG,OH-A145,A350,2025-01-17 16:09:00,539,Crew,18,False,214
FL000384,2025-01-17,HEL,FRA,OH-A122,E190,2025-01-17 07:06:00,577,Weather,5,False,66
FL000385,2025-01-17,HEL,MAD,OH-A121,A320,2025-01-17 16:24:00,95,None,0,False,148
FL000386,2025-01-17,HEL,AMS,OH-A119,A350,2025-01-17 17:49:00,318,None,0,False,264
FL000387,2025-01-17,HEL,ARN,OH-A101,A320,2025-01-17 17:25:00,531,Crew,57,False,136
FL000388,2025-01-17,HEL,CDG,OH-A112,A350,2025-01-17 08:13:00,419,ATC,18,False,178
FL000389,2025-01-17,HEL,FRA,OH-A112,A350,2025-01-17 08:10:00,132,None,0,False,255
FL000390,2025-01-17,HEL,MUC,OH-A121,A320,2025-01-17 08:34:00,125,None,0,False,130
FL000391,2025-01-17,HEL,MAD,OH-A112,A350,2025-01-17 12:14:00,205,None,0,False,167
FL000392,2025-01-17,HEL,LHR,OH-A115,A321,2025-01-17 17:54:00,419,None,0,False,124
FL000393,2025-01-17,HEL,BCN,OH-A116,A320,2025-01-17 10:30:00,307,Technical,35,False,126
FL000394,2025-01-18,HEL,BCN,OH-A136,A321,2025-01-18 09:50:00,564,Technical,32,False,208
FL000395,2025-01-18,HEL,OSL,OH-A147,A321,2025-01-18 05:43:00,468,None,0,False,165
FL000396,2025-01-18,HEL,ARN,OH-A107,A350,2025-01-18 10:43:00,501,Late Aircraft,32,False,176
FL000397,2025-01-18,HEL,BCN,OH-A140,A320,2025-01-18 10:30:00,339,None,0,False,118
FL000398,2025-01-18,HEL,MUC,OH-A122,E190,2025-01-18 07:13:00,55,None,0,False,100
FL000399,2025-01-18,HEL,FCO,OH-A112,A350,2025-01-18 13:34:00,498,None,0,False,164
FL000400,2025-01-18,HEL,CDG,OH-A144,A350,2025-01-18 13:32:00,464,Late Aircraft,38,False,261
FL000401,2025-01-18,HEL,JFK,OH-A141,A350,2025-01-18 12:37:00,138,None,0,False,279
FL000402,2025-01-18,HEL,AMS,OH-A118,A350,2025-01-18 14:01:00,234,Late Aircraft,22,False,189
FL000403,2025-01-18,HEL,FCO,OH-A101,A320,2025-01-18 11:39:00,276,None,0,False,131
FL000404,2025-01-18,HEL,CPH,OH-A108,A321,2025-01-18 16:28:00,336,None,0,False,152
FL000405,2025-01-18,HEL,CPH,OH-A116,A320,2025-01-18 17:11:00,219,None,0,False,103
FL000406,2025-01-18,HEL,FCO,OH-A140,A320,2025-01-18 14:43:00,77,None,0,False,129
FL000407,2025-01-18,HEL,JFK,OH-A116,A320,2025-01-18 05:39:00,471,None,0,False,171
FL000408,2025-01-18,HEL,BKK,OH-A111,E190,2025-01-18 17:42:00,435,None,0,False,96
FL000409,2025-01-18,HEL,CDG,OH-A144,A350,2025-01-18 15:18:00,175,Weather,7,False,228
FL000410,2025-01-18,HEL,ARN,OH-A116,A320,2025-01-18 07:46:00,347,None,0,False,157
FL000411,2025-01-18,HEL,BKK,OH-A108,A321,2025-01-18 15:25:00,303,None,0,False,172
FL000412,2025-01-18,HEL,BCN,OH-A112,A350,2025-01-18 05:40:00,193,None,0,False,208
FL000413,2025-01-18,HEL,LHR,OH-A113,A350,2025-01-18 05:33:00,519,None,0,False,286
FL000414,2025-01-19,HEL,AMS,OH-A125,A321,2025-01-19 10:20:00,581,Technical,39,False,159
FL000415,2025-01-19,HEL,AMS,OH-A142,A350,2025-01-19 12:23:00,142,Technical,54,False,172
FL000416,2025-01-19,HEL,BKK,OH-A144,A350,2025-01-19 06:36:00,328,Late Aircraft,41,False,200
FL000417,2025-01-19,HEL,CDG,OH-A131,E190,2025-01-19 05:34:00,121,Technical,22,False,78
FL000418,2025-01-19,HEL,CDG,OH-A141,A350,2025-01-19 06:39:00,245,None,0,False,277
FL000419,2025-01-19,HEL,CDG,OH-A102,E190,2025-01-19 12:37:00,424,None,0,False,94
FL000420,2025-01-19,HEL,CDG,OH-A120,A350,2025-01-19 19:56:00,72,None,0,False,286
FL000421,2025-01-19,HEL,CPH,OH-A120,A350,2025-01-19 10:34:00,480,None,0,False,226
FL000422,2025-01-19,HEL,BCN,OH-A112,A350,2025-01-19 13:32:00,260,None,0,False,245
FL000423,2025-01-19,HEL,ARN,OH-A127,A321,2025-01-19 12:01:00,361,Crew,37,False,114
FL000424,2025-01-19,HEL,LHR,OH-A137,A320,2025-01-19 21:26:00,330,Crew,26,False,139
FL000425,2025-01-19,HEL,OSL,OH-A108,A321,2025-01-19 18:54:00,175,None,0,False,129
FL000426,2025-01-19,HEL,CDG,OH-A144,A350,2025-01-19 06:57:00,585,None,0,False,198
FL000427,2025-01-19,HEL,FCO,OH-A102,E190,2025-01-19 15:09:00,238,Technical,25,False,68
FL000428,2025-01-19,HEL,BCN,OH-A112,A350,2025-01-19 16:16:00,85,None,0,False,198
FL000429,2025-01-19,HEL,BKK,OH-A142,A350,2025-01-19 08:09:00,193,None,0,False,208
FL000430,2025-01-19,HEL,CDG,OH-A134,A320,2025-01-19 12:31:00,327,None,0,False,152
FL000431,2025-01-19,HEL,NRT,OH-A147,A321,2025-01-19 12:44:00,484,ATC,50,False,202
FL000432,2025-01-19,HEL,ARN,OH-A104,A321,2025-01-19 06:56:00,561,ATC,16,False,145
FL000433,2025-01-19,HEL,MUC,OH-A117,A321,2025-01-19 12:41:00,437,None,0,False,166
FL000434,2025-01-19,HEL,JFK,OH-A143,A321,2025-01-19 09:18:00,538,Weather,47,False,125
FL000435,2025-01-20,HEL,CPH,OH-A122,E190,2025-01-20 14:14:00,257,None,0,False,66
FL000436,2025-01-20,HEL,CDG,OH-A133,A320,2025-01-20 10:13:00,195,None,0,False,145
FL000437,2025-01-20,HEL,BCN,OH-A133,A320,2025-01-20 21:57:00,351,None,0,False,156
FL000438,2025-01-20,HEL,MAD,OH-A112,A350,2025-01-20 10:05:00,600,ATC,45,False,233
FL000439,2025-01-20,HEL,FRA,OH-A134,A320,2025-01-20 21:50:00,291,Late Aircraft,67,False,150
FL000440,2025-01-20,HEL,CPH,OH-A121,A320,2025-01-20 05:30:00,368,Technical,32,False,105
FL000441,2025-01-20,HEL,JFK,OH-A140,A320,2025-01-20 15:10:00,544,None,0,False,145
FL000442,2025-01-20,HEL,BKK,OH-A128,A321,2025-01-20 13:55:00,529,None,0,False,197
FL000443,2025-01-20,HEL,NRT,OH-A134,A320,2025-01-20 07:38:00,169,None,0,False,163
FL000444,2025-01-20,HEL,FCO,OH-A100,A350,2025-01-20 20:14:00,153,Weather,11,False,208
FL000445,2025-01-20,HEL,AMS,OH-A123,E190,2025-01-20 17:05:00,555,None,0,False,90
FL000446,2025-01-20,HEL,NRT,OH-A109,A320,2025-01-20 07:48:00,603,None,0,False,151
FL000447,2025-01-20,HEL,FRA,OH-A129,A350,2025-01-20 16:47:00,216,Weather,16,True,168
FL000448,2025-01-20,HEL,CPH,OH-A145,A350,2025-01-20 21:47:00,464,Technical,51,False,291
FL000449,2025-01-20,HEL,JFK,OH-A141,A350,2025-01-20 06:34:00,295,None,0,False,206
FL000450,2025-01-20,HEL,CDG,OH-A114,A320,2025-01-20 15:45:00,388,Late Aircraft,15,False,166
FL000451,2025-01-20,HEL,BKK,OH-A100,A350,2025-01-20 17:57:00,148,None,0,False,210
FL000452,2025-01-20,HEL,AMS,OH-A104,A321,2025-01-20 19:01:00,484,ATC,45,False,161
FL000453,2025-01-20,HEL,NRT,OH-A101,A320,2025-01-20 17:40:00,276,None,0,False,101
FL000454,2025-01-20,HEL,MUC,OH-A115,A321,2025-01-20 07:04:00,165,None,0,False,133
FL000455,2025-01-20,HEL,FRA,OH-A139,A350,2025-01-20 07:38:00,378,Crew,41,False,213
FL000456,2025-01-20,HEL,CDG,OH-A104,A321,2025-01-20 08:34:00,441,None,0,False,197
FL000457,2025-01-20,HEL,JFK,OH-A131,E190,2025-01-20 10:31:00,84,None,0,False,62
FL000458,2025-01-20,HEL,ARN,OH-A145,A350,2025-01-20 05:08:00,210,None,0,False,260
FL000459,2025-01-21,HEL,JFK,OH-A127,A321,2025-01-21 21:03:00,522,None,0,False,118
FL000460,2025-01-21,HEL,CPH,OH-A105,E190,2025-01-21 20:37:00,427,None,0,False,86
FL000461,2025-01-21,HEL,CPH,OH-A102,E190,2025-01-21 10:56:00,255,None,0,False,78
FL000462,2025-01-21,HEL,CDG,OH-A133,A320,2025-01-21 18:01:00,220,None,0,False,115
FL000463,2025-01-21,HEL,ARN,OH-A138,A321,2025-01-21 08:36:00,546,None,0,False,171
FL000464,2025-01-21,HEL,NRT,OH-A146,A320,2025-01-21 06:39:00,532,None,0,True,114
FL000465,2025-01-21,HEL,ARN,OH-A105,E190,2025-01-21 10:01:00,72,Late Aircraft,55,False,90
FL000466,2025-01-21,HEL,MUC,OH-A105,E190,2025-01-21 19:26:00,86,Technical,5,True,82
FL000467,2025-01-21,HEL,JFK,OH-A114,A320,2025-01-21 08:21:00,387,None,0,False,174
FL000468,2025-01-21,HEL,FCO,OH-A124,A350,2025-01-21 11:38:00,116,None,0,False,237
FL000469,2025-01-21,HEL,LHR,OH-A133,A320,2025-01-21 12:57:00,478,Technical,5,False,166
FL000470,2025-01-21,HEL,FRA,OH-A135,A321,2025-01-21 19:50:00,216,Ground Handling,74,False,145
FL000471,2025-01-21,HEL,MUC,OH-A123,E190,2025-01-21 08:20:00,284,None,0,False,79
FL000472,2025-01-21,HEL,FCO,OH-A118,A350,2025-01-21 21:36:00,181,None,0,False,234
FL000473,2025-01-21,HEL,AMS,OH-A136,A321,2025-01-21 06:40:00,116,Technical,74,False,133
FL000474,2025-01-21,HEL,LHR,OH-A144,A350,2025-01-21 06:48:00,462,Weather,36,False,172
FL000475,2025-01-21,HEL,JFK,OH-A102,E190,2025-01-21 20:09:00,521,None,0,False,88
FL000476,2025-01-21,HEL,NRT,OH-A144,A350,2025-01-21 08:14:00,445,None,0,False,292
FL000477,2025-01-21,HEL,FRA,OH-A119,A350,2025-01-21 16:24:00,296,Late Aircraft,52,False,265
FL000478,2025-01-21,HEL,ARN,OH-A133,A320,2025-01-21 10:44:00,355,None,0,False,133
FL000479,2025-01-21,HEL,MUC,OH-A123,E190,2025-01-21 19:27:00,277,None,0,False,81
FL000480,2025-01-21,HEL,NRT,OH-A129,A350,2025-01-21 08:13:00,459,Technical,13,False,249
FL000481,2025-01-21,HEL,BKK,OH-A105,E190,2025-01-21 19:21:00,202,ATC,21,False,79
FL000482,2025-01-21,HEL,AMS,OH-A119,A350,2025-01-21 08:05:00,385,Weather,62,False,192
FL000483,2025-01-21,HEL,OSL,OH-A146,A320,2025-01-21 10:01:00,385,None,0,False,122
FL000484,2025-01-22,HEL,FCO,OH-A111,E190,2025-01-22 06:47:00,588,None,0,False,94
FL000485,2025-01-22,HEL,AMS,OH-A118,A350,2025-01-22 18:07:00,525,Technical,10,False,188
FL000486,2025-01-22,HEL,MUC,OH-A102,E190,2025-01-22 20:41:00,600,ATC,49,False,84
FL000487,2025-01-22,HEL,LHR,OH-A110,A320,2025-01-22 18:55:00,474,None,0,False,145
FL000488,2025-01-22,HEL,AMS,OH-A132,A321,2025-01-22 21:09:00,489,Crew,21,False,171
FL000489,2025-01-22,HEL,CDG,OH-A145,A350,2025-01-22 20:55:00,423,None,0,False,281
FL000490,2025-01-22,HEL,ARN,OH-A122,E190,2025-01-22 12:08:00,437,None,0,False,87
FL000491,2025-01-22,HEL,FCO,OH-A111,E190,2025-01-22 19:13:00,227,None,0,False,97
FL000492,2025-01-22,HEL,OSL,OH-A126,A320,2025-01-22 08:39:00,617,None,0,False,159
FL000493,2025-01-22,HEL,AMS,OH-A117,A321,2025-01-22 15:38:00,488,ATC,24,False,118
FL000494,2025-01-22,HEL,OSL,OH-A143,A321,2025-01-22 19:05:00,589,None,0,False,173
FL000495,2025-01-22,HEL,OSL,OH-A130,A350,2025-01-22 16:44:00,340,None,0,False,285
FL000496,2025-01-22,HEL,AMS,OH-A128,A321,2025-01-22 18:17:00,145,None,0,False,191
FL000497,2025-01-22,HEL,NRT,OH-A124,A350,2025-01-22 13:37:00,226,None,0,False,275
FL000498,2025-01-22,HEL,BKK,OH-A111,E190,2025-01-22 13:58:00,124,None,0,False,75
FL000499,2025-01-22,HEL,AMS,OH-A108,A321,2025-01-22 10:26:00,398,None,0,False,137
FL000500,2025-01-22,HEL,MUC,OH-A123,E190,2025-01-22 15:56:00,107,Ground Handling,21,False,100
FL000501,2025-01-22,HEL,BKK,OH-A101,A320,2025-01-22 09:27:00,182,None,0,False,160
FL000502,2025-01-23,HEL,BCN,OH-A122,E190,2025-01-23 11:17:00,520,None,0,False,80
FL000503,2025-01-23,HEL,MAD,OH-A138,A321,2025-01-23 20:47:00,538,ATC,29,False,125
FL000504,2025-01-23,HEL,CPH,OH-A117,A321,2025-01-23 17:16:00,89,None,0,False,132
FL000505,2025-01-23,HEL,FCO,OH-A141,A350,2025-01-23 08:28:00,237,None,0,False,185
FL000506,2025-01-23,HEL,LHR,OH-A141,A350,2025-01-23 15:50:00,486,None,0,False,283
FL000507,2025-01-23,HEL,MUC,OH-A139,A350,2025-01-23 17:27:00,214,None,0,False,286
FL000508,2025-01-23,HEL,MAD,OH-A144,A350,2025-01-23 14:39:00,586,None,0,False,291
FL000509,2025-01-23,HEL,BCN,OH-A125,A321,2025-01-23 16:59:00,307,None,0,False,186
FL000510,2025-01-23,HEL,CDG,OH-A122,E190,2025-01-23 18:39:00,398,None,0,False,65
FL000511,2025-01-23,HEL,AMS,OH-A114,A320,2025-01-23 20:39:00,554,None,0,False,160
FL000512,2025-01-23,HEL,FRA,OH-A104,A321,2025-01-23 07:17:00,200,None,0,False,161
FL000513,2025-01-23,HEL,ARN,OH-A126,A320,2025-01-23 20:32:00,518,ATC,68,False,167
FL000514,2025-01-23,HEL,FCO,OH-A128,A321,2025-01-23 20:18:00,580,None,0,False,168
FL000515,2025-01-23,HEL,CPH,OH-A116,A320,2025-01-23 06:00:00,241,None,0,False,118
FL000516,2025-01-23,HEL,FRA,OH-A128,A321,2025-01-23 19:09:00,330,None,0,False,199
FL000517,2025-01-23,HEL,MAD,OH-A108,A321,2025-01-23 09:06:00,291,None,0,False,158
FL000518,2025-01-23,HEL,CPH,OH-A118,A350,2025-01-23 17:07:00,159,Technical,43,False,259
FL000519,2025-01-23,HEL,BKK,OH-A112,A350,2025-01-23 19:05:00,212,Weather,42,False,282
FL000520,2025-01-23,HEL,AMS,OH-A108,A321,2025-01-23 06:08:00,531,None,0,False,209
FL000521,2025-01-23,HEL,ARN,OH-A118,A350,2025-01-23 06:08:00,473,ATC,42,False,224
FL000522,2025-01-23,HEL,MAD,OH-A125,A321,2025-01-23 17:57:00,105,Crew,32,False,135
FL000523,2025-01-23,HEL,MUC,OH-A127,A321,2025-01-23 08:06:00,186,Technical,30,False,161
FL000524,2025-01-23,HEL,BCN,OH-A135,A321,2025-01-23 11:37:00,375,None,0,False,158
FL000525,2025-01-23,HEL,FCO,OH-A113,A350,2025-01-23 13:27:00,274,None,0,False,226
FL000526,2025-01-24,HEL,FRA,OH-A117,A321,2025-01-24 17:37:00,182,None,0,False,178
FL000527,2025-01-24,HEL,FCO,OH-A107,A350,2025-01-24 11:36:00,590,ATC,63,False,214
FL000528,2025-01-24,HEL,JFK,OH-A108,A321,2025-01-24 18:37:00,140,None,0,False,192
FL000529,2025-01-24,HEL,MAD,OH-A144,A350,2025-01-24 19:28:00,545,None,0,False,255
FL000530,2025-01-24,HEL,FCO,OH-A135,A321,2025-01-24 14:30:00,512,None,0,False,182
FL000531,2025-01-24,HEL,ARN,OH-A114,A320,2025-01-24 10:59:00,177,None,0,False,108
FL000532,2025-01-24,HEL,CDG,OH-A103,A350,2025-01-24 10:06:00,187,None,0,False,196
FL000533,2025-01-24,HEL,MAD,OH-A146,A320,2025-01-24 10:39:00,175,Late Aircraft,41,False,135
FL000534,2025-01-24,HEL,JFK,OH-A124,A350,2025-01-24 20:41:00,339,None,0,False,272
FL000535,2025-01-24,HEL,BCN,OH-A120,A350,2025-01-24 09:19:00,141,Technical,37,False,263
FL000536,2025-01-24,HEL,JFK,OH-A124,A350,2025-01-24 20:16:00,558,None,0,False,163
FL000537,2025-01-24,HEL,LHR,OH-A101,A320,2025-01-24 14:23:00,237,None,0,False,116
FL000538,2025-01-24,HEL,OSL,OH-A102,E190,2025-01-24 09:22:00,349,None,0,False,87
FL000539,2025-01-24,HEL,CPH,OH-A114,A320,2025-01-24 14:04:00,530,Technical,59,False,108
FL000540,2025-01-24,HEL,BCN,OH-A108,A321,2025-01-24 18:09:00,163,None,0,False,131
FL000541,2025-01-24,HEL,MAD,OH-A145,A350,2025-01-24 05:35:00,174,Crew,9,False,260
FL000542,2025-01-24,HEL,LHR,OH-A119,A350,2025-01-24 20:24:00,503,Weather,47,False,280
FL000543,2025-01-24,HEL,FCO,OH-A120,A350,2025-01-24 17:46:00,420,None,0,False,287
FL000544,2025-01-24,HEL,FCO,OH-A101,A320,2025-01-24 15:03:00,86,None,0,False,170
FL000545,2025-01-25,HEL,JFK,OH-A124,A350,2025-01-25 09:24:00,103,None,0,False,269
FL000546,2025-01-25,HEL,JFK,OH-A104,A321,2025-01-25 15:50:00,98,None,0,False,187
FL000547,2025-01-25,HEL,BKK,OH-A133,A320,2025-01-25 16:40:00,182,None,0,False,131
FL000548,2025-01-25,HEL,LHR,OH-A118,A350,2025-01-25 19:12:00,354,None,0,False,193
FL000549,2025-01-25,HEL,OSL,OH-A147,A321,2025-01-25 19:23:00,509,None,0,False,195
FL000550,2025-01-25,HEL,CDG,OH-A116,A320,2025-01-25 16:33:00,352,Technical,96,False,143
FL000551,2025-01-25,HEL,JFK,OH-A102,E190,2025-01-25 15:07:00,304,None,0,False,84
FL000552,2025-01-25,HEL,LHR,OH-A115,A321,2025-01-25 17:25:00,373,None,0,False,116
FL000553,2025-01-25,HEL,NRT,OH-A102,E190,2025-01-25 19:50:00,160,Weather,44,False,76
FL000554,2025-01-25,HEL,OSL,OH-A126,A320,2025-01-25 09:48:00,344,None,0,False,103
FL000555,2025-01-25,HEL,ARN,OH-A144,A350,2025-01-25 09:53:00,478,None,0,False,281
FL000556,2025-01-25,HEL,LHR,OH-A145,A350,2025-01-25 21:40:00,605,Weather,57,False,275
FL000557,2025-01-25,HEL,FCO,OH-A139,A350,2025-01-25 17:31:00,345,None,0,False,236
FL000558,2025-01-25,HEL,BCN,OH-A122,E190,2025-01-25 19:02:00,161,Weather,28,False,77
FL000559,2025-01-25,HEL,CDG,OH-A112,A350,2025-01-25 11:19:00,345,None,0,False,214
FL000560,2025-01-25,HEL,MAD,OH-A120,A350,2025-01-25 12:27:00,357,None,0,False,213
FL000561,2025-01-25,HEL,MAD,OH-A128,A321,2025-01-25 08:57:00,554,None,0,False,183
FL000562,2025-01-25,HEL,MUC,OH-A118,A350,2025-01-25 11:27:00,403,None,0,False,218
FL000563,2025-01-26,HEL,MUC,OH-A119,A350,2025-01-26 07:06:00,525,None,0,False,203
FL000564,2025-01-26,HEL,FCO,OH-A144,A350,2025-01-26 05:36:00,174,None,0,False,165
FL000565,2025-01-26,HEL,LHR,OH-A100,A350,2025-01-26 09:14:00,294,None,0,False,179
FL000566,2025-01-26,HEL,BKK,OH-A113,A350,2025-01-26 11:49:00,127,None,0,True,179
FL000567,2025-01-26,HEL,FRA,OH-A107,A350,2025-01-26 06:35:00,156,None,0,False,226
FL000568,2025-01-26,HEL,MAD,OH-A126,A320,2025-01-26 08:46:00,235,None,0,False,126
FL000569,2025-01-26,HEL,BKK,OH-A105,E190,2025-01-26 07:09:00,451,None,0,False,81
FL000570,2025-01-26,HEL,FRA,OH-A129,A350,2025-01-26 15:22:00,416,Late Aircraft,12,False,217
FL000571,2025-01-26,HEL,OSL,OH-A109,A320,2025-01-26 15:35:00,544,None,0,False,129
FL000572,2025-01-26,HEL,FCO,OH-A144,A350,2025-01-26 07:32:00,221,Late Aircraft,36,False,203
FL000573,2025-01-26,HEL,ARN,OH-A146,A320,2025-01-26 05:58:00,385,ATC,18,False,164
FL000574,2025-01-26,HEL,FRA,OH-A107,A350,2025-01-26 14:04:00,342,None,0,False,207
FL000575,2025-01-26,HEL,BKK,OH-A107,A350,2025-01-26 09:09:00,517,Crew,41,False,268
FL000576,2025-01-26,HEL,AMS,OH-A147,A321,2025-01-26 05:07:00,363,None,0,False,171
FL000577,2025-01-26,HEL,MAD,OH-A102,E190,2025-01-26 15:01:00,142,Weather,15,False,70
FL000578,2025-01-26,HEL,MUC,OH-A133,A320,2025-01-26 15:06:00,340,None,0,False,152
FL000579,2025-01-26,HEL,LHR,OH-A142,A350,2025-01-26 16:20:00,576,None,0,False,259
FL000580,2025-01-26,HEL,CDG,OH-A104,A321,2025-01-26 09:09:00,570,None,0,False,194
FL000581,2025-01-26,HEL,MUC,OH-A110,A320,2025-01-26 18:51:00,120,None,0,False,154
FL000582,2025-01-26,HEL,CPH,OH-A120,A350,2025-01-26 10:30:00,117,Technical,63,False,288
FL000583,2025-01-26,HEL,AMS,OH-A107,A350,2025-01-26 18:12:00,98,None,0,False,270
FL000584,2025-01-27,HEL,OSL,OH-A115,A321,2025-01-27 09:49:00,526,None,0,False,138
FL000585,2025-01-27,HEL,CDG,OH-A122,E190,2025-01-27 16:03:00,159,None,0,False,98
FL000586,2025-01-27,HEL,MAD,OH-A124,A350,2025-01-27 18:55:00,275,None,0,False,192
FL000587,2025-01-27,HEL,OSL,OH-A134,A320,2025-01-27 19:52:00,396,None,0,False,154
FL000588,2025-01-27,HEL,MUC,OH-A104,A321,2025-01-27 15:18:00,457,None,0,False,161
FL000589,2025-01-27,HEL,ARN,OH-A102,E190,2025-01-27 14:19:00,599,None,0,False,82
FL000590,2025-01-27,HEL,CDG,OH-A137,A320,2025-01-27 18:58:00,578,None,0,False,164
FL000591,2025-01-27,HEL,LHR,OH-A127,A321,2025-01-27 13:02:00,73,None,0,False,196
FL000592,2025-01-27,HEL,MAD,OH-A147,A321,2025-01-27 06:40:00,477,Crew,16,False,140
FL000593,2025-01-27,HEL,NRT,OH-A135,A321,2025-01-27 06:26:00,85,Technical,16,False,145
FL000594,2025-01-27,HEL,OSL,OH-A103,A350,2025-01-27 17:45:00,480,None,0,False,228
FL000595,2025-01-27,HEL,JFK,OH-A136,A321,2025-01-27 16:52:00,303,None,0,False,187
FL000596,2025-01-27,HEL,MAD,OH-A145,A350,2025-01-27 06:33:00,188,None,0,False,216
FL000597,2025-01-27,HEL,BKK,OH-A118,A350,2025-01-27 17:37:00,246,None,0,False,186
FL000598,2025-01-27,HEL,NRT,OH-A115,A321,2025-01-27 07:24:00,283,None,0,False,114
FL000599,2025-01-27,HEL,CPH,OH-A128,A321,2025-01-27 11:25:00,413,Technical,16,False,150
FL000600,2025-01-27,HEL,FCO,OH-A111,E190,2025-01-27 21:45:00,131,Weather,85,True,68
FL000601,2025-01-27,HEL,BCN,OH-A108,A321,2025-01-27 15:48:00,376,None,0,False,178
FL000602,2025-01-27,HEL,CPH,OH-A136,A321,2025-01-27 12:36:00,300,Weather,5,False,144
FL000603,2025-01-27,HEL,LHR,OH-A130,A350,2025-01-27 20:37:00,436,None,0,False,228
FL000604,2025-01-27,HEL,NRT,OH-A104,A321,2025-01-27 16:01:00,519,Technical,5,False,158
FL000605,2025-01-27,HEL,MUC,OH-A129,A350,2025-01-27 07:34:00,158,None,0,False,194
FL000606,2025-01-27,HEL,CDG,OH-A128,A321,2025-01-27 12:30:00,506,None,0,False,144
FL000607,2025-01-28,HEL,ARN,OH-A143,A321,2025-01-28 10:44:00,423,None,0,False,188
FL000608,2025-01-28,HEL,FRA,OH-A112,A350,2025-01-28 08:46:00,182,None,0,False,203
FL000609,2025-01-28,HEL,NRT,OH-A137,A320,2025-01-28 17:56:00,516,None,0,False,132
FL000610,2025-01-28,HEL,AMS,OH-A121,A320,2025-01-28 14:17:00,473,ATC,5,False,105
FL000611,2025-01-28,HEL,MAD,OH-A122,E190,2025-01-28 05:48:00,563,None,0,False,83
FL000612,2025-01-28,HEL,OSL,OH-A112,A350,2025-01-28 07:53:00,136,Ground Handling,5,False,258
FL000613,2025-01-28,HEL,OSL,OH-A136,A321,2025-01-28 15:53:00,212,None,0,False,182
FL000614,2025-01-28,HEL,FCO,OH-A131,E190,2025-01-28 08:10:00,297,Ground Handling,38,False,72
FL000615,2025-01-28,HEL,ARN,OH-A134,A320,2025-01-28 16:09:00,387,None,0,False,107
FL000616,2025-01-28,HEL,FRA,OH-A107,A350,2025-01-28 16:26:00,483,None,0,False,250
FL000617,2025-01-28,HEL,CDG,OH-A107,A350,2025-01-28 10:39:00,573,None,0,False,171
FL000618,2025-01-28,HEL,ARN,OH-A109,A320,2025-01-28 08:16:00,437,None,0,False,144
FL000619,2025-01-28,HEL,MUC,OH-A133,A320,2025-01-28 21:02:00,466,None,0,False,138
FL000620,2025-01-28,HEL,BKK,OH-A104,A321,2025-01-28 05:43:00,442,Weather,39,False,168
FL000621,2025-01-28,HEL,ARN,OH-A102,E190,2025-01-28 18:12:00,85,None,0,False,82
FL000622,2025-01-28,HEL,JFK,OH-A108,A321,2025-01-28 21:55:00,313,None,0,False,152
FL000623,2025-01-28,HEL,MUC,OH-A130,A350,2025-01-28 17:29:00,64,Weather,66,False,208
FL000624,2025-01-28,HEL,FCO,OH-A100,A350,2025-01-28 15:10:00,139,None,0,False,216
FL000625,2025-01-28,HEL,CPH,OH-A108,A321,2025-01-28 10:38:00,322,None,0,False,189
FL000626,2025-01-28,HEL,NRT,OH-A143,A321,2025-01-28 10:18:00,312,Late Aircraft,12,False,119
FL000627,2025-01-28,HEL,ARN,OH-A134,A320,2025-01-28 15:12:00,89,Weather,58,False,138
FL000628,2025-01-29,HEL,JFK,OH-A133,A320,2025-01-29 05:37:00,47,Ground Handling,38,False,135
FL000629,2025-01-29,HEL,BCN,OH-A139,A350,2025-01-29 05:26:00,144,None,0,False,170
FL000630,2025-01-29,HEL,CDG,OH-A107,A350,2025-01-29 07:27:00,541,None,0,False,182
FL000631,2025-01-29,HEL,BKK,OH-A129,A350,2025-01-29 09:09:00,60,Weather,43,False,237
FL000632,2025-01-29,HEL,MAD,OH-A112,A350,2025-01-29 14:50:00,364,None,0,False,175
FL000633,2025-01-29,HEL,MAD,OH-A125,A321,2025-01-29 10:15:00,482,ATC,44,False,202
FL000634,2025-01-29,HEL,OSL,OH-A140,A320,2025-01-29 06:27:00,284,None,0,False,95
FL000635,2025-01-29,HEL,MAD,OH-A147,A321,2025-01-29 15:39:00,99,Weather,48,False,147
FL000636,2025-01-29,HEL,MUC,OH-A132,A321,2025-01-29 19:29:00,129,None,0,False,185
FL000637,2025-01-29,HEL,BKK,OH-A139,A350,2025-01-29 06:16:00,206,None,0,False,207
FL000638,2025-01-29,HEL,FRA,OH-A101,A320,2025-01-29 09:54:00,481,None,0,False,150
FL000639,2025-01-29,HEL,MAD,OH-A147,A321,2025-01-29 12:55:00,434,None,0,False,132
FL000640,2025-01-29,HEL,CDG,OH-A108,A321,2025-01-29 09:02:00,297,None,0,False,124
FL000641,2025-01-29,HEL,ARN,OH-A124,A350,2025-01-29 05:15:00,139,Ground Handling,48,False,180
FL000642,2025-01-29,HEL,CPH,OH-A134,A320,2025-01-29 16:10:00,230,None,0,False,166
FL000643,2025-01-29,HEL,NRT,OH-A137,A320,2025-01-29 07:14:00,217,None,0,False,104
FL000644,2025-01-29,HEL,FCO,OH-A113,A350,2025-01-29 15:24:00,506,None,0,False,281
FL000645,2025-01-29,HEL,AMS,OH-A124,A350,2025-01-29 12:01:00,362,None,0,False,199
FL000646,2025-01-30,HEL,JFK,OH-A110,A320,2025-01-30 08:12:00,332,Technical,5,False,170
FL000647,2025-01-30,HEL,CPH,OH-A146,A320,2025-01-30 15:06:00,224,None,0,False,140
FL000648,2025-01-30,HEL,CPH,OH-A133,A320,2025-01-30 18:56:00,364,None,0,False,106
FL000649,2025-01-30,HEL,JFK,OH-A115,A321,2025-01-30 06:47:00,593,None,0,False,117
FL000650,2025-01-30,HEL,CDG,OH-A113,A350,2025-01-30 06:36:00,103,None,0,False,167
FL000651,2025-01-30,HEL,LHR,OH-A130,A350,2025-01-30 12:09:00,123,None,0,False,225
FL000652,2025-01-30,HEL,MUC,OH-A116,A320,2025-01-30 17:14:00,401,None,0,False,114
FL000653,2025-01-30,HEL,OSL,OH-A123,E190,2025-01-30 21:25:00,50,Technical,5,False,61
FL000654,2025-01-30,HEL,ARN,OH-A101,A320,2025-01-30 21:01:00,122,None,0,False,164
FL000655,2025-01-30,HEL,ARN,OH-A147,A321,2025-01-30 17:13:00,93,None,0,False,133
FL000656,2025-01-30,HEL,CPH,OH-A101,A320,2025-01-30 15:11:00,315,None,0,False,159
FL000657,2025-01-30,HEL,OSL,OH-A144,A350,2025-01-30 14:16:00,350,None,0,False,228
FL000658,2025-01-30,HEL,MAD,OH-A103,A350,2025-01-30 17:32:00,155,None,0,False,269
FL000659,2025-01-30,HEL,CDG,OH-A114,A320,2025-01-30 05:12:00,232,None,0,False,106
FL000660,2025-01-30,HEL,CPH,OH-A138,A321,2025-01-30 15:16:00,361,Crew,39,False,199
FL000661,2025-01-30,HEL,ARN,OH-A124,A350,2025-01-30 08:47:00,378,Ground Handling,25,False,173
FL000662,2025-01-30,HEL,FRA,OH-A111,E190,2025-01-30 11:14:00,304,None,0,False,80
FL000663,2025-01-30,HEL,JFK,OH-A142,A350,2025-01-30 09:58:00,508,None,0,False,263
FL000664,2025-01-30,HEL,CDG,OH-A139,A350,2025-01-30 07:40:00,260,None,0,False,223
FL000665,2025-01-30,HEL,ARN,OH-A132,A321,2025-01-30 18:31:00,521,None,0,False,145
FL000666,2025-01-31,HEL,NRT,OH-A115,A321,2025-01-31 10:53:00,147,None,0,False,126
FL000667,2025-01-31,HEL,ARN,OH-A115,A321,2025-01-31 10:36:00,441,Weather,29,False,149
FL000668,2025-01-31,HEL,MUC,OH-A121,A320,2025-01-31 20:10:00,46,None,0,False,95
FL000669,2025-01-31,HEL,CPH,OH-A107,A350,2025-01-31 13:37:00,254,None,0,True,251
FL000670,2025-01-31,HEL,NRT,OH-A143,A321,2025-01-31 12:44:00,347,Ground Handling,59,False,160
FL000671,2025-01-31,HEL,ARN,OH-A144,A350,2025-01-31 14:27:00,427,None,0,False,293
FL000672,2025-01-31,HEL,ARN,OH-A126,A320,2025-01-31 21:03:00,584,None,0,False,165
FL000673,2025-01-31,HEL,CDG,OH-A106,A350,2025-01-31 16:52:00,273,Late Aircraft,30,False,279
FL000674,2025-01-31,HEL,OSL,OH-A144,A350,2025-01-31 06:16:00,534,None,0,False,227
FL000675,2025-01-31,HEL,FRA,OH-A131,E190,2025-01-31 06:10:00,534,Crew,42,False,57
FL000676,2025-01-31,HEL,CDG,OH-A142,A350,2025-01-31 18:48:00,514,None,0,False,281
FL000677,2025-01-31,HEL,CDG,OH-A124,A350,2025-01-31 06:42:00,460,None,0,False,235
FL000678,2025-01-31,HEL,MUC,OH-A124,A350,2025-01-31 05:55:00,354,None,0,False,221
FL000679,2025-01-31,HEL,MUC,OH-A129,A350,2025-01-31 18:22:00,81,None,0,False,201
FL000680,2025-01-31,HEL,BKK,OH-A141,A350,2025-01-31 10:49:00,332,None,0,False,209
FL000681,2025-01-31,HEL,FRA,OH-A107,A350,2025-01-31 13:59:00,247,None,0,False,256
FL000682,2025-01-31,HEL,MUC,OH-A144,A350,2025-01-31 18:58:00,291,None,0,False,284
FL000683,2025-01-31,HEL,MAD,OH-A147,A321,2025-01-31 09:12:00,302,None,0,False,209
FL000684,2025-01-31,HEL,OSL,OH-A115,A321,2025-01-31 10:28:00,299,None,0,False,144
FL000685,2025-01-31,HEL,MAD,OH-A112,A350,2025-01-31 08:11:00,482,None,0,False,176
FL000686,2025-01-31,HEL,NRT,OH-A142,A350,2025-01-31 10:43:00,130,None,0,False,198
FL000687,2025-02-01,HEL,BKK,OH-A138,A321,2025-02-01 12:40:00,193,Technical,33,False,184
FL000688,2025-02-01,HEL,JFK,OH-A136,A321,2025-02-01 18:28:00,97,None,0,False,160
FL000689,2025-02-01,HEL,ARN,OH-A114,A320,2025-02-01 21:26:00,501,None,0,False,158
FL000690,2025-02-01,HEL,MAD,OH-A126,A320,2025-02-01 11:57:00,314,None,0,False,159
FL000691,2025-02-01,HEL,JFK,OH-A139,A350,2025-02-01 20:27:00,291,Ground Handling,55,False,208
FL000692,2025-02-01,HEL,MUC,OH-A133,A320,2025-02-01 19:15:00,91,None,0,False,110
FL000693,2025-02-01,HEL,BCN,OH-A135,A321,2025-02-01 16:29:00,170,Weather,47,False,142
FL000694,2025-02-01,HEL,ARN,OH-A128,A321,2025-02-01 05:02:00,615,Crew,5,False,168
FL000695,2025-02-01,HEL,ARN,OH-A139,A350,2025-02-01 17:11:00,177,Technical,37,False,284
FL000696,2025-02-01,HEL,ARN,OH-A119,A350,2025-02-01 14:41:00,602,None,0,False,293
FL000697,2025-02-01,HEL,OSL,OH-A134,A320,2025-02-01 14:38:00,62,None,0,False,143
FL000698,2025-02-01,HEL,BKK,OH-A132,A321,2025-02-01 09:43:00,311,Ground Handling,54,False,137
FL000699,2025-02-01,HEL,BCN,OH-A146,A320,2025-02-01 20:37:00,301,Technical,5,False,100
FL000700,2025-02-01,HEL,FCO,OH-A126,A320,2025-02-01 18:00:00,510,None,0,False,162
FL000701,2025-02-01,HEL,CDG,OH-A105,E190,2025-02-01 11:28:00,387,None,0,False,86
FL000702,2025-02-01,HEL,BKK,OH-A105,E190,2025-02-01 07:36:00,581,Crew,59,False,100
FL000703,2025-02-01,HEL,OSL,OH-A100,A350,2025-02-01 13:02:00,59,None,0,False,203
FL000704,2025-02-01,HEL,NRT,OH-A138,A321,2025-02-01 08:52:00,394,None,0,False,136
FL000705,2025-02-01,HEL,ARN,OH-A114,A320,2025-02-01 20:06:00,241,None,0,False,130
FL000706,2025-02-01,HEL,ARN,OH-A110,A320,2025-02-01 10:36:00,123,None,0,False,172
FL000707,2025-02-01,HEL,CPH,OH-A147,A321,2025-02-01 06:56:00,137,Crew,70,False,141
FL000708,2025-02-02,HEL,OSL,OH-A108,A321,2025-02-02 21:32:00,213,Technical,56,False,168
FL000709,2025-02-02,HEL,MUC,OH-A140,A320,2025-02-02 10:12:00,174,Technical,29,False,166
FL000710,2025-02-02,HEL,LHR,OH-A121,A320,2025-02-02 10:28:00,207,None,0,False,128
FL000711,2025-02-02,HEL,CDG,OH-A112,A350,2025-02-02 17:40:00,463,None,0,False,247
FL000712,2025-02-02,HEL,ARN,OH-A138,A321,2025-02-02 11:49:00,405,Weather,50,False,209
FL000713,2025-02-02,HEL,JFK,OH-A118,A350,2025-02-02 13:13:00,110,Technical,46,False,171
FL000714,2025-02-02,HEL,BKK,OH-A115,A321,2025-02-02 18:42:00,177,None,0,False,159
FL000715,2025-02-02,HEL,FRA,OH-A147,A321,2025-02-02 19:46:00,371,ATC,43,False,179
FL000716,2025-02-02,HEL,MUC,OH-A113,A350,2025-02-02 07:12:00,197,None,0,False,222
FL000717,2025-02-02,HEL,NRT,OH-A144,A350,2025-02-02 05:04:00,489,None,0,False,245
FL000718,2025-02-02,HEL,MUC,OH-A109,A320,2025-02-02 08:50:00,189,None,0,False,136
FL000719,2025-02-02,HEL,BCN,OH-A129,A350,2025-02-02 20:08:00,53,None,0,False,222
FL000720,2025-02-02,HEL,AMS,OH-A117,A321,2025-02-02 07:42:00,247,None,0,False,162
FL000721,2025-02-02,HEL,MUC,OH-A129,A350,2025-02-02 09:43:00,186,None,0,False,217
FL000722,2025-02-02,HEL,MUC,OH-A132,A321,2025-02-02 14:31:00,241,ATC,45,False,127
FL000723,2025-02-02,HEL,MAD,OH-A109,A320,2025-02-02 06:48:00,161,Ground Handling,15,False,132
FL000724,2025-02-02,HEL,BCN,OH-A128,A321,2025-02-02 06:03:00,220,Crew,5,False,162
FL000725,2025-02-02,HEL,MUC,OH-A125,A321,2025-02-02 09:42:00,416,None,0,False,177
FL000726,2025-02-02,HEL,CPH,OH-A108,A321,2025-02-02 05:52:00,297,Technical,5,False,140
FL000727,2025-02-02,HEL,NRT,OH-A111,E190,2025-02-02 19:36:00,292,None,0,False,96
FL000728,2025-02-02,HEL,NRT,OH-A114,A320,2025-02-02 08:27:00,355,None,0,False,135
FL000729,2025-02-03,HEL,NRT,OH-A110,A320,2025-02-03 07:11:00,237,None,0,False,165
FL000730,2025-02-03,HEL,AMS,OH-A117,A321,2025-02-03 15:23:00,531,None,0,False,202
FL000731,2025-02-03,HEL,MAD,OH-A137,A320,2025-02-03 19:55:00,495,None,0,False,118
FL000732,2025-02-03,HEL,NRT,OH-A113,A350,2025-02-03 05:54:00,549,Weather,24,False,261
FL000733,2025-02-03,HEL,MUC,OH-A123,E190,2025-02-03 08:08:00,97,None,0,False,72
FL000734,2025-02-03,HEL,ARN,OH-A145,A350,2025-02-03 15:27:00,393,None,0,False,195
FL000735,2025-02-03,HEL,LHR,OH-A128,A321,2025-02-03 06:34:00,403,None,0,False,209
FL000736,2025-02-03,HEL,OSL,OH-A120,A350,2025-02-03 10:05:00,207,None,0,False,168
FL000737,2025-02-03,HEL,NRT,OH-A120,A350,2025-02-03 20:01:00,473,None,0,False,296
FL000738,2025-02-03,HEL,NRT,OH-A132,A321,2025-02-03 06:02:00,354,None,0,False,137
FL000739,2025-02-03,HEL,FRA,OH-A132,A321,2025-02-03 12:27:00,513,Weather,61,False,205
FL000740,2025-02-03,HEL,NRT,OH-A147,A321,2025-02-03 17:49:00,377,Crew,65,False,153
FL000741,2025-02-03,HEL,LHR,OH-A138,A321,2025-02-03 20:53:00,510,None,0,False,168
FL000742,2025-02-03,HEL,MAD,OH-A124,A350,2025-02-03 19:28:00,433,None,0,False,268
FL000743,2025-02-03,HEL,AMS,OH-A138,A321,2025-02-03 21:21:00,536,None,0,False,123
FL000744,2025-02-03,HEL,LHR,OH-A136,A321,2025-02-03 20:55:00,357,ATC,5,False,200
FL000745,2025-02-03,HEL,LHR,OH-A108,A321,2025-02-03 21:34:00,464,None,0,False,206
FL000746,2025-02-03,HEL,AMS,OH-A138,A321,2025-02-03 12:30:00,501,None,0,False,116
FL000747,2025-02-03,HEL,CDG,OH-A141,A350,2025-02-03 13:40:00,507,None,0,False,190
FL000748,2025-02-04,HEL,NRT,OH-A113,A350,2025-02-04 05:12:00,204,None,0,False,288
FL000749,2025-02-04,HEL,NRT,OH-A122,E190,2025-02-04 11:51:00,232,None,0,False,59
FL000750,2025-02-04,HEL,FCO,OH-A120,A350,2025-02-04 19:10:00,499,None,0,False,232
FL000751,2025-02-04,HEL,CDG,OH-A114,A320,2025-02-04 16:08:00,407,Ground Handling,41,False,170
FL000752,2025-02-04,HEL,BCN,OH-A122,E190,2025-02-04 11:02:00,500,Weather,52,False,77
FL000753,2025-02-04,HEL,OSL,OH-A105,E190,2025-02-04 16:13:00,598,Crew,15,False,58
FL000754,2025-02-04,HEL,NRT,OH-A117,A321,2025-02-04 16:41:00,346,Ground Handling,33,False,203
FL000755,2025-02-04,HEL,CPH,OH-A129,A350,2025-02-04 05:13:00,446,None,0,False,192
FL000756,2025-02-04,HEL,FCO,OH-A139,A350,2025-02-04 06:42:00,133,None,0,False,238
FL000757,2025-02-04,HEL,MUC,OH-A123,E190,2025-02-04 15:57:00,492,None,0,False,74
FL000758,2025-02-04,HEL,FCO,OH-A113,A350,2025-02-04 06:18:00,163,None,0,False,205
FL000759,2025-02-04,HEL,FRA,OH-A102,E190,2025-02-04 12:41:00,135,None,0,False,85
FL000760,2025-02-04,HEL,OSL,OH-A112,A350,2025-02-04 20:55:00,503,None,0,False,239
FL000761,2025-02-04,HEL,FCO,OH-A110,A320,2025-02-04 17:14:00,80,None,0,False,129
FL000762,2025-02-04,HEL,BCN,OH-A103,A350,2025-02-04 07:28:00,205,Crew,25,False,255
FL000763,2025-02-04,HEL,FRA,OH-A105,E190,2025-02-04 14:28:00,354,Weather,18,False,56
FL000764,2025-02-04,HEL,AMS,OH-A106,A350,2025-02-04 18:39:00,233,None,0,False,289
FL000765,2025-02-04,HEL,CDG,OH-A120,A350,2025-02-04 18:20:00,402,None,0,False,218
FL000766,2025-02-04,HEL,FRA,OH-A103,A350,2025-02-04 17:06:00,297,None,0,False,255
FL000767,2025-02-04,HEL,LHR,OH-A120,A350,2025-02-04 11:04:00,207,None,0,False,255
FL000768,2025-02-05,HEL,BCN,OH-A117,A321,2025-02-05 11:38:00,531,None,0,False,150
FL000769,2025-02-05,HEL,ARN,OH-A138,A321,2025-02-05 12:26:00,128,Weather,24,False,191
FL000770,2025-02-05,HEL,BKK,OH-A101,A320,2025-02-05 16:29:00,555,None,0,False,139
FL000771,2025-02-05,HEL,NRT,OH-A115,A321,2025-02-05 14:35:00,204,None,0,False,178
FL000772,2025-02-05,HEL,MUC,OH-A122,E190,2025-02-05 11:18:00,125,None,0,False,92
FL000773,2025-02-05,HEL,AMS,OH-A105,E190,2025-02-05 21:59:00,379,None,0,True,62
FL000774,2025-02-05,HEL,FCO,OH-A145,A350,2025-02-05 05:20:00,127,None,0,False,233
FL000775,2025-02-05,HEL,BCN,OH-A143,A321,2025-02-05 17:07:00,313,None,0,False,135
FL000776,2025-02-05,HEL,MAD,OH-A101,A320,2025-02-05 21:46:00,377,Crew,55,False,135
FL000777,2025-02-05,HEL,MUC,OH-A106,A350,2025-02-05 16:16:00,529,None,0,False,276
FL000778,2025-02-05,HEL,LHR,OH-A144,A350,2025-02-05 15:32:00,591,None,0,False,280
FL000779,2025-02-05,HEL,CPH,OH-A106,A350,2025-02-05 08:16:00,358,None,0,False,265
FL000780,2025-02-05,HEL,LHR,OH-A133,A320,2025-02-05 14:00:00,180,None,0,False,102
FL000781,2025-02-05,HEL,MUC,OH-A139,A350,2025-02-05 19:58:00,308,None,0,False,184
FL000782,2025-02-05,HEL,AMS,OH-A124,A350,2025-02-05 13:04:00,62,Crew,33,False,187
FL000783,2025-02-05,HEL,MUC,OH-A114,A320,2025-02-05 13:49:00,277,None,0,False,156
FL000784,2025-02-05,HEL,LHR,OH-A120,A350,2025-02-05 08:42:00,326,Crew,88,False,171
FL000785,2025-02-05,HEL,BKK,OH-A109,A320,2025-02-05 14:31:00,226,None,0,False,102
FL000786,2025-02-06,HEL,CPH,OH-A123,E190,2025-02-06 06:35:00,504,None,0,False,92
FL000787,2025-02-06,HEL,NRT,OH-A109,A320,2025-02-06 15:20:00,231,None,0,False,120
FL000788,2025-02-06,HEL,MAD,OH-A110,A320,2025-02-06 06:32:00,472,ATC,24,False,121
FL000789,2025-02-06,HEL,MUC,OH-A146,A320,2025-02-06 21:03:00,408,Weather,76,False,111
FL000790,2025-02-06,HEL,JFK,OH-A147,A321,2025-02-06 21:05:00,121,None,0,False,146
FL000791,2025-02-06,HEL,BCN,OH-A115,A321,2025-02-06 07:12:00,348,Weather,22,False,146
FL000792,2025-02-06,HEL,LHR,OH-A104,A321,2025-02-06 13:27:00,288,None,0,False,120
FL000793,2025-02-06,HEL,MUC,OH-A106,A350,2025-02-06 21:12:00,406,None,0,False,259
FL000794,2025-02-06,HEL,MAD,OH-A109,A320,2025-02-06 06:17:00,377,None,0,False,147
FL000795,2025-02-06,HEL,ARN,OH-A106,A350,2025-02-06 13:23:00,440,None,0,False,243
FL000796,2025-02-06,HEL,BCN,OH-A121,A320,2025-02-06 14:52:00,75,None,0,False,112
FL000797,2025-02-06,HEL,FRA,OH-A103,A350,2025-02-06 08:44:00,294,None,0,False,226
FL000798,2025-02-06,HEL,ARN,OH-A147,A321,2025-02-06 21:39:00,551,None,0,False,194
FL000799,2025-02-06,HEL,LHR,OH-A115,A321,2025-02-06 09:02:00,49,None,0,False,195
FL000800,2025-02-06,HEL,FRA,OH-A121,A320,2025-02-06 10:46:00,457,None,0,False,116
FL000801,2025-02-06,HEL,CDG,OH-A117,A321,2025-02-06 19:28:00,588,None,0,False,168
FL000802,2025-02-06,HEL,CDG,OH-A108,A321,2025-02-06 13:25:00,82,None,0,False,137
FL000803,2025-02-06,HEL,MAD,OH-A129,A350,2025-02-06 09:29:00,209,None,0,False,237
FL000804,2025-02-06,HEL,AMS,OH-A102,E190,2025-02-06 14:36:00,289,None,0,False,92
FL000805,2025-02-07,HEL,BKK,OH-A131,E190,2025-02-07 11:37:00,565,None,0,False,78
FL000806,2025-02-07,HEL,CPH,OH-A110,A320,2025-02-07 18:48:00,359,None,0,False,104
FL000807,2025-02-07,HEL,CDG,OH-A139,A350,2025-02-07 14:03:00,531,Crew,5,False,214
FL000808,2025-02-07,HEL,FCO,OH-A133,A320,2025-02-07 16:25:00,122,None,0,False,168
FL000809,2025-02-07,HEL,NRT,OH-A131,E190,2025-02-07 10:48:00,183,None,0,False,67
FL000810,2025-02-07,HEL,LHR,OH-A121,A320,2025-02-07 08:04:00,591,None,0,False,148
FL000811,2025-02-07,HEL,BKK,OH-A131,E190,2025-02-07 10:23:00,521,None,0,False,94
FL000812,2025-02-07,HEL,OSL,OH-A105,E190,2025-02-07 12:12:00,272,Ground Handling,8,False,91
FL000813,2025-02-07,HEL,AMS,OH-A121,A320,2025-02-07 08:32:00,382,Technical,40,False,104
FL000814,2025-02-07,HEL,CDG,OH-A139,A350,2025-02-07 19:59:00,568,None,0,False,187
FL000815,2025-02-07,HEL,AMS,OH-A128,A321,2025-02-07 21:59:00,286,None,0,False,130
FL000816,2025-02-07,HEL,NRT,OH-A120,A350,2025-02-07 12:24:00,418,None,0,False,240
FL000817,2025-02-07,HEL,FCO,OH-A108,A321,2025-02-07 10:41:00,257,Weather,12,False,140
FL000818,2025-02-07,HEL,JFK,OH-A142,A350,2025-02-07 10:03:00,575,None,0,False,235
FL000819,2025-02-07,HEL,LHR,OH-A132,A321,2025-02-07 13:06:00,147,Technical,18,False,123
FL000820,2025-02-07,HEL,BKK,OH-A107,A350,2025-02-07 08:24:00,171,None,0,False,206
FL000821,2025-02-07,HEL,FRA,OH-A116,A320,2025-02-07 13:43:00,439,None,0,False,167
FL000822,2025-02-07,HEL,MAD,OH-A121,A320,2025-02-07 13:00:00,366,ATC,41,False,119
FL000823,2025-02-07,HEL,MAD,OH-A102,E190,2025-02-07 15:01:00,463,None,0,False,97
FL000824,2025-02-07,HEL,MAD,OH-A129,A350,2025-02-07 20:08:00,520,None,0,False,267
FL000825,2025-02-07,HEL,BCN,OH-A115,A321,2025-02-07 19:45:00,199,Crew,12,False,170
FL000826,2025-02-07,HEL,FRA,OH-A133,A320,2025-02-07 14:19:00,591,ATC,39,False,158
FL000827,2025-02-08,HEL,OSL,OH-A141,A350,2025-02-08 17:03:00,481,Technical,30,False,270
FL000828,2025-02-08,HEL,ARN,OH-A101,A320,2025-02-08 11:30:00,75,None,0,False,99
FL000829,2025-02-08,HEL,MUC,OH-A101,A320,2025-02-08 16:44:00,101,None,0,False,173
FL000830,2025-02-08,HEL,JFK,OH-A111,E190,2025-02-08 14:08:00,327,None,0,False,88
FL000831,2025-02-08,HEL,FRA,OH-A127,A321,2025-02-08 05:06:00,75,ATC,61,False,136
FL000832,2025-02-08,HEL,MUC,OH-A109,A320,2025-02-08 13:54:00,427,None,0,False,120
FL000833,2025-02-08,HEL,JFK,OH-A119,A350,2025-02-08 15:51:00,139,None,0,False,296
FL000834,2025-02-08,HEL,MUC,OH-A119,A350,2025-02-08 14:07:00,274,None,0,False,190
FL000835,2025-02-08,HEL,NRT,OH-A133,A320,2025-02-08 21:55:00,218,None,0,False,105
FL000836,2025-02-08,HEL,BCN,OH-A126,A320,2025-02-08 15:23:00,243,Late Aircraft,36,False,109
FL000837,2025-02-08,HEL,FCO,OH-A134,A320,2025-02-08 07:09:00,488,Weather,5,False,172
FL000838,2025-02-08,HEL,FCO,OH-A138,A321,2025-02-08 06:46:00,420,None,0,False,204
FL000839,2025-02-08,HEL,BCN,OH-A123,E190,2025-02-08 06:22:00,180,Weather,48,False,96
FL000840,2025-02-08,HEL,ARN,OH-A113,A350,2025-02-08 13:49:00,615,None,0,False,253
FL000841,2025-02-08,HEL,AMS,OH-A108,A321,2025-02-08 06:44:00,559,None,0,False,195
FL000842,2025-02-08,HEL,CPH,OH-A105,E190,2025-02-08 15:26:00,98,Weather,35,False,86
FL000843,2025-02-08,HEL,MUC,OH-A102,E190,2025-02-08 12:37:00,354,None,0,False,65
FL000844,2025-02-08,HEL,OSL,OH-A117,A321,2025-02-08 12:38:00,82,None,0,False,122
FL000845,2025-02-08,HEL,MUC,OH-A108,A321,2025-02-08 16:32:00,92,None,0,False,138
FL000846,2025-02-08,HEL,CDG,OH-A132,A321,2025-02-08 08:05:00,314,None,0,False,161
FL000847,2025-02-08,HEL,ARN,OH-A107,A350,2025-02-08 08:42:00,518,ATC,60,False,293
FL000848,2025-02-08,HEL,CPH,OH-A126,A320,2025-02-08 09:20:00,280,Late Aircraft,19,False,126
FL000849,2025-02-08,HEL,MUC,OH-A137,A320,2025-02-08 06:08:00,451,None,0,False,159
FL000850,2025-02-08,HEL,CPH,OH-A141,A350,2025-02-08 14:07:00,310,None,0,False,295
FL000851,2025-02-09,HEL,CPH,OH-A132,A321,2025-02-09 19:19:00,85,None,0,False,116
FL000852,2025-02-09,HEL,FRA,OH-A144,A350,2025-02-09 14:51:00,205,ATC,42,False,292
FL000853,2025-02-09,HEL,FRA,OH-A144,A350,2025-02-09 17:00:00,439,None,0,False,232
FL000854,2025-02-09,HEL,MUC,OH-A126,A320,2025-02-09 05:27:00,501,Late Aircraft,12,False,155
FL000855,2025-02-09,HEL,MUC,OH-A133,A320,2025-02-09 06:34:00,540,None,0,False,111
FL000856,2025-02-09,HEL,FCO,OH-A145,A350,2025-02-09 20:14:00,537,Weather,36,False,202
FL000857,2025-02-09,HEL,AMS,OH-A106,A350,2025-02-09 18:17:00,398,ATC,44,False,180
FL000858,2025-02-09,HEL,LHR,OH-A147,A321,2025-02-09 14:50:00,169,None,0,False,209
FL000859,2025-02-09,HEL,FRA,OH-A112,A350,2025-02-09 08:19:00,82,None,0,False,173
FL000860,2025-02-09,HEL,JFK,OH-A119,A350,2025-02-09 08:31:00,276,None,0,False,223
FL000861,2025-02-09,HEL,CDG,OH-A114,A320,2025-02-09 18:56:00,440,Weather,88,False,132
FL000862,2025-02-09,HEL,ARN,OH-A134,A320,2025-02-09 08:26:00,52,None,0,False,105
FL000863,2025-02-09,HEL,BKK,OH-A137,A320,2025-02-09 05:14:00,585,None,0,False,145
FL000864,2025-02-09,HEL,OSL,OH-A111,E190,2025-02-09 18:19:00,193,None,0,False,92
FL000865,2025-02-09,HEL,BCN,OH-A121,A320,2025-02-09 18:49:00,582,Crew,25,False,158
FL000866,2025-02-09,HEL,JFK,OH-A143,A321,2025-02-09 05:42:00,361,None,0,False,173
FL000867,2025-02-09,HEL,LHR,OH-A142,A350,2025-02-09 10:28:00,361,Weather,18,False,170
FL000868,2025-02-09,HEL,CDG,OH-A145,A350,2025-02-09 15:59:00,103,None,0,False,289
FL000869,2025-02-09,HEL,LHR,OH-A101,A320,2025-02-09 16:32:00,528,None,0,False,100
FL000870,2025-02-09,HEL,OSL,OH-A138,A321,2025-02-09 14:54:00,338,None,0,False,191
FL000871,2025-02-09,HEL,OSL,OH-A132,A321,2025-02-09 06:25:00,371,Weather,16,False,136
FL000872,2025-02-09,HEL,OSL,OH-A121,A320,2025-02-09 17:22:00,549,Crew,19,False,136
FL000873,2025-02-09,HEL,FRA,OH-A133,A320,2025-02-09 14:57:00,422,ATC,5,False,99
FL000874,2025-02-09,HEL,MUC,OH-A124,A350,2025-02-09 16:53:00,225,Weather,72,False,228
FL000875,2025-02-09,HEL,ARN,OH-A144,A350,2025-02-09 20:09:00,424,Weather,12,False,295
FL000876,2025-02-09,HEL,JFK,OH-A137,A320,2025-02-09 12:27:00,383,None,0,False,106
FL000877,2025-02-10,HEL,CPH,OH-A140,A320,2025-02-10 20:33:00,338,None,0,False,160
FL000878,2025-02-10,HEL,AMS,OH-A134,A320,2025-02-10 14:53:00,129,None,0,False,116
FL000879,2025-02-10,HEL,MUC,OH-A124,A350,2025-02-10 16:06:00,187,None,0,False,245
FL000880,2025-02-10,HEL,CPH,OH-A108,A321,2025-02-10 17:51:00,299,None,0,False,179
FL000881,2025-02-10,HEL,OSL,OH-A138,A321,2025-02-10 17:41:00,492,None,0,False,188
FL000882,2025-02-10,HEL,BKK,OH-A122,E190,2025-02-10 15:07:00,565,ATC,35,False,89
FL000883,2025-02-10,HEL,BCN,OH-A107,A350,2025-02-10 11:18:00,328,None,0,False,193
FL000884,2025-02-10,HEL,OSL,OH-A107,A350,2025-02-10 09:22:00,405,Technical,44,True,202
FL000885,2025-02-10,HEL,OSL,OH-A100,A350,2025-02-10 13:40:00,434,None,0,False,232
FL000886,2025-02-10,HEL,AMS,OH-A129,A350,2025-02-10 08:53:00,182,None,0,False,236
FL000887,2025-02-10,HEL,FCO,OH-A108,A321,2025-02-10 07:20:00,372,None,0,False,206
FL000888,2025-02-10,HEL,FCO,OH-A114,A320,2025-02-10 20:19:00,507,Crew,5,False,95
FL000889,2025-02-10,HEL,OSL,OH-A127,A321,2025-02-10 19:05:00,507,None,0,False,147
FL000890,2025-02-10,HEL,FCO,OH-A114,A320,2025-02-10 05:41:00,307,None,0,False,149
FL000891,2025-02-10,HEL,NRT,OH-A143,A321,2025-02-10 06:51:00,367,None,0,False,161
FL000892,2025-02-10,HEL,LHR,OH-A123,E190,2025-02-10 14:25:00,208,None,0,False,81
FL000893,2025-02-10,HEL,ARN,OH-A146,A320,2025-02-10 16:06:00,392,None,0,False,113
FL000894,2025-02-10,HEL,BKK,OH-A116,A320,2025-02-10 07:31:00,436,None,0,False,151
FL000895,2025-02-10,HEL,MUC,OH-A139,A350,2025-02-10 12:09:00,464,None,0,False,191
FL000896,2025-02-10,HEL,FCO,OH-A146,A320,2025-02-10 07:58:00,428,None,0,False,123
FL000897,2025-02-10,HEL,CDG,OH-A131,E190,2025-02-10 21:51:00,619,None,0,False,97
FL000898,2025-02-10,HEL,CDG,OH-A113,A350,2025-02-10 16:00:00,56,None,0,False,178
FL000899,2025-02-10,HEL,LHR,OH-A131,E190,2025-02-10 14:07:00,257,None,0,False,74
FL000900,2025-02-10,HEL,LHR,OH-A146,A320,2025-02-10 12:48:00,302,None,0,False,151
FL000901,2025-02-10,HEL,FRA,OH-A111,E190,2025-02-10 19:41:00,274,None,0,False,63
FL000902,2025-02-10,HEL,CPH,OH-A105,E190,2025-02-10 09:54:00,484,None,0,False,94
FL000903,2025-02-11,HEL,OSL,OH-A122,E190,2025-02-11 18:30:00,273,None,0,False,73
FL000904,2025-02-11,HEL,BKK,OH-A105,E190,2025-02-11 17:46:00,229,None,0,False,82
FL000905,2025-02-11,HEL,FCO,OH-A146,A320,2025-02-11 15:03:00,115,None,0,False,104
FL000906,2025-02-11,HEL,CPH,OH-A141,A350,2025-02-11 15:29:00,216,None,0,False,266
FL000907,2025-02-11,HEL,ARN,OH-A126,A320,2025-02-11 21:17:00,282,Crew,63,False,156
FL000908,2025-02-11,HEL,LHR,OH-A102,E190,2025-02-11 21:26:00,461,None,0,False,86
FL000909,2025-02-11,HEL,ARN,OH-A132,A321,2025-02-11 15:52:00,488,None,0,False,144
FL000910,2025-02-11,HEL,AMS,OH-A124,A350,2025-02-11 06:56:00,334,None,0,False,175
FL000911,2025-02-11,HEL,BKK,OH-A133,A320,2025-02-11 06:42:00,126,None,0,False,124
FL000912,2025-02-11,HEL,FRA,OH-A119,A350,2025-02-11 16:37:00,614,None,0,False,229
FL000913,2025-02-11,HEL,ARN,OH-A133,A320,2025-02-11 08:30:00,608,Weather,37,False,115
FL000914,2025-02-11,HEL,FRA,OH-A122,E190,2025-02-11 08:59:00,437,None,0,False,55
FL000915,2025-02-11,HEL,LHR,OH-A107,A350,2025-02-11 19:38:00,474,Weather,45,False,266
FL000916,2025-02-11,HEL,JFK,OH-A131,E190,2025-02-11 21:57:00,614,None,0,False,66
FL000917,2025-02-11,HEL,CPH,OH-A104,A321,2025-02-11 14:34:00,137,Technical,62,False,177
FL000918,2025-02-11,HEL,FCO,OH-A144,A350,2025-02-11 13:31:00,376,ATC,27,False,203
FL000919,2025-02-11,HEL,FRA,OH-A120,A350,2025-02-11 19:18:00,532,Crew,79,False,188
FL000920,2025-02-11,HEL,ARN,OH-A128,A321,2025-02-11 16:33:00,88,Technical,22,False,179
FL000921,2025-02-11,HEL,MAD,OH-A132,A321,2025-02-11 14:12:00,431,None,0,False,187
FL000922,2025-02-11,HEL,FRA,OH-A103,A350,2025-02-11 08:08:00,415,None,0,False,282
FL000923,2025-02-11,HEL,FCO,OH-A146,A320,2025-02-11 05:35:00,464,None,0,False,111
FL000924,2025-02-11,HEL,BCN,OH-A141,A350,2025-02-11 08:39:00,294,None,0,False,187
FL000925,2025-02-11,HEL,JFK,OH-A121,A320,2025-02-11 10:45:00,403,Late Aircraft,41,False,168
FL000926,2025-02-11,HEL,FRA,OH-A135,A321,2025-02-11 20:56:00,230,None,0,False,196
FL000927,2025-02-11,HEL,ARN,OH-A105,E190,2025-02-11 07:35:00,604,None,0,False,94
FL000928,2025-02-11,HEL,CPH,OH-A134,A320,2025-02-11 18:46:00,313,None,0,False,120
FL000929,2025-02-12,HEL,MUC,OH-A109,A320,2025-02-12 09:30:00,147,None,0,False,144
FL000930,2025-02-12,HEL,MUC,OH-A115,A321,2025-02-12 09:36:00,351,None,0,False,195
FL000931,2025-02-12,HEL,FRA,OH-A116,A320,2025-02-12 16:43:00,82,None,0,False,138
FL000932,2025-02-12,HEL,MAD,OH-A109,A320,2025-02-12 05:00:00,116,None,0,False,122
FL000933,2025-02-12,HEL,MUC,OH-A113,A350,2025-02-12 21:54:00,373,ATC,61,False,277
FL000934,2025-02-12,HEL,LHR,OH-A122,E190,2025-02-12 19:21:00,160,Technical,35,False,85
FL000935,2025-02-12,HEL,LHR,OH-A120,A350,2025-02-12 19:47:00,500,ATC,14,False,223
FL000936,2025-02-12,HEL,MAD,OH-A107,A350,2025-02-12 16:39:00,211,ATC,79,False,222
FL000937,2025-02-12,HEL,BKK,OH-A127,A321,2025-02-12 11:56:00,104,Technical,5,False,180
FL000938,2025-02-12,HEL,FCO,OH-A113,A350,2025-02-12 07:40:00,438,None,0,False,278
FL000939,2025-02-12,HEL,BCN,OH-A113,A350,2025-02-12 16:13:00,65,None,0,False,218
FL000940,2025-02-12,HEL,NRT,OH-A106,A350,2025-02-12 06:19:00,449,ATC,12,False,209
FL000941,2025-02-12,HEL,NRT,OH-A136,A321,2025-02-12 17:31:00,240,Late Aircraft,5,False,140
FL000942,2025-02-12,HEL,MUC,OH-A121,A320,2025-02-12 19:33:00,287,Weather,12,False,128
FL000943,2025-02-12,HEL,CPH,OH-A134,A320,2025-02-12 19:31:00,501,None,0,False,128
FL000944,2025-02-12,HEL,BCN,OH-A119,A350,2025-02-12 13:08:00,141,None,0,False,227
FL000945,2025-02-12,HEL,BCN,OH-A146,A320,2025-02-12 12:33:00,608,None,0,False,115
FL000946,2025-02-12,HEL,LHR,OH-A106,A350,2025-02-12 10:02:00,529,None,0,False,222
FL000947,2025-02-12,HEL,JFK,OH-A108,A321,2025-02-12 10:53:00,87,Technical,53,False,155
FL000948,2025-02-12,HEL,NRT,OH-A143,A321,2025-02-12 14:38:00,297,None,0,False,154
FL000949,2025-02-12,HEL,CDG,OH-A128,A321,2025-02-12 13:36:00,78,None,0,False,131
FL000950,2025-02-12,HEL,FRA,OH-A126,A320,2025-02-12 09:32:00,474,None,0,False,156
FL000951,2025-02-13,HEL,MAD,OH-A132,A321,2025-02-13 05:50:00,152,None,0,False,170
FL000952,2025-02-13,HEL,JFK,OH-A110,A320,2025-02-13 08:50:00,55,Technical,21,False,113
FL000953,2025-02-13,HEL,LHR,OH-A101,A320,2025-02-13 12:32:00,347,None,0,False,168
FL000954,2025-02-13,HEL,LHR,OH-A105,E190,2025-02-13 08:20:00,574,None,0,False,63
FL000955,2025-02-13,HEL,ARN,OH-A123,E190,2025-02-13 20:42:00,513,None,0,False,84
FL000956,2025-02-13,HEL,BCN,OH-A147,A321,2025-02-13 06:06:00,278,Ground Handling,34,False,160
FL000957,2025-02-13,HEL,FCO,OH-A144,A350,2025-02-13 13:37:00,521,None,0,False,235
FL000958,2025-02-13,HEL,AMS,OH-A131,E190,2025-02-13 14:41:00,93,None,0,False,57
FL000959,2025-02-13,HEL,OSL,OH-A130,A350,2025-02-13 11:45:00,194,None,0,False,291
FL000960,2025-02-13,HEL,CDG,OH-A100,A350,2025-02-13 06:16:00,498,None,0,False,264
FL000961,2025-02-13,HEL,AMS,OH-A113,A350,2025-02-13 16:08:00,488,None,0,False,287
FL000962,2025-02-13,HEL,NRT,OH-A143,A321,2025-02-13 14:57:00,171,Ground Handling,81,False,182
FL000963,2025-02-13,HEL,CPH,OH-A135,A321,2025-02-13 07:19:00,246,Weather,48,True,186
FL000964,2025-02-13,HEL,CDG,OH-A113,A350,2025-02-13 21:14:00,580,None,0,False,297
FL000965,2025-02-13,HEL,BCN,OH-A109,A320,2025-02-13 13:08:00,301,Crew,37,False,107
FL000966,2025-02-13,HEL,LHR,OH-A110,A320,2025-02-13 05:46:00,293,None,0,False,172
FL000967,2025-02-13,HEL,NRT,OH-A135,A321,2025-02-13 11:56:00,90,None,0,False,152
FL000968,2025-02-13,HEL,NRT,OH-A127,A321,2025-02-13 13:47:00,147,Weather,31,False,177
FL000969,2025-02-13,HEL,AMS,OH-A120,A350,2025-02-13 05:16:00,61,None,0,False,297
FL000970,2025-02-13,HEL,FCO,OH-A125,A321,2025-02-13 14:23:00,564,Weather,41,False,150
FL000971,2025-02-13,HEL,FCO,OH-A133,A320,2025-02-13 11:59:00,608,None,0,False,172
FL000972,2025-02-14,HEL,JFK,OH-A139,A350,2025-02-14 05:15:00,134,None,0,False,281
FL000973,2025-02-14,HEL,JFK,OH-A133,A320,2025-02-14 09:38:00,291,None,0,False,126
FL000974,2025-02-14,HEL,FCO,OH-A105,E190,2025-02-14 12:16:00,422,Technical,91,False,61
FL000975,2025-02-14,HEL,NRT,OH-A103,A350,2025-02-14 10:25:00,508,None,0,False,179
FL000976,2025-02-14,HEL,OSL,OH-A124,A350,2025-02-14 16:41:00,311,None,0,False,248
FL000977,2025-02-14,HEL,BCN,OH-A138,A321,2025-02-14 07:06:00,335,None,0,False,199
FL000978,2025-02-14,HEL,CPH,OH-A141,A350,2025-02-14 20:28:00,425,None,0,False,178
FL000979,2025-02-14,HEL,CDG,OH-A109,A320,2025-02-14 20:36:00,299,None,0,False,145
FL000980,2025-02-14,HEL,ARN,OH-A125,A321,2025-02-14 09:08:00,445,None,0,False,170
FL000981,2025-02-14,HEL,MAD,OH-A138,A321,2025-02-14 14:46:00,172,None,0,False,179
FL000982,2025-02-14,HEL,BCN,OH-A128,A321,2025-02-14 20:44:00,131,None,0,False,171
FL000983,2025-02-14,HEL,FCO,OH-A133,A320,2025-02-14 07:10:00,539,None,0,False,162
FL000984,2025-02-14,HEL,OSL,OH-A140,A320,2025-02-14 15:53:00,271,None,0,False,174
FL000985,2025-02-14,HEL,CDG,OH-A122,E190,2025-02-14 13:53:00,299,Weather,13,False,67
FL000986,2025-02-14,HEL,MAD,OH-A147,A321,2025-02-14 15:35:00,336,Technical,65,False,199
FL000987,2025-02-14,HEL,JFK,OH-A142,A350,2025-02-14 20:01:00,148,Weather,5,False,281
FL000988,2025-02-14,HEL,NRT,OH-A124,A350,2025-02-14 09:14:00,114,None,0,False,255
FL000989,2025-02-14,HEL,CPH,OH-A110,A320,2025-02-14 05:40:00,312,Ground Handling,12,False,125
FL000990,2025-02-14,HEL,AMS,OH-A117,A321,2025-02-14 07:01:00,475,ATC,24,False,178
FL000991,2025-02-14,HEL,ARN,OH-A131,E190,2025-02-14 17:22:00,137,ATC,59,False,67
FL000992,2025-02-14,HEL,JFK,OH-A140,A320,2025-02-14 16:09:00,169,Weather,20,False,133
FL000993,2025-02-14,HEL,CPH,OH-A141,A350,2025-02-14 16:15:00,407,None,0,False,269
FL000994,2025-02-15,HEL,OSL,OH-A137,A320,2025-02-15 16:08:00,505,Weather,5,False,144
FL000995,2025-02-15,HEL,FCO,OH-A111,E190,2025-02-15 21:40:00,549,None,0,False,74
FL000996,2025-02-15,HEL,AMS,OH-A141,A350,2025-02-15 09:07:00,344,None,0,False,193
FL000997,2025-02-15,HEL,NRT,OH-A107,A350,2025-02-15 07:42:00,448,None,0,False,191
FL000998,2025-02-15,HEL,FCO,OH-A111,E190,2025-02-15 05:09:00,242,None,0,False,81
FL000999,2025-02-15,HEL,BKK,OH-A101,A320,2025-02-15 15:33:00,400,None,0,False,108
FL001000,2025-02-15,HEL,BCN,OH-A115,A321,2025-02-15 19:50:00,440,None,0,False,119
FL001001,2025-02-15,HEL,MUC,OH-A122,E190,2025-02-15 08:32:00,339,Technical,21,False,90
FL001002,2025-02-15,HEL,OSL,OH-A110,A320,2025-02-15 10:16:00,418,None,0,False,110
FL001003,2025-02-15,HEL,AMS,OH-A115,A321,2025-02-15 15:45:00,391,None,0,False,138
FL001004,2025-02-15,HEL,NRT,OH-A104,A321,2025-02-15 05:07:00,306,Crew,39,False,177
FL001005,2025-02-15,HEL,AMS,OH-A128,A321,2025-02-15 08:48:00,227,None,0,False,209
FL001006,2025-02-15,HEL,ARN,OH-A116,A320,2025-02-15 15:27:00,370,None,0,False,115
FL001007,2025-02-15,HEL,LHR,OH-A136,A321,2025-02-15 07:49:00,412,None,0,False,176
FL001008,2025-02-15,HEL,BCN,OH-A137,A320,2025-02-15 16:03:00,440,Weather,30,False,143
FL001009,2025-02-15,HEL,BCN,OH-A125,A321,2025-02-15 08:28:00,89,Weather,14,False,196
FL001010,2025-02-15,HEL,BKK,OH-A124,A350,2025-02-15 13:16:00,496,None,0,False,243
FL001011,2025-02-15,HEL,BKK,OH-A144,A350,2025-02-15 19:16:00,259,ATC,35,False,207
FL001012,2025-02-15,HEL,MUC,OH-A129,A350,2025-02-15 12:23:00,498,None,0,False,232
FL001013,2025-02-15,HEL,MUC,OH-A101,A320,2025-02-15 05:07:00,108,Crew,47,False,119
FL001014,2025-02-15,HEL,JFK,OH-A129,A350,2025-02-15 08:22:00,180,ATC,5,False,291
FL001015,2025-02-15,HEL,ARN,OH-A136,A321,2025-02-15 09:05:00,119,None,0,False,167
FL001016,2025-02-15,HEL,BCN,OH-A119,A350,2025-02-15 09:10:00,286,Late Aircraft,63,False,293
FL001017,2025-02-15,HEL,FRA,OH-A107,A350,2025-02-15 21:39:00,412,None,0,False,229
FL001018,2025-02-16,HEL,FCO,OH-A144,A350,2025-02-16 13:43:00,208,None,0,False,215
FL001019,2025-02-16,HEL,CPH,OH-A113,A350,2025-02-16 13:33:00,183,None,0,False,193
FL001020,2025-02-16,HEL,MUC,OH-A121,A320,2025-02-16 13:35:00,586,Late Aircraft,63,False,132
FL001021,2025-02-16,HEL,JFK,OH-A107,A350,2025-02-16 10:56:00,105,Weather,12,False,221
FL001022,2025-02-16,HEL,MUC,OH-A120,A350,2025-02-16 05:52:00,251,Ground Handling,18,False,296
FL001023,2025-02-16,HEL,LHR,OH-A119,A350,2025-02-16 20:56:00,475,None,0,False,165
FL001024,2025-02-16,HEL,ARN,OH-A136,A321,2025-02-16 10:50:00,525,None,0,False,116
FL001025,2025-02-16,HEL,MUC,OH-A126,A320,2025-02-16 16:43:00,53,None,0,False,172
FL001026,2025-02-16,HEL,MAD,OH-A141,A350,2025-02-16 14:34:00,178,None,0,False,281
FL001027,2025-02-16,HEL,MUC,OH-A129,A350,2025-02-16 19:01:00,472,None,0,False,274
FL001028,2025-02-16,HEL,BKK,OH-A113,A350,2025-02-16 13:40:00,375,Crew,55,False,264
FL001029,2025-02-16,HEL,BCN,OH-A136,A321,2025-02-16 20:54:00,240,None,0,False,131
FL001030,2025-02-16,HEL,MUC,OH-A128,A321,2025-02-16 18:02:00,512,None,0,False,180
FL001031,2025-02-16,HEL,ARN,OH-A129,A350,2025-02-16 10:12:00,366,None,0,False,270
FL001032,2025-02-16,HEL,MUC,OH-A126,A320,2025-02-16 05:42:00,380,None,0,False,157
FL001033,2025-02-16,HEL,OSL,OH-A144,A350,2025-02-16 21:36:00,336,None,0,False,252
FL001034,2025-02-16,HEL,FCO,OH-A110,A320,2025-02-16 13:07:00,235,ATC,34,False,113
FL001035,2025-02-16,HEL,OSL,OH-A101,A320,2025-02-16 08:51:00,537,Crew,5,False,139
FL001036,2025-02-16,HEL,NRT,OH-A115,A321,2025-02-16 20:48:00,473,None,0,False,121
FL001037,2025-02-16,HEL,CDG,OH-A143,A321,2025-02-16 13:13:00,490,ATC,30,False,127
FL001038,2025-02-16,HEL,FRA,OH-A104,A321,2025-02-16 13:03:00,609,None,0,False,148
FL001039,2025-02-16,HEL,OSL,OH-A100,A350,2025-02-16 10:31:00,286,None,0,False,173
FL001040,2025-02-16,HEL,OSL,OH-A114,A320,2025-02-16 21:51:00,607,Ground Handling,35,False,143
FL001041,2025-02-17,HEL,CDG,OH-A128,A321,2025-02-17 05:17:00,47,None,0,False,162
FL001042,2025-02-17,HEL,FCO,OH-A126,A320,2025-02-17 15:00:00,266,None,0,False,95
FL001043,2025-02-17,HEL,MUC,OH-A105,E190,2025-02-17 10:36:00,543,None,0,False,56
FL001044,2025-02-17,HEL,AMS,OH-A115,A321,2025-02-17 17:39:00,374,Weather,65,False,172
FL001045,2025-02-17,HEL,CDG,OH-A105,E190,2025-02-17 06:51:00,551,None,0,False,99
FL001046,2025-02-17,HEL,FCO,OH-A135,A321,2025-02-17 08:32:00,478,None,0,False,166
FL001047,2025-02-17,HEL,LHR,OH-A140,A320,2025-02-17 10:03:00,142,None,0,False,131
FL001048,2025-02-17,HEL,CPH,OH-A147,A321,2025-02-17 10:40:00,74,None,0,False,203
FL001049,2025-02-17,HEL,NRT,OH-A143,A321,2025-02-17 19:46:00,304,Ground Handling,42,False,137
FL001050,2025-02-17,HEL,CDG,OH-A127,A321,2025-02-17 09:07:00,303,None,0,False,150
FL001051,2025-02-17,HEL,BCN,OH-A103,A350,2025-02-17 13:25:00,115,None,0,False,176
FL001052,2025-02-17,HEL,FCO,OH-A120,A350,2025-02-17 12:17:00,104,None,0,False,227
FL001053,2025-02-17,HEL,JFK,OH-A102,E190,2025-02-17 11:03:00,47,None,0,False,63
FL001054,2025-02-17,HEL,BCN,OH-A100,A350,2025-02-17 08:29:00,571,None,0,False,217
FL001055,2025-02-17,HEL,MAD,OH-A128,A321,2025-02-17 17:22:00,405,None,0,False,131
FL001056,2025-02-17,HEL,JFK,OH-A130,A350,2025-02-17 09:39:00,369,None,0,False,181
FL001057,2025-02-17,HEL,BKK,OH-A143,A321,2025-02-17 21:46:00,195,None,0,False,158
FL001058,2025-02-17,HEL,ARN,OH-A120,A350,2025-02-17 14:20:00,160,Crew,69,False,176
FL001059,2025-02-17,HEL,FCO,OH-A118,A350,2025-02-17 05:40:00,193,Technical,35,False,271
FL001060,2025-02-17,HEL,OSL,OH-A116,A320,2025-02-17 19:01:00,288,None,0,False,129
FL001061,2025-02-17,HEL,NRT,OH-A115,A321,2025-02-17 11:49:00,381,ATC,5,False,128
FL001062,2025-02-17,HEL,ARN,OH-A135,A321,2025-02-17 20:10:00,233,ATC,74,False,197
FL001063,2025-02-17,HEL,LHR,OH-A131,E190,2025-02-17 15:07:00,548,Crew,32,False,92
FL001064,2025-02-17,HEL,OSL,OH-A144,A350,2025-02-17 20:47:00,376,None,0,False,260
FL001065,2025-02-18,HEL,BKK,OH-A118,A350,2025-02-18 21:00:00,429,None,0,False,265
FL001066,2025-02-18,HEL,CDG,OH-A130,A350,2025-02-18 10:23:00,183,None,0,False,198
FL001067,2025-02-18,HEL,CDG,OH-A103,A350,2025-02-18 17:48:00,397,None,0,False,261
FL001068,2025-02-18,HEL,BKK,OH-A117,A321,2025-02-18 05:38:00,408,None,0,False,209
FL001069,2025-02-18,HEL,BKK,OH-A145,A350,2025-02-18 11:27:00,207,None,0,False,220
FL001070,2025-02-18,HEL,OSL,OH-A113,A350,2025-02-18 16:47:00,411,None,0,False,209
FL001071,2025-02-18,HEL,AMS,OH-A103,A350,2025-02-18 05:36:00,572,None,0,False,217
FL001072,2025-02-18,HEL,BKK,OH-A138,A321,2025-02-18 19:28:00,409,None,0,False,196
FL001073,2025-02-18,HEL,OSL,OH-A125,A321,2025-02-18 20:40:00,129,ATC,5,False,171
FL001074,2025-02-18,HEL,FCO,OH-A128,A321,2025-02-18 09:27:00,485,None,0,False,185
FL001075,2025-02-18,HEL,CPH,OH-A119,A350,2025-02-18 09:45:00,250,Weather,21,False,267
FL001076,2025-02-18,HEL,OSL,OH-A111,E190,2025-02-18 19:52:00,204,None,0,False,70
FL001077,2025-02-18,HEL,FCO,OH-A134,A320,2025-02-18 19:26:00,379,None,0,False,118
FL001078,2025-02-18,HEL,BCN,OH-A136,A321,2025-02-18 07:09:00,475,None,0,False,177
FL001079,2025-02-18,HEL,MUC,OH-A119,A350,2025-02-18 14:00:00,478,None,0,False,251
FL001080,2025-02-18,HEL,JFK,OH-A114,A320,2025-02-18 15:40:00,578,None,0,False,142
FL001081,2025-02-18,HEL,CDG,OH-A113,A350,2025-02-18 12:03:00,515,None,0,False,250
FL001082,2025-02-18,HEL,MUC,OH-A138,A321,2025-02-18 13:11:00,562,Ground Handling,17,False,198
FL001083,2025-02-18,HEL,BCN,OH-A102,E190,2025-02-18 05:23:00,521,None,0,False,69
FL001084,2025-02-18,HEL,FCO,OH-A139,A350,2025-02-18 15:03:00,62,None,0,False,243
FL001085,2025-02-18,HEL,CDG,OH-A114,A320,2025-02-18 17:30:00,191,None,0,False,152
FL001086,2025-02-18,HEL,BCN,OH-A109,A320,2025-02-18 18:43:00,170,Technical,5,False,150
FL001087,2025-02-18,HEL,FRA,OH-A102,E190,2025-02-18 16:14:00,492,None,0,False,58
FL001088,2025-02-18,HEL,MUC,OH-A113,A350,2025-02-18 08:37:00,579,None,0,False,238
FL001089,2025-02-18,HEL,NRT,OH-A100,A350,2025-02-18 07:01:00,311,None,0,False,221
FL001090,2025-02-19,HEL,CDG,OH-A107,A350,2025-02-19 08:51:00,479,Technical,42,False,255
FL001091,2025-02-19,HEL,AMS,OH-A115,A321,2025-02-19 08:12:00,386,Weather,79,False,126
FL001092,2025-02-19,HEL,MAD,OH-A146,A320,2025-02-19 07:30:00,307,None,0,False,174
FL001093,2025-02-19,HEL,CPH,OH-A123,E190,2025-02-19 18:21:00,484,None,0,False,61
FL001094,2025-02-19,HEL,ARN,OH-A131,E190,2025-02-19 21:09:00,576,Technical,59,False,56
FL001095,2025-02-19,HEL,MUC,OH-A117,A321,2025-02-19 12:31:00,51,None,0,False,149
FL001096,2025-02-19,HEL,MAD,OH-A135,A321,2025-02-19 06:33:00,198,Crew,9,False,187
FL001097,2025-02-19,HEL,LHR,OH-A107,A350,2025-02-19 07:11:00,87,Technical,53,False,201
FL001098,2025-02-19,HEL,OSL,OH-A146,A320,2025-02-19 09:35:00,318,Crew,5,False,148
FL001099,2025-02-19,HEL,BCN,OH-A121,A320,2025-02-19 05:05:00,81,None,0,False,166
FL001100,2025-02-19,HEL,AMS,OH-A108,A321,2025-02-19 20:50:00,595,None,0,False,115
FL001101,2025-02-19,HEL,FCO,OH-A131,E190,2025-02-19 08:15:00,294,None,0,False,84
FL001102,2025-02-19,HEL,OSL,OH-A105,E190,2025-02-19 06:48:00,68,Weather,42,False,61
FL001103,2025-02-19,HEL,CPH,OH-A138,A321,2025-02-19 07:24:00,311,None,0,False,149
FL001104,2025-02-19,HEL,MUC,OH-A130,A350,2025-02-19 06:04:00,416,Ground Handling,70,False,170
FL001105,2025-02-19,HEL,AMS,OH-A106,A350,2025-02-19 08:33:00,574,None,0,False,251
FL001106,2025-02-19,HEL,FCO,OH-A147,A321,2025-02-19 05:26:00,481,None,0,False,203
FL001107,2025-02-19,HEL,MUC,OH-A117,A321,2025-02-19 20:01:00,62,ATC,31,False,174
FL001108,2025-02-19,HEL,CDG,OH-A119,A350,2025-02-19 17:40:00,406,None,0,False,282
FL001109,2025-02-19,HEL,OSL,OH-A111,E190,2025-02-19 10:29:00,526,Crew,35,False,69
FL001110,2025-02-20,HEL,LHR,OH-A137,A320,2025-02-20 15:03:00,136,None,0,False,101
FL001111,2025-02-20,HEL,ARN,OH-A122,E190,2025-02-20 10:33:00,465,None,0,False,83
FL001112,2025-02-20,HEL,MUC,OH-A108,A321,2025-02-20 08:16:00,322,None,0,False,174
FL001113,2025-02-20,HEL,LHR,OH-A121,A320,2025-02-20 09:14:00,209,None,0,False,99
FL001114,2025-02-20,HEL,JFK,OH-A113,A350,2025-02-20 20:33:00,535,None,0,False,180
FL001115,2025-02-20,HEL,OSL,OH-A145,A350,2025-02-20 18:46:00,552,None,0,False,272
FL001116,2025-02-20,HEL,BCN,OH-A124,A350,2025-02-20 10:53:00,526,Crew,35,False,192
FL001117,2025-02-20,HEL,MUC,OH-A129,A350,2025-02-20 11:16:00,320,None,0,False,252
FL001118,2025-02-20,HEL,BCN,OH-A126,A320,2025-02-20 15:10:00,53,None,0,False,141
FL001119,2025-02-20,HEL,CPH,OH-A113,A350,2025-02-20 21:31:00,76,None,0,False,181
FL001120,2025-02-20,HEL,FRA,OH-A121,A320,2025-02-20 09:53:00,555,None,0,False,144
FL001121,2025-02-20,HEL,BCN,OH-A108,A321,2025-02-20 16:15:00,176,ATC,52,False,147
FL001122,2025-02-20,HEL,CDG,OH-A132,A321,2025-02-20 07:32:00,213,ATC,92,False,139
FL001123,2025-02-20,HEL,NRT,OH-A108,A321,2025-02-20 20:51:00,576,None,0,False,197
FL001124,2025-02-20,HEL,MUC,OH-A107,A350,2025-02-20 08:17:00,468,ATC,43,True,255
FL001125,2025-02-20,HEL,AMS,OH-A124,A350,2025-02-20 19:39:00,244,None,0,False,177
FL001126,2025-02-20,HEL,ARN,OH-A147,A321,2025-02-20 16:30:00,388,Crew,34,False,166
FL001127,2025-02-20,HEL,OSL,OH-A118,A350,2025-02-20 10:30:00,386,Weather,78,False,191
FL001128,2025-02-20,HEL,FRA,OH-A127,A321,2025-02-20 10:00:00,84,None,0,False,153
FL001129,2025-02-20,HEL,AMS,OH-A120,A350,2025-02-20 18:26:00,396,None,0,True,286
FL001130,2025-02-20,HEL,NRT,OH-A127,A321,2025-02-20 15:46:00,184,ATC,47,False,162
FL001131,2025-02-21,HEL,BKK,OH-A121,A320,2025-02-21 18:19:00,453,None,0,False,117
FL001132,2025-02-21,HEL,MUC,OH-A141,A350,2025-02-21 07:33:00,175,Crew,82,False,222
FL001133,2025-02-21,HEL,AMS,OH-A130,A350,2025-02-21 09:42:00,299,None,0,False,205
FL001134,2025-02-21,HEL,ARN,OH-A144,A350,2025-02-21 19:55:00,50,Weather,43,False,245
FL001135,2025-02-21,HEL,CDG,OH-A130,A350,2025-02-21 09:03:00,219,None,0,False,219
FL001136,2025-02-21,HEL,NRT,OH-A107,A350,2025-02-21 19:34:00,85,None,0,False,178
FL001137,2025-02-21,HEL,FRA,OH-A105,E190,2025-02-21 13:20:00,454,None,0,False,57
FL001138,2025-02-21,HEL,NRT,OH-A105,E190,2025-02-21 15:43:00,503,None,0,False,91
FL001139,2025-02-21,HEL,MUC,OH-A139,A350,2025-02-21 18:05:00,175,None,0,False,241
FL001140,2025-02-21,HEL,MUC,OH-A113,A350,2025-02-21 21:44:00,150,None,0,False,282
FL001141,2025-02-21,HEL,FRA,OH-A109,A320,2025-02-21 11:15:00,252,None,0,False,118
FL001142,2025-02-21,HEL,MUC,OH-A138,A321,2025-02-21 07:41:00,504,Weather,46,True,126
FL001143,2025-02-21,HEL,ARN,OH-A113,A350,2025-02-21 07:08:00,348,None,0,False,180
FL001144,2025-02-21,HEL,ARN,OH-A145,A350,2025-02-21 15:10:00,192,None,0,False,283
FL001145,2025-02-21,HEL,FRA,OH-A146,A320,2025-02-21 14:54:00,398,None,0,False,164
FL001146,2025-02-21,HEL,BCN,OH-A110,A320,2025-02-21 15:36:00,341,None,0,False,167
FL001147,2025-02-21,HEL,MUC,OH-A113,A350,2025-02-21 11:32:00,478,Crew,59,False,212
FL001148,2025-02-21,HEL,FRA,OH-A135,A321,2025-02-21 19:31:00,380,None,0,False,154
FL001149,2025-02-21,HEL,CDG,OH-A130,A350,2025-02-21 21:22:00,157,ATC,41,False,266
FL001150,2025-02-21,HEL,MAD,OH-A111,E190,2025-02-21 14:13:00,352,Weather,45,False,94
FL001151,2025-02-21,HEL,BCN,OH-A128,A321,2025-02-21 16:20:00,562,None,0,False,195
FL001152,2025-02-21,HEL,ARN,OH-A102,E190,2025-02-21 19:10:00,100,Technical,39,False,57
FL001153,2025-02-22,HEL,NRT,OH-A104,A321,2025-02-22 17:58:00,467,None,0,False,178
FL001154,2025-02-22,HEL,FRA,OH-A142,A350,2025-02-22 18:36:00,618,ATC,39,False,218
FL001155,2025-02-22,HEL,JFK,OH-A143,A321,2025-02-22 10:04:00,223,None,0,False,127
FL001156,2025-02-22,HEL,FCO,OH-A132,A321,2025-02-22 20:13:00,485,None,0,False,201
FL001157,2025-02-22,HEL,ARN,OH-A129,A350,2025-02-22 16:21:00,598,ATC,32,False,167
FL001158,2025-02-22,HEL,BCN,OH-A130,A350,2025-02-22 18:23:00,542,ATC,46,False,163
FL001159,2025-02-22,HEL,BCN,OH-A108,A321,2025-02-22 21:13:00,582,Ground Handling,54,False,186
FL001160,2025-02-22,HEL,MUC,OH-A118,A350,2025-02-22 17:54:00,213,Technical,46,False,193
FL001161,2025-02-22,HEL,FCO,OH-A106,A350,2025-02-22 13:23:00,475,None,0,False,255
FL001162,2025-02-22,HEL,NRT,OH-A103,A350,2025-02-22 20:29:00,186,Weather,59,False,255
FL001163,2025-02-22,HEL,MUC,OH-A119,A350,2025-02-22 11:05:00,588,None,0,False,275
FL001164,2025-02-22,HEL,CDG,OH-A135,A321,2025-02-22 18:37:00,513,ATC,5,False,144
FL001165,2025-02-22,HEL,BKK,OH-A110,A320,2025-02-22 05:38:00,254,Weather,24,False,164
FL001166,2025-02-22,HEL,BKK,OH-A104,A321,2025-02-22 21:55:00,265,Late Aircraft,5,False,163
FL001167,2025-02-22,HEL,MAD,OH-A111,E190,2025-02-22 17:32:00,96,ATC,44,False,100
FL001168,2025-02-22,HEL,BCN,OH-A122,E190,2025-02-22 18:56:00,481,Weather,30,False,96
FL001169,2025-02-22,HEL,CPH,OH-A137,A320,2025-02-22 15:37:00,103,None,0,False,136
FL001170,2025-02-22,HEL,AMS,OH-A131,E190,2025-02-22 11:44:00,373,None,0,False,86
FL001171,2025-02-22,HEL,OSL,OH-A136,A321,2025-02-22 14:35:00,468,None,0,False,198
FL001172,2025-02-22,HEL,MUC,OH-A133,A320,2025-02-22 19:06:00,488,None,0,False,160
FL001173,2025-02-22,HEL,JFK,OH-A124,A350,2025-02-22 06:16:00,492,None,0,False,229
FL001174,2025-02-22,HEL,LHR,OH-A125,A321,2025-02-22 18:29:00,392,None,0,False,146
FL001175,2025-02-22,HEL,BKK,OH-A116,A320,2025-02-22 11:58:00,225,Weather,10,False,104
FL001176,2025-02-22,HEL,CPH,OH-A108,A321,2025-02-22 11:13:00,305,None,0,False,183
FL001177,2025-02-22,HEL,CPH,OH-A111,E190,2025-02-22 13:55:00,243,Technical,70,False,92
FL001178,2025-02-22,HEL,BKK,OH-A115,A321,2025-02-22 16:06:00,237,None,0,False,201
FL001179,2025-02-23,HEL,NRT,OH-A132,A321,2025-02-23 19:23:00,617,None,0,False,196
FL001180,2025-02-23,HEL,MUC,OH-A120,A350,2025-02-23 15:35:00,69,None,0,False,273
FL001181,2025-02-23,HEL,NRT,OH-A121,A320,2025-02-23 20:54:00,363,None,0,False,115
FL001182,2025-02-23,HEL,FRA,OH-A113,A350,2025-02-23 16:47:00,416,None,0,False,262
FL001183,2025-02-23,HEL,CPH,OH-A117,A321,2025-02-23 12:58:00,520,None,0,False,182
FL001184,2025-02-23,HEL,OSL,OH-A129,A350,2025-02-23 14:29:00,411,None,0,False,202
FL001185,2025-02-23,HEL,LHR,OH-A103,A350,2025-02-23 06:53:00,140,None,0,False,227
FL001186,2025-02-23,HEL,AMS,OH-A101,A320,2025-02-23 21:42:00,454,None,0,False,117
FL001187,2025-02-23,HEL,BKK,OH-A123,E190,2025-02-23 17:06:00,496,None,0,False,99
FL001188,2025-02-23,HEL,CDG,OH-A118,A350,2025-02-23 13:08:00,194,Crew,62,False,184
FL001189,2025-02-23,HEL,BCN,OH-A140,A320,2025-02-23 10:27:00,383,Crew,30,False,136
FL001190,2025-02-23,HEL,LHR,OH-A114,A320,2025-02-23 07:25:00,112,None,0,False,162
FL001191,2025-02-23,HEL,MAD,OH-A109,A320,2025-02-23 14:10:00,524,None,0,False,97
FL001192,2025-02-23,HEL,MUC,OH-A139,A350,2025-02-23 09:33:00,312,None,0,False,281
FL001193,2025-02-23,HEL,OSL,OH-A127,A321,2025-02-23 18:02:00,213,Ground Handling,98,False,126
FL001194,2025-02-23,HEL,FRA,OH-A126,A320,2025-02-23 15:38:00,201,None,0,False,116
FL001195,2025-02-23,HEL,CPH,OH-A142,A350,2025-02-23 18:31:00,491,None,0,False,280
FL001196,2025-02-23,HEL,NRT,OH-A133,A320,2025-02-23 07:21:00,50,None,0,False,154
FL001197,2025-02-23,HEL,MAD,OH-A122,E190,2025-02-23 13:30:00,142,Technical,35,False,92
FL001198,2025-02-23,HEL,BKK,OH-A105,E190,2025-02-23 15:53:00,615,None,0,False,66
FL001199,2025-02-23,HEL,NRT,OH-A104,A321,2025-02-23 08:52:00,198,None,0,False,167
FL001200,2025-02-23,HEL,LHR,OH-A130,A350,2025-02-23 21:24:00,421,Weather,62,False,275
FL001201,2025-02-23,HEL,MAD,OH-A118,A350,2025-02-23 20:10:00,514,None,0,False,168
FL001202,2025-02-23,HEL,CPH,OH-A125,A321,2025-02-23 14:01:00,428,None,0,False,149
FL001203,2025-02-23,HEL,BKK,OH-A111,E190,2025-02-23 13:37:00,307,None,0,False,76
FL001204,2025-02-23,HEL,FCO,OH-A110,A320,2025-02-23 18:37:00,413,None,0,False,138
FL001205,2025-02-24,HEL,CDG,OH-A114,A320,2025-02-24 11:36:00,266,None,0,False,98
FL001206,2025-02-24,HEL,NRT,OH-A108,A321,2025-02-24 16:33:00,602,Technical,5,False,135
FL001207,2025-02-24,HEL,ARN,OH-A100,A350,2025-02-24 20:24:00,427,None,0,False,230
FL001208,2025-02-24,HEL,CPH,OH-A129,A350,2025-02-24 15:37:00,238,None,0,False,253
FL001209,2025-02-24,HEL,OSL,OH-A119,A350,2025-02-24 14:05:00,262,None,0,False,291
FL001210,2025-02-24,HEL,BKK,OH-A123,E190,2025-02-24 16:36:00,440,ATC,54,False,99
FL001211,2025-02-24,HEL,FRA,OH-A136,A321,2025-02-24 20:55:00,378,Crew,65,False,192
FL001212,2025-02-24,HEL,OSL,OH-A103,A350,2025-02-24 15:07:00,113,None,0,False,239
FL001213,2025-02-24,HEL,CDG,OH-A106,A350,2025-02-24 15:29:00,331,Crew,46,False,251
FL001214,2025-02-24,HEL,BKK,OH-A118,A350,2025-02-24 21:30:00,482,None,0,False,257
FL001215,2025-02-24,HEL,MAD,OH-A125,A321,2025-02-24 17:12:00,114,None,0,False,119
FL001216,2025-02-24,HEL,LHR,OH-A124,A350,2025-02-24 16:57:00,472,Late Aircraft,25,False,291
FL001217,2025-02-24,HEL,LHR,OH-A130,A350,2025-02-24 07:10:00,550,ATC,44,False,276
FL001218,2025-02-24,HEL,CPH,OH-A127,A321,2025-02-24 08:30:00,576,None,0,False,130
FL001219,2025-02-24,HEL,FCO,OH-A112,A350,2025-02-24 09:41:00,116,Late Aircraft,35,False,165
FL001220,2025-02-24,HEL,CPH,OH-A108,A321,2025-02-24 17:34:00,208,None,0,False,135
FL001221,2025-02-24,HEL,CDG,OH-A138,A321,2025-02-24 17:45:00,48,Late Aircraft,21,False,188
FL001222,2025-02-24,HEL,CDG,OH-A139,A350,2025-02-24 14:44:00,270,None,0,False,175
FL001223,2025-02-24,HEL,BCN,OH-A134,A320,2025-02-24 07:33:00,293,Crew,75,False,138
FL001224,2025-02-24,HEL,BCN,OH-A117,A321,2025-02-24 20:55:00,66,None,0,False,126
FL001225,2025-02-24,HEL,JFK,OH-A105,E190,2025-02-24 17:35:00,554,None,0,False,84
FL001226,2025-02-25,HEL,AMS,OH-A131,E190,2025-02-25 20:06:00,250,Crew,54,False,58
FL001227,2025-02-25,HEL,JFK,OH-A105,E190,2025-02-25 16:14:00,374,None,0,False,58
FL001228,2025-02-25,HEL,CDG,OH-A124,A350,2025-02-25 06:51:00,327,None,0,False,195
FL001229,2025-02-25,HEL,BKK,OH-A132,A321,2025-02-25 05:52:00,83,None,0,False,125
FL001230,2025-02-25,HEL,NRT,OH-A108,A321,2025-02-25 17:20:00,604,None,0,False,149
FL001231,2025-02-25,HEL,CDG,OH-A101,A320,2025-02-25 11:30:00,412,None,0,False,106
FL001232,2025-02-25,HEL,FRA,OH-A126,A320,2025-02-25 09:35:00,530,None,0,False,161
FL001233,2025-02-25,HEL,JFK,OH-A111,E190,2025-02-25 05:02:00,608,None,0,False,60
FL001234,2025-02-25,HEL,LHR,OH-A129,A350,2025-02-25 13:46:00,93,None,0,False,214
FL001235,2025-02-25,HEL,ARN,OH-A126,A320,2025-02-25 06:15:00,281,None,0,False,156
FL001236,2025-02-25,HEL,CDG,OH-A125,A321,2025-02-25 12:53:00,541,None,0,False,114
FL001237,2025-02-25,HEL,BCN,OH-A106,A350,2025-02-25 08:00:00,439,None,0,False,209
FL001238,2025-02-25,HEL,CPH,OH-A124,A350,2025-02-25 21:29:00,185,None,0,False,163
FL001239,2025-02-25,HEL,CDG,OH-A104,A321,2025-02-25 10:39:00,210,Weather,39,False,175
FL001240,2025-02-25,HEL,NRT,OH-A140,A320,2025-02-25 09:38:00,186,None,0,False,171
FL001241,2025-02-25,HEL,CPH,OH-A107,A350,2025-02-25 16:45:00,300,None,0,False,188
FL001242,2025-02-25,HEL,ARN,OH-A122,E190,2025-02-25 09:30:00,413,None,0,False,83
FL001243,2025-02-25,HEL,AMS,OH-A135,A321,2025-02-25 17:28:00,232,Weather,48,False,202
FL001244,2025-02-25,HEL,ARN,OH-A109,A320,2025-02-25 20:53:00,251,None,0,False,117
FL001245,2025-02-25,HEL,ARN,OH-A126,A320,2025-02-25 13:41:00,304,None,0,False,98
FL001246,2025-02-25,HEL,OSL,OH-A107,A350,2025-02-25 05:05:00,441,None,0,False,238
FL001247,2025-02-25,HEL,CPH,OH-A113,A350,2025-02-25 19:25:00,557,None,0,False,251
FL001248,2025-02-25,HEL,JFK,OH-A146,A320,2025-02-25 05:09:00,243,Late Aircraft,47,False,150
FL001249,2025-02-25,HEL,CPH,OH-A137,A320,2025-02-25 18:19:00,291,Late Aircraft,43,False,129
FL001250,2025-02-25,HEL,MUC,OH-A146,A320,2025-02-25 21:52:00,258,None,0,False,129
FL001251,2025-02-25,HEL,MAD,OH-A118,A350,2025-02-25 15:29:00,511,None,0,False,252
FL001252,2025-02-25,HEL,BCN,OH-A101,A320,2025-02-25 07:12:00,458,None,0,False,116
FL001253,2025-02-26,HEL,JFK,OH-A147,A321,2025-02-26 13:36:00,74,None,0,False,161
FL001254,2025-02-26,HEL,LHR,OH-A108,A321,2025-02-26 07:30:00,210,None,0,False,121
FL001255,2025-02-26,HEL,CPH,OH-A113,A350,2025-02-26 05:32:00,576,Crew,38,False,209
FL001256,2025-02-26,HEL,NRT,OH-A118,A350,2025-02-26 15:10:00,408,None,0,False,252
FL001257,2025-02-26,HEL,OSL,OH-A125,A321,2025-02-26 16:49:00,244,None,0,False,152
FL001258,2025-02-26,HEL,MUC,OH-A121,A320,2025-02-26 08:40:00,570,None,0,False,140
FL001259,2025-02-26,HEL,FRA,OH-A124,A350,2025-02-26 06:55:00,420,None,0,False,193
FL001260,2025-02-26,HEL,FCO,OH-A121,A320,2025-02-26 12:22:00,314,ATC,5,False,160
FL001261,2025-02-26,HEL,ARN,OH-A110,A320,2025-02-26 10:59:00,297,None,0,False,161
FL001262,2025-02-26,HEL,CPH,OH-A132,A321,2025-02-26 19:14:00,93,None,0,False,116
FL001263,2025-02-26,HEL,AMS,OH-A108,A321,2025-02-26 05:37:00,290,Technical,46,False,138
FL001264,2025-02-26,HEL,FRA,OH-A145,A350,2025-02-26 21:22:00,408,None,0,False,186
FL001265,2025-02-26,HEL,JFK,OH-A139,A350,2025-02-26 08:28:00,150,None,0,False,202
FL001266,2025-02-26,HEL,BCN,OH-A143,A321,2025-02-26 20:38:00,378,None,0,False,205
FL001267,2025-02-26,HEL,OSL,OH-A123,E190,2025-02-26 09:10:00,455,ATC,29,False,75
FL001268,2025-02-26,HEL,BKK,OH-A133,A320,2025-02-26 12:42:00,459,Crew,5,False,132
FL001269,2025-02-26,HEL,FRA,OH-A101,A320,2025-02-26 05:28:00,142,None,0,False,144
FL001270,2025-02-26,HEL,BKK,OH-A128,A321,2025-02-26 05:26:00,516,None,0,False,177
FL001271,2025-02-27,HEL,MAD,OH-A110,A320,2025-02-27 09:34:00,601,ATC,71,False,121
FL001272,2025-02-27,HEL,MAD,OH-A141,A350,2025-02-27 21:07:00,566,None,0,False,296
FL001273,2025-02-27,HEL,OSL,OH-A115,A321,2025-02-27 20:53:00,507,None,0,False,175
FL001274,2025-02-27,HEL,FCO,OH-A139,A350,2025-02-27 20:55:00,162,None,0,False,230
FL001275,2025-02-27,HEL,AMS,OH-A116,A320,2025-02-27 19:19:00,460,Weather,79,False,102
FL001276,2025-02-27,HEL,ARN,OH-A101,A320,2025-02-27 19:35:00,452,Crew,59,False,107
FL001277,2025-02-27,HEL,AMS,OH-A106,A350,2025-02-27 05:10:00,442,None,0,False,231
FL001278,2025-02-27,HEL,FCO,OH-A142,A350,2025-02-27 15:54:00,326,None,0,False,244
FL001279,2025-02-27,HEL,MAD,OH-A135,A321,2025-02-27 09:43:00,542,None,0,False,124
FL001280,2025-02-27,HEL,LHR,OH-A140,A320,2025-02-27 17:42:00,531,None,0,False,141
FL001281,2025-02-27,HEL,FCO,OH-A121,A320,2025-02-27 06:21:00,296,None,0,False,171
FL001282,2025-02-27,HEL,AMS,OH-A140,A320,2025-02-27 19:44:00,474,None,0,False,125
FL001283,2025-02-27,HEL,FRA,OH-A122,E190,2025-02-27 14:55:00,131,ATC,40,False,87
FL001284,2025-02-27,HEL,CPH,OH-A116,A320,2025-02-27 12:00:00,304,None,0,False,117
FL001285,2025-02-27,HEL,BKK,OH-A120,A350,2025-02-27 13:32:00,463,Weather,29,False,229
FL001286,2025-02-27,HEL,JFK,OH-A104,A321,2025-02-27 11:40:00,483,None,0,False,155
FL001287,2025-02-27,HEL,OSL,OH-A116,A320,2025-02-27 12:09:00,233,None,0,False,170
FL001288,2025-02-27,HEL,MUC,OH-A127,A321,2025-02-27 07:18:00,245,None,0,False,175
FL001289,2025-02-27,HEL,FCO,OH-A145,A350,2025-02-27 20:19:00,544,None,0,False,211
FL001290,2025-02-27,HEL,MUC,OH-A118,A350,2025-02-27 07:04:00,363,ATC,19,False,257
FL001291,2025-02-28,HEL,MAD,OH-A129,A350,2025-02-28 08:11:00,144,None,0,False,281
FL001292,2025-02-28,HEL,JFK,OH-A144,A350,2025-02-28 11:41:00,606,None,0,False,190
FL001293,2025-02-28,HEL,LHR,OH-A147,A321,2025-02-28 08:21:00,228,None,0,False,126
FL001294,2025-02-28,HEL,BCN,OH-A122,E190,2025-02-28 12:52:00,501,None,0,False,62
FL001295,2025-02-28,HEL,OSL,OH-A142,A350,2025-02-28 10:20:00,137,None,0,False,191
FL001296,2025-02-28,HEL,AMS,OH-A107,A350,2025-02-28 07:00:00,156,Ground Handling,13,False,260
FL001297,2025-02-28,HEL,CDG,OH-A106,A350,2025-02-28 12:09:00,166,Technical,52,False,165
FL001298,2025-02-28,HEL,MAD,OH-A124,A350,2025-02-28 20:49:00,352,None,0,False,184
FL001299,2025-02-28,HEL,NRT,OH-A105,E190,2025-02-28 15:26:00,549,None,0,False,86
FL001300,2025-02-28,HEL,LHR,OH-A133,A320,2025-02-28 12:01:00,429,None,0,False,157
FL001301,2025-02-28,HEL,CDG,OH-A113,A350,2025-02-28 08:56:00,110,None,0,False,216
FL001302,2025-02-28,HEL,JFK,OH-A144,A350,2025-02-28 15:04:00,281,None,0,False,222
FL001303,2025-02-28,HEL,FRA,OH-A124,A350,2025-02-28 15:56:00,389,None,0,False,215
FL001304,2025-02-28,HEL,MUC,OH-A141,A350,2025-02-28 09:09:00,536,None,0,False,240
FL001305,2025-02-28,HEL,MAD,OH-A130,A350,2025-02-28 18:36:00,526,None,0,False,272
FL001306,2025-02-28,HEL,CPH,OH-A111,E190,2025-02-28 13:40:00,441,Weather,36,False,76
FL001307,2025-02-28,HEL,NRT,OH-A102,E190,2025-02-28 20:41:00,208,None,0,False,77
FL001308,2025-02-28,HEL,AMS,OH-A147,A321,2025-02-28 17:31:00,474,Weather,37,False,159
FL001309,2025-02-28,HEL,MAD,OH-A144,A350,2025-02-28 07:42:00,174,Weather,29,False,262
FL001310,2025-02-28,HEL,FRA,OH-A119,A350,2025-02-28 11:05:00,536,Weather,87,False,196
FL001311,2025-02-28,HEL,FCO,OH-A138,A321,2025-02-28 06:03:00,275,Late Aircraft,49,False,172
FL001312,2025-03-01,HEL,ARN,OH-A146,A320,2025-03-01 20:06:00,467,None,0,False,131
FL001313,2025-03-01,HEL,NRT,OH-A100,A350,2025-03-01 21:50:00,200,None,0,False,207
FL001314,2025-03-01,HEL,JFK,OH-A140,A320,2025-03-01 07:43:00,378,Crew,39,False,115
FL001315,2025-03-01,HEL,LHR,OH-A122,E190,2025-03-01 11:21:00,150,None,0,False,58
FL001316,2025-03-01,HEL,AMS,OH-A115,A321,2025-03-01 14:50:00,197,ATC,28,False,200
FL001317,2025-03-01,HEL,FRA,OH-A145,A350,2025-03-01 05:47:00,188,None,0,False,265
FL001318,2025-03-01,HEL,LHR,OH-A137,A320,2025-03-01 07:31:00,50,None,0,False,111
FL001319,2025-03-01,HEL,AMS,OH-A107,A350,2025-03-01 12:58:00,52,Weather,20,False,208
FL001320,2025-03-01,HEL,CDG,OH-A114,A320,2025-03-01 21:28:00,82,None,0,False,167
FL001321,2025-03-01,HEL,MAD,OH-A110,A320,2025-03-01 10:49:00,102,Late Aircraft,43,False,96
FL001322,2025-03-01,HEL,FCO,OH-A124,A350,2025-03-01 06:25:00,178,None,0,False,204
FL001323,2025-03-01,HEL,CPH,OH-A133,A320,2025-03-01 05:51:00,486,None,0,False,132
FL001324,2025-03-01,HEL,FRA,OH-A105,E190,2025-03-01 14:58:00,588,None,0,False,67
FL001325,2025-03-01,HEL,BKK,OH-A142,A350,2025-03-01 09:11:00,151,ATC,43,False,172
FL001326,2025-03-01,HEL,NRT,OH-A140,A320,2025-03-01 05:36:00,599,None,0,False,170
FL001327,2025-03-01,HEL,JFK,OH-A113,A350,2025-03-01 19:40:00,214,None,0,False,287
FL001328,2025-03-01,HEL,FCO,OH-A103,A350,2025-03-01 07:43:00,506,None,0,False,257
FL001329,2025-03-01,HEL,ARN,OH-A106,A350,2025-03-01 19:52:00,380,None,0,False,226
FL001330,2025-03-02,HEL,CPH,OH-A130,A350,2025-03-02 15:18:00,198,None,0,False,189
FL001331,2025-03-02,HEL,CPH,OH-A121,A320,2025-03-02 17:52:00,585,Ground Handling,27,False,170
FL001332,2025-03-02,HEL,MUC,OH-A128,A321,2025-03-02 17:44:00,396,None,0,False,185
FL001333,2025-03-02,HEL,BKK,OH-A112,A350,2025-03-02 05:03:00,369,Ground Handling,5,False,254
FL001334,2025-03-02,HEL,BCN,OH-A112,A350,2025-03-02 16:46:00,473,None,0,False,296
FL001335,2025-03-02,HEL,FRA,OH-A147,A321,2025-03-02 10:56:00,488,None,0,False,152
FL001336,2025-03-02,HEL,BKK,OH-A104,A321,2025-03-02 11:41:00,91,None,0,False,209
FL001337,2025-03-02,HEL,MAD,OH-A113,A350,2025-03-02 07:43:00,262,Weather,62,False,177
FL001338,2025-03-02,HEL,FCO,OH-A110,A320,2025-03-02 06:50:00,358,None,0,False,127
FL001339,2025-03-02,HEL,BCN,OH-A112,A350,2025-03-02 13:39:00,289,None,0,False,260
FL001340,2025-03-02,HEL,FCO,OH-A106,A350,2025-03-02 12:00:00,218,Crew,55,False,241
FL001341,2025-03-02,HEL,MUC,OH-A138,A321,2025-03-02 09:38:00,240,None,0,False,173
FL001342,2025-03-02,HEL,BCN,OH-A100,A350,2025-03-02 20:27:00,160,None,0,False,213
FL001343,2025-03-02,HEL,BCN,OH-A109,A320,2025-03-02 16:53:00,261,None,0,False,145
FL001344,2025-03-02,HEL,FCO,OH-A142,A350,2025-03-02 14:51:00,418,Technical,38,False,288
FL001345,2025-03-02,HEL,NRT,OH-A133,A320,2025-03-02 18:29:00,232,None,0,False,151
FL001346,2025-03-02,HEL,CDG,OH-A139,A350,2025-03-02 08:30:00,386,None,0,False,175
FL001347,2025-03-02,HEL,MAD,OH-A104,A321,2025-03-02 06:13:00,53,None,0,False,130
FL001348,2025-03-02,HEL,ARN,OH-A114,A320,2025-03-02 16:13:00,471,Late Aircraft,51,False,118
FL001349,2025-03-02,HEL,MUC,OH-A125,A321,2025-03-02 11:24:00,572,None,0,False,166
FL001350,2025-03-02,HEL,NRT,OH-A137,A320,2025-03-02 12:12:00,189,None,0,False,121
FL001351,2025-03-03,HEL,JFK,OH-A124,A350,2025-03-03 12:23:00,321,Weather,37,False,297
FL001352,2025-03-03,HEL,JFK,OH-A142,A350,2025-03-03 05:36:00,418,None,0,False,182
FL001353,2025-03-03,HEL,BKK,OH-A142,A350,2025-03-03 15:05:00,328,Crew,6,False,166
FL001354,2025-03-03,HEL,LHR,OH-A145,A350,2025-03-03 20:03:00,506,None,0,False,242
FL001355,2025-03-03,HEL,FCO,OH-A121,A320,2025-03-03 05:59:00,489,ATC,62,False,97
FL001356,2025-03-03,HEL,FCO,OH-A113,A350,2025-03-03 10:49:00,462,None,0,False,240
FL001357,2025-03-03,HEL,JFK,OH-A126,A320,2025-03-03 08:58:00,570,None,0,False,99
FL001358,2025-03-03,HEL,JFK,OH-A105,E190,2025-03-03 12:47:00,241,None,0,False,74
FL001359,2025-03-03,HEL,BKK,OH-A125,A321,2025-03-03 15:18:00,380,None,0,False,173
FL001360,2025-03-03,HEL,FRA,OH-A141,A350,2025-03-03 10:17:00,552,None,0,False,214
FL001361,2025-03-03,HEL,CPH,OH-A140,A320,2025-03-03 17:34:00,404,Crew,35,False,162
FL001362,2025-03-03,HEL,OSL,OH-A118,A350,2025-03-03 11:26:00,57,None,0,False,206
FL001363,2025-03-03,HEL,NRT,OH-A120,A350,2025-03-03 11:37:00,61,None,0,False,182
FL001364,2025-03-03,HEL,JFK,OH-A136,A321,2025-03-03 14:49:00,86,Technical,23,False,134
FL001365,2025-03-03,HEL,ARN,OH-A138,A321,2025-03-03 06:40:00,310,Late Aircraft,25,False,135
FL001366,2025-03-03,HEL,AMS,OH-A138,A321,2025-03-03 10:38:00,271,None,0,False,143
FL001367,2025-03-03,HEL,LHR,OH-A102,E190,2025-03-03 05:08:00,483,None,0,False,71
FL001368,2025-03-03,HEL,CDG,OH-A129,A350,2025-03-03 13:56:00,95,None,0,False,188
FL001369,2025-03-03,HEL,BCN,OH-A100,A350,2025-03-03 09:36:00,296,Technical,25,False,276
FL001370,2025-03-04,HEL,AMS,OH-A138,A321,2025-03-04 05:24:00,414,None,0,False,193
FL001371,2025-03-04,HEL,JFK,OH-A112,A350,2025-03-04 05:39:00,270,None,0,False,210
FL001372,2025-03-04,HEL,CDG,OH-A143,A321,2025-03-04 05:54:00,606,None,0,False,163
FL001373,2025-03-04,HEL,NRT,OH-A102,E190,2025-03-04 08:25:00,360,Weather,33,False,71
FL001374,2025-03-04,HEL,LHR,OH-A127,A321,2025-03-04 09:59:00,399,None,0,False,119
FL001375,2025-03-04,HEL,AMS,OH-A104,A321,2025-03-04 15:53:00,305,Technical,7,False,183
FL001376,2025-03-04,HEL,NRT,OH-A137,A320,2025-03-04 06:16:00,233,None,0,False,152
FL001377,2025-03-04,HEL,LHR,OH-A109,A320,2025-03-04 13:38:00,364,None,0,False,156
FL001378,2025-03-04,HEL,BKK,OH-A145,A350,2025-03-04 13:17:00,135,None,0,False,217
FL001379,2025-03-04,HEL,ARN,OH-A140,A320,2025-03-04 05:21:00,263,Technical,39,False,165
FL001380,2025-03-04,HEL,LHR,OH-A132,A321,2025-03-04 19:30:00,289,None,0,False,189
FL001381,2025-03-04,HEL,BCN,OH-A103,A350,2025-03-04 06:46:00,239,None,0,False,177
FL001382,2025-03-04,HEL,BCN,OH-A137,A320,2025-03-04 14:57:00,409,None,0,False,110
FL001383,2025-03-04,HEL,NRT,OH-A117,A321,2025-03-04 21:41:00,423,None,0,False,203
FL001384,2025-03-04,HEL,BKK,OH-A136,A321,2025-03-04 11:18:00,375,None,0,False,167
FL001385,2025-03-04,HEL,MAD,OH-A134,A320,2025-03-04 06:32:00,401,None,0,False,154
FL001386,2025-03-04,HEL,MAD,OH-A105,E190,2025-03-04 18:28:00,193,None,0,False,99
FL001387,2025-03-04,HEL,CDG,OH-A112,A350,2025-03-04 08:59:00,77,Late Aircraft,30,False,248
FL001388,2025-03-05,HEL,BKK,OH-A122,E190,2025-03-05 10:36:00,279,None,0,False,61
FL001389,2025-03-05,HEL,CPH,OH-A108,A321,2025-03-05 15:10:00,233,None,0,False,134
FL001390,2025-03-05,HEL,FCO,OH-A139,A350,2025-03-05 11:17:00,565,None,0,False,174
FL001391,2025-03-05,HEL,CPH,OH-A114,A320,2025-03-05 09:49:00,248,None,0,False,136
FL001392,2025-03-05,HEL,CDG,OH-A132,A321,2025-03-05 13:55:00,369,None,0,False,179
FL001393,2025-03-05,HEL,LHR,OH-A105,E190,2025-03-05 07:24:00,246,None,0,False,65
FL001394,2025-03-05,HEL,BCN,OH-A143,A321,2025-03-05 17:18:00,233,None,0,False,179
FL001395,2025-03-05,HEL,JFK,OH-A142,A350,2025-03-05 13:11:00,420,Technical,10,False,216
FL001396,2025-03-05,HEL,CPH,OH-A142,A350,2025-03-05 16:57:00,289,None,0,False,198
FL001397,2025-03-05,HEL,BCN,OH-A113,A350,2025-03-05 13:04:00,402,None,0,False,206
FL001398,2025-03-05,HEL,LHR,OH-A110,A320,2025-03-05 06:44:00,133,ATC,29,False,104
FL001399,2025-03-05,HEL,CPH,OH-A125,A321,2025-03-05 11:57:00,589,None,0,False,148
FL001400,2025-03-05,HEL,AMS,OH-A140,A320,2025-03-05 06:13:00,227,Technical,79,False,133
FL001401,2025-03-05,HEL,BCN,OH-A138,A321,2025-03-05 16:14:00,612,Weather,71,False,149
FL001402,2025-03-05,HEL,OSL,OH-A120,A350,2025-03-05 06:12:00,470,ATC,48,False,264
FL001403,2025-03-05,HEL,AMS,OH-A104,A321,2025-03-05 16:56:00,206,Technical,25,False,171
FL001404,2025-03-05,HEL,BKK,OH-A122,E190,2025-03-05 14:21:00,337,None,0,False,70
FL001405,2025-03-05,HEL,CDG,OH-A124,A350,2025-03-05 06:50:00,569,Late Aircraft,78,False,204
FL001406,2025-03-05,HEL,BKK,OH-A145,A350,2025-03-05 09:36:00,374,None,0,False,257
FL001407,2025-03-05,HEL,JFK,OH-A100,A350,2025-03-05 19:59:00,565,None,0,False,239
FL001408,2025-03-05,HEL,AMS,OH-A112,A350,2025-03-05 20:57:00,452,None,0,False,229
FL001409,2025-03-05,HEL,BCN,OH-A146,A320,2025-03-05 18:08:00,265,Weather,62,False,156
FL001410,2025-03-05,HEL,MAD,OH-A140,A320,2025-03-05 21:43:00,556,Ground Handling,63,False,142
FL001411,2025-03-06,HEL,FCO,OH-A127,A321,2025-03-06 14:08:00,175,None,0,False,191
FL001412,2025-03-06,HEL,ARN,OH-A127,A321,2025-03-06 18:09:00,468,None,0,False,195
FL001413,2025-03-06,HEL,FRA,OH-A145,A350,2025-03-06 14:32:00,214,None,0,False,280
FL001414,2025-03-06,HEL,LHR,OH-A109,A320,2025-03-06 18:21:00,480,Weather,16,False,140
FL001415,2025-03-06,HEL,CDG,OH-A113,A350,2025-03-06 18:01:00,267,None,0,False,188
FL001416,2025-03-06,HEL,BKK,OH-A128,A321,2025-03-06 05:55:00,506,None,0,False,203
FL001417,2025-03-06,HEL,MUC,OH-A106,A350,2025-03-06 09:22:00,86,ATC,31,False,183
FL001418,2025-03-06,HEL,CPH,OH-A140,A320,2025-03-06 17:29:00,543,None,0,False,136
FL001419,2025-03-06,HEL,AMS,OH-A135,A321,2025-03-06 17:38:00,274,ATC,5,False,114
FL001420,2025-03-06,HEL,LHR,OH-A142,A350,2025-03-06 12:43:00,475,Technical,44,True,240
FL001421,2025-03-06,HEL,NRT,OH-A125,A321,2025-03-06 06:15:00,354,Late Aircraft,32,False,185
FL001422,2025-03-06,HEL,CDG,OH-A111,E190,2025-03-06 21:26:00,518,None,0,False,79
FL001423,2025-03-06,HEL,CDG,OH-A101,A320,2025-03-06 14:24:00,65,Late Aircraft,5,False,169
FL001424,2025-03-06,HEL,CDG,OH-A123,E190,2025-03-06 06:42:00,387,None,0,False,58
FL001425,2025-03-06,HEL,OSL,OH-A112,A350,2025-03-06 15:24:00,427,ATC,35,False,199
FL001426,2025-03-06,HEL,FCO,OH-A110,A320,2025-03-06 07:06:00,307,None,0,False,109
FL001427,2025-03-06,HEL,BCN,OH-A104,A321,2025-03-06 17:33:00,508,ATC,27,False,115
FL001428,2025-03-06,HEL,FRA,OH-A109,A320,2025-03-06 06:27:00,277,None,0,False,173
FL001429,2025-03-06,HEL,AMS,OH-A146,A320,2025-03-06 11:29:00,133,None,0,False,133
FL001430,2025-03-06,HEL,MAD,OH-A114,A320,2025-03-06 21:39:00,608,None,0,False,173
FL001431,2025-03-06,HEL,CPH,OH-A120,A350,2025-03-06 07:07:00,67,None,0,False,283
FL001432,2025-03-06,HEL,BKK,OH-A106,A350,2025-03-06 14:55:00,588,None,0,False,280
FL001433,2025-03-07,HEL,ARN,OH-A137,A320,2025-03-07 15:24:00,169,None,0,False,119
FL001434,2025-03-07,HEL,LHR,OH-A118,A350,2025-03-07 18:50:00,310,Late Aircraft,68,False,193
FL001435,2025-03-07,HEL,OSL,OH-A136,A321,2025-03-07 09:18:00,510,Technical,9,False,194
FL001436,2025-03-07,HEL,ARN,OH-A135,A321,2025-03-07 07:51:00,480,None,0,False,185
FL001437,2025-03-07,HEL,AMS,OH-A146,A320,2025-03-07 11:34:00,233,None,0,False,133
FL001438,2025-03-07,HEL,AMS,OH-A123,E190,2025-03-07 20:29:00,487,None,0,False,86
FL001439,2025-03-07,HEL,CPH,OH-A113,A350,2025-03-07 06:19:00,237,None,0,False,194
FL001440,2025-03-07,HEL,JFK,OH-A138,A321,2025-03-07 19:05:00,192,None,0,False,168
FL001441,2025-03-07,HEL,NRT,OH-A117,A321,2025-03-07 21:13:00,70,None,0,False,175
FL001442,2025-03-07,HEL,FCO,OH-A121,A320,2025-03-07 20:50:00,129,None,0,False,171
FL001443,2025-03-07,HEL,MUC,OH-A103,A350,2025-03-07 18:12:00,350,ATC,32,False,271
FL001444,2025-03-07,HEL,BKK,OH-A142,A350,2025-03-07 09:59:00,177,None,0,True,251
FL001445,2025-03-07,HEL,CDG,OH-A114,A320,2025-03-07 14:48:00,594,None,0,False,164
FL001446,2025-03-07,HEL,AMS,OH-A142,A350,2025-03-07 18:37:00,227,Crew,58,False,224
FL001447,2025-03-07,HEL,ARN,OH-A120,A350,2025-03-07 20:55:00,427,None,0,False,180
FL001448,2025-03-07,HEL,MAD,OH-A122,E190,2025-03-07 14:37:00,434,None,0,False,61
FL001449,2025-03-07,HEL,CPH,OH-A138,A321,2025-03-07 15:14:00,134,Weather,42,False,154
FL001450,2025-03-07,HEL,MAD,OH-A138,A321,2025-03-07 14:34:00,534,None,0,False,183
FL001451,2025-03-08,HEL,FCO,OH-A106,A350,2025-03-08 21:51:00,140,None,0,False,242
FL001452,2025-03-08,HEL,CDG,OH-A120,A350,2025-03-08 05:21:00,503,None,0,False,288
FL001453,2025-03-08,HEL,BCN,OH-A131,E190,2025-03-08 13:20:00,158,None,0,False,79
FL001454,2025-03-08,HEL,OSL,OH-A112,A350,2025-03-08 07:46:00,358,None,0,False,262
FL001455,2025-03-08,HEL,MUC,OH-A106,A350,2025-03-08 11:07:00,48,Late Aircraft,12,False,178
FL001456,2025-03-08,HEL,CPH,OH-A121,A320,2025-03-08 19:17:00,193,Weather,5,False,129
FL001457,2025-03-08,HEL,FCO,OH-A101,A320,2025-03-08 21:55:00,276,None,0,False,115
FL001458,2025-03-08,HEL,ARN,OH-A127,A321,2025-03-08 10:57:00,423,None,0,False,164
FL001459,2025-03-08,HEL,BKK,OH-A103,A350,2025-03-08 11:37:00,328,Ground Handling,37,False,270
FL001460,2025-03-08,HEL,JFK,OH-A112,A350,2025-03-08 18:19:00,450,None,0,False,256
FL001461,2025-03-08,HEL,BCN,OH-A142,A350,2025-03-08 14:09:00,48,None,0,False,295
FL001462,2025-03-08,HEL,NRT,OH-A129,A350,2025-03-08 05:48:00,357,None,0,False,168
FL001463,2025-03-08,HEL,JFK,OH-A127,A321,2025-03-08 21:38:00,340,None,0,False,189
FL001464,2025-03-08,HEL,CPH,OH-A126,A320,2025-03-08 19:46:00,513,Weather,5,False,100
FL001465,2025-03-08,HEL,FCO,OH-A109,A320,2025-03-08 09:17:00,157,None,0,False,112
FL001466,2025-03-08,HEL,AMS,OH-A138,A321,2025-03-08 13:41:00,122,None,0,False,177
FL001467,2025-03-08,HEL,JFK,OH-A111,E190,2025-03-08 19:30:00,228,Late Aircraft,48,False,63
FL001468,2025-03-08,HEL,NRT,OH-A136,A321,2025-03-08 15:58:00,158,None,0,False,149
FL001469,2025-03-08,HEL,BKK,OH-A145,A350,2025-03-08 13:59:00,254,None,0,False,247
FL001470,2025-03-08,HEL,FRA,OH-A145,A350,2025-03-08 06:45:00,372,Weather,45,False,202
FL001471,2025-03-08,HEL,OSL,OH-A133,A320,2025-03-08 07:25:00,612,None,0,False,165
FL001472,2025-03-09,HEL,BCN,OH-A110,A320,2025-03-09 17:52:00,57,None,0,False,139
FL001473,2025-03-09,HEL,BCN,OH-A115,A321,2025-03-09 11:11:00,406,None,0,False,201
FL001474,2025-03-09,HEL,MUC,OH-A128,A321,2025-03-09 10:52:00,573,None,0,False,116
FL001475,2025-03-09,HEL,MUC,OH-A111,E190,2025-03-09 06:23:00,480,None,0,False,73
FL001476,2025-03-09,HEL,MUC,OH-A122,E190,2025-03-09 07:43:00,470,None,0,False,88
FL001477,2025-03-09,HEL,CDG,OH-A136,A321,2025-03-09 07:29:00,121,ATC,49,False,203
FL001478,2025-03-09,HEL,JFK,OH-A115,A321,2025-03-09 19:42:00,375,None,0,False,131
FL001479,2025-03-09,HEL,CDG,OH-A106,A350,2025-03-09 18:32:00,521,None,0,False,182
FL001480,2025-03-09,HEL,BCN,OH-A130,A350,2025-03-09 05:33:00,440,ATC,39,False,173
FL001481,2025-03-09,HEL,MAD,OH-A136,A321,2025-03-09 06:56:00,424,None,0,False,198
FL001482,2025-03-09,HEL,MUC,OH-A138,A321,2025-03-09 05:30:00,305,Technical,35,False,120
FL001483,2025-03-09,HEL,BCN,OH-A111,E190,2025-03-09 14:29:00,267,None,0,False,67
FL001484,2025-03-09,HEL,ARN,OH-A115,A321,2025-03-09 14:55:00,224,Crew,45,False,130
FL001485,2025-03-09,HEL,CDG,OH-A132,A321,2025-03-09 08:27:00,233,None,0,False,118
FL001486,2025-03-09,HEL,FRA,OH-A146,A320,2025-03-09 18:53:00,579,None,0,False,153
FL001487,2025-03-09,HEL,AMS,OH-A118,A350,2025-03-09 07:24:00,291,None,0,False,200
FL001488,2025-03-09,HEL,NRT,OH-A103,A350,2025-03-09 12:20:00,554,None,0,False,211
FL001489,2025-03-09,HEL,NRT,OH-A144,A350,2025-03-09 08:22:00,563,None,0,False,249
FL001490,2025-03-09,HEL,MAD,OH-A132,A321,2025-03-09 07:10:00,563,None,0,False,166
FL001491,2025-03-09,HEL,CDG,OH-A111,E190,2025-03-09 11:06:00,76,None,0,False,69
FL001492,2025-03-09,HEL,ARN,OH-A135,A321,2025-03-09 14:34:00,319,None,0,False,139
FL001493,2025-03-09,HEL,FCO,OH-A129,A350,2025-03-09 14:45:00,135,None,0,False,291
FL001494,2025-03-09,HEL,NRT,OH-A142,A350,2025-03-09 19:02:00,265,None,0,False,258
FL001495,2025-03-09,HEL,FRA,OH-A115,A321,2025-03-09 14:44:00,422,Technical,40,False,159
FL001496,2025-03-09,HEL,JFK,OH-A120,A350,2025-03-09 07:28:00,150,None,0,False,175
FL001497,2025-03-09,HEL,BKK,OH-A121,A320,2025-03-09 20:26:00,570,None,0,False,169
FL001498,2025-03-09,HEL,MUC,OH-A141,A350,2025-03-09 06:12:00,353,None,0,False,274
FL001499,2025-03-10,HEL,CPH,OH-A137,A320,2025-03-10 14:20:00,285,None,0,False,134
FL001500,2025-03-10,HEL,BKK,OH-A110,A320,2025-03-10 09:26:00,568,None,0,False,113
FL001501,2025-03-10,HEL,BKK,OH-A135,A321,2025-03-10 19:32:00,555,ATC,32,False,171
FL001502,2025-03-10,HEL,AMS,OH-A147,A321,2025-03-10 18:04:00,158,None,0,False,130
FL001503,2025-03-10,HEL,AMS,OH-A115,A321,2025-03-10 13:45:00,474,None,0,False,115
FL001504,2025-03-10,HEL,AMS,OH-A146,A320,2025-03-10 14:47:00,475,None,0,False,159
FL001505,2025-03-10,HEL,CDG,OH-A136,A321,2025-03-10 17:32:00,214,None,0,False,173
FL001506,2025-03-10,HEL,MUC,OH-A131,E190,2025-03-10 19:12:00,259,None,0,False,87
FL001507,2025-03-10,HEL,CDG,OH-A122,E190,2025-03-10 06:38:00,165,None,0,False,60
FL001508,2025-03-10,HEL,BCN,OH-A113,A350,2025-03-10 13:26:00,447,Weather,46,False,235
FL001509,2025-03-10,HEL,AMS,OH-A107,A350,2025-03-10 15:11:00,223,ATC,10,False,262
FL001510,2025-03-10,HEL,BCN,OH-A134,A320,2025-03-10 07:16:00,412,None,0,False,174
FL001511,2025-03-10,HEL,BKK,OH-A104,A321,2025-03-10 11:04:00,318,None,0,False,151
FL001512,2025-03-10,HEL,OSL,OH-A142,A350,2025-03-10 18:55:00,466,Weather,24,False,262
FL001513,2025-03-10,HEL,ARN,OH-A131,E190,2025-03-10 15:55:00,480,None,0,False,70
FL001514,2025-03-10,HEL,MUC,OH-A123,E190,2025-03-10 09:04:00,353,None,0,False,59
FL001515,2025-03-10,HEL,CPH,OH-A128,A321,2025-03-10 21:14:00,466,None,0,False,173
FL001516,2025-03-10,HEL,LHR,OH-A138,A321,2025-03-10 06:55:00,534,None,0,False,130
FL001517,2025-03-11,HEL,FCO,OH-A122,E190,2025-03-11 11:35:00,261,None,0,False,75
FL001518,2025-03-11,HEL,ARN,OH-A113,A350,2025-03-11 12:13:00,249,ATC,36,False,166
FL001519,2025-03-11,HEL,BCN,OH-A126,A320,2025-03-11 18:04:00,142,None,0,False,126
FL001520,2025-03-11,HEL,NRT,OH-A112,A350,2025-03-11 05:19:00,530,None,0,False,188
FL001521,2025-03-11,HEL,BCN,OH-A145,A350,2025-03-11 21:59:00,301,Technical,16,False,253
FL001522,2025-03-11,HEL,BKK,OH-A135,A321,2025-03-11 10:38:00,578,None,0,False,159
FL001523,2025-03-11,HEL,CDG,OH-A101,A320,2025-03-11 13:31:00,88,Weather,30,False,173
FL001524,2025-03-11,HEL,ARN,OH-A125,A321,2025-03-11 17:30:00,410,Ground Handling,71,False,116
FL001525,2025-03-11,HEL,MAD,OH-A128,A321,2025-03-11 15:15:00,119,None,0,False,178
FL001526,2025-03-11,HEL,OSL,OH-A133,A320,2025-03-11 17:10:00,319,None,0,False,132
FL001527,2025-03-11,HEL,ARN,OH-A132,A321,2025-03-11 11:09:00,568,None,0,False,165
FL001528,2025-03-11,HEL,OSL,OH-A116,A320,2025-03-11 12:51:00,65,None,0,False,104
FL001529,2025-03-11,HEL,BKK,OH-A111,E190,2025-03-11 18:16:00,373,Technical,36,False,87
FL001530,2025-03-11,HEL,FCO,OH-A105,E190,2025-03-11 06:28:00,485,None,0,False,66
FL001531,2025-03-11,HEL,LHR,OH-A116,A320,2025-03-11 21:20:00,465,None,0,False,103
FL001532,2025-03-11,HEL,BCN,OH-A106,A350,2025-03-11 09:33:00,160,Ground Handling,38,False,197
FL001533,2025-03-11,HEL,CDG,OH-A146,A320,2025-03-11 14:21:00,319,None,0,False,116
FL001534,2025-03-11,HEL,OSL,OH-A102,E190,2025-03-11 06:54:00,208,None,0,False,81
FL001535,2025-03-11,HEL,BKK,OH-A132,A321,2025-03-11 10:04:00,429,None,0,False,198
FL001536,2025-03-11,HEL,JFK,OH-A144,A350,2025-03-11 10:05:00,58,None,0,False,197
FL001537,2025-03-11,HEL,AMS,OH-A142,A350,2025-03-11 20:32:00,552,None,0,False,170
FL001538,2025-03-11,HEL,CDG,OH-A121,A320,2025-03-11 10:01:00,95,ATC,15,False,105
FL001539,2025-03-11,HEL,JFK,OH-A143,A321,2025-03-11 21:36:00,277,None,0,False,172
FL001540,2025-03-12,HEL,LHR,OH-A127,A321,2025-03-12 20:18:00,137,None,0,False,189
FL001541,2025-03-12,HEL,AMS,OH-A101,A320,2025-03-12 15:12:00,128,None,0,False,174
FL001542,2025-03-12,HEL,ARN,OH-A101,A320,2025-03-12 15:35:00,258,Crew,20,False,167
FL001543,2025-03-12,HEL,ARN,OH-A145,A350,2025-03-12 16:17:00,555,Weather,23,False,203
FL001544,2025-03-12,HEL,NRT,OH-A101,A320,2025-03-12 06:44:00,618,None,0,False,173
FL001545,2025-03-12,HEL,BKK,OH-A120,A350,2025-03-12 05:16:00,560,Technical,31,False,296
FL001546,2025-03-12,HEL,MUC,OH-A137,A320,2025-03-12 12:16:00,560,Weather,47,False,156
FL001547,2025-03-12,HEL,NRT,OH-A113,A350,2025-03-12 19:51:00,276,None,0,False,272
FL001548,2025-03-12,HEL,MAD,OH-A108,A321,2025-03-12 21:07:00,462,None,0,False,195
FL001549,2025-03-12,HEL,ARN,OH-A121,A320,2025-03-12 16:31:00,106,None,0,False,106
FL001550,2025-03-12,HEL,FCO,OH-A108,A321,2025-03-12 14:07:00,589,None,0,False,200
FL001551,2025-03-12,HEL,ARN,OH-A123,E190,2025-03-12 14:41:00,337,ATC,66,False,87
FL001552,2025-03-12,HEL,JFK,OH-A134,A320,2025-03-12 16:52:00,46,Ground Handling,54,False,134
FL001553,2025-03-12,HEL,AMS,OH-A104,A321,2025-03-12 17:17:00,62,None,0,False,201
FL001554,2025-03-12,HEL,CPH,OH-A135,A321,2025-03-12 06:25:00,444,None,0,False,138
FL001555,2025-03-12,HEL,LHR,OH-A146,A320,2025-03-12 21:30:00,227,Technical,5,False,151
FL001556,2025-03-12,HEL,MAD,OH-A146,A320,2025-03-12 13:06:00,68,Technical,54,False,112
FL001557,2025-03-12,HEL,JFK,OH-A108,A321,2025-03-12 12:25:00,126,None,0,False,166
FL001558,2025-03-13,HEL,MAD,OH-A112,A350,2025-03-13 14:31:00,197,ATC,5,False,293
FL001559,2025-03-13,HEL,MAD,OH-A131,E190,2025-03-13 14:34:00,430,Crew,40,False,75
FL001560,2025-03-13,HEL,BKK,OH-A135,A321,2025-03-13 10:42:00,330,None,0,False,178
FL001561,2025-03-13,HEL,FRA,OH-A102,E190,2025-03-13 06:24:00,63,None,0,False,74
FL001562,2025-03-13,HEL,OSL,OH-A118,A350,2025-03-13 10:05:00,187,None,0,False,241
FL001563,2025-03-13,HEL,BCN,OH-A110,A320,2025-03-13 09:04:00,109,None,0,False,141
FL001564,2025-03-13,HEL,FRA,OH-A147,A321,2025-03-13 20:42:00,362,None,0,False,175
FL001565,2025-03-13,HEL,JFK,OH-A109,A320,2025-03-13 16:16:00,149,None,0,False,132
FL001566,2025-03-13,HEL,FCO,OH-A100,A350,2025-03-13 11:18:00,295,None,0,False,268
FL001567,2025-03-13,HEL,FRA,OH-A110,A320,2025-03-13 17:55:00,202,None,0,False,98
FL001568,2025-03-13,HEL,AMS,OH-A136,A321,2025-03-13 12:46:00,487,None,0,False,156
FL001569,2025-03-13,HEL,AMS,OH-A112,A350,2025-03-13 14:36:00,77,Crew,43,False,216
FL001570,2025-03-13,HEL,BCN,OH-A117,A321,2025-03-13 20:41:00,197,None,0,False,171
FL001571,2025-03-13,HEL,BCN,OH-A140,A320,2025-03-13 07:32:00,296,None,0,False,121
FL001572,2025-03-13,HEL,MUC,OH-A125,A321,2025-03-13 14:23:00,273,None,0,False,184
FL001573,2025-03-13,HEL,MUC,OH-A101,A320,2025-03-13 14:14:00,298,None,0,False,135
FL001574,2025-03-13,HEL,BKK,OH-A131,E190,2025-03-13 08:46:00,568,None,0,False,91
FL001575,2025-03-13,HEL,LHR,OH-A141,A350,2025-03-13 05:05:00,415,Technical,14,False,201
FL001576,2025-03-13,HEL,OSL,OH-A109,A320,2025-03-13 15:00:00,564,None,0,False,162
FL001577,2025-03-13,HEL,JFK,OH-A128,A321,2025-03-13 14:00:00,114,None,0,False,116
FL001578,2025-03-13,HEL,BKK,OH-A140,A320,2025-03-13 17:30:00,247,None,0,False,170
FL001579,2025-03-13,HEL,BCN,OH-A122,E190,2025-03-13 09:59:00,410,Weather,34,False,55
FL001580,2025-03-13,HEL,AMS,OH-A145,A350,2025-03-13 12:29:00,442,None,0,False,170
FL001581,2025-03-13,HEL,CDG,OH-A132,A321,2025-03-13 10:14:00,592,None,0,False,179
FL001582,2025-03-13,HEL,FRA,OH-A120,A350,2025-03-13 16:16:00,547,Weather,37,False,190
FL001583,2025-03-13,HEL,ARN,OH-A119,A350,2025-03-13 20:34:00,335,None,0,False,193
FL001584,2025-03-13,HEL,MUC,OH-A121,A320,2025-03-13 20:35:00,443,None,0,False,162
FL001585,2025-03-14,HEL,MAD,OH-A130,A350,2025-03-14 19:58:00,507,None,0,False,210
FL001586,2025-03-14,HEL,ARN,OH-A135,A321,2025-03-14 13:51:00,439,None,0,False,188
FL001587,2025-03-14,HEL,MUC,OH-A146,A320,2025-03-14 18:26:00,62,None,0,False,105
FL001588,2025-03-14,HEL,JFK,OH-A129,A350,2025-03-14 18:43:00,189,None,0,False,237
FL001589,2025-03-14,HEL,OSL,OH-A116,A320,2025-03-14 11:11:00,424,None,0,False,172
FL001590,2025-03-14,HEL,JFK,OH-A129,A350,2025-03-14 20:50:00,377,None,0,False,205
FL001591,2025-03-14,HEL,AMS,OH-A129,A350,2025-03-14 20:39:00,163,None,0,False,269
FL001592,2025-03-14,HEL,NRT,OH-A127,A321,2025-03-14 07:41:00,151,Weather,46,False,206
FL001593,2025-03-14,HEL,BCN,OH-A116,A320,2025-03-14 12:26:00,392,None,0,False,122
FL001594,2025-03-14,HEL,OSL,OH-A116,A320,2025-03-14 10:17:00,471,ATC,33,False,121
FL001595,2025-03-14,HEL,FCO,OH-A121,A320,2025-03-14 16:29:00,389,None,0,False,103
FL001596,2025-03-14,HEL,ARN,OH-A144,A350,2025-03-14 12:42:00,209,Weather,19,False,192
FL001597,2025-03-14,HEL,LHR,OH-A108,A321,2025-03-14 20:28:00,379,None,0,False,160
FL001598,2025-03-14,HEL,NRT,OH-A115,A321,2025-03-14 09:57:00,158,Crew,65,False,137
FL001599,2025-03-14,HEL,NRT,OH-A141,A350,2025-03-14 16:53:00,67,None,0,False,180
FL001600,2025-03-14,HEL,ARN,OH-A135,A321,2025-03-14 10:16:00,311,None,0,False,115
FL001601,2025-03-14,HEL,AMS,OH-A132,A321,2025-03-14 19:35:00,444,None,0,False,117
FL001602,2025-03-14,HEL,CPH,OH-A140,A320,2025-03-14 12:50:00,93,None,0,False,138
FL001603,2025-03-14,HEL,LHR,OH-A102,E190,2025-03-14 05:39:00,491,Ground Handling,41,False,99
FL001604,2025-03-14,HEL,BKK,OH-A104,A321,2025-03-14 17:31:00,234,None,0,False,182
FL001605,2025-03-14,HEL,OSL,OH-A138,A321,2025-03-14 11:10:00,216,Weather,51,False,135
FL001606,2025-03-15,HEL,NRT,OH-A145,A350,2025-03-15 16:15:00,270,Ground Handling,6,False,291
FL001607,2025-03-15,HEL,AMS,OH-A139,A350,2025-03-15 13:39:00,55,None,0,False,183
FL001608,2025-03-15,HEL,CPH,OH-A106,A350,2025-03-15 11:59:00,445,ATC,26,False,260
FL001609,2025-03-15,HEL,MAD,OH-A142,A350,2025-03-15 05:51:00,355,ATC,7,False,254
FL001610,2025-03-15,HEL,OSL,OH-A118,A350,2025-03-15 18:49:00,536,None,0,False,173
FL001611,2025-03-15,HEL,NRT,OH-A109,A320,2025-03-15 08:08:00,208,None,0,True,112
FL001612,2025-03-15,HEL,AMS,OH-A133,A320,2025-03-15 10:01:00,501,None,0,False,158
FL001613,2025-03-15,HEL,FCO,OH-A108,A321,2025-03-15 15:35:00,193,None,0,False,188
FL001614,2025-03-15,HEL,MAD,OH-A110,A320,2025-03-15 08:39:00,70,None,0,False,153
FL001615,2025-03-15,HEL,FRA,OH-A117,A321,2025-03-15 16:41:00,86,None,0,False,126
FL001616,2025-03-15,HEL,BCN,OH-A112,A350,2025-03-15 20:51:00,468,None,0,False,223
FL001617,2025-03-15,HEL,OSL,OH-A143,A321,2025-03-15 16:08:00,602,None,0,False,117
FL001618,2025-03-15,HEL,CPH,OH-A102,E190,2025-03-15 19:14:00,391,None,0,False,74
FL001619,2025-03-15,HEL,FCO,OH-A112,A350,2025-03-15 06:46:00,286,Ground Handling,41,False,201
FL001620,2025-03-15,HEL,BKK,OH-A133,A320,2025-03-15 17:04:00,559,None,0,False,149
FL001621,2025-03-15,HEL,NRT,OH-A124,A350,2025-03-15 19:25:00,376,None,0,False,214
FL001622,2025-03-15,HEL,CDG,OH-A130,A350,2025-03-15 07:33:00,164,None,0,False,196
FL001623,2025-03-15,HEL,AMS,OH-A137,A320,2025-03-15 20:17:00,437,Crew,88,False,126
FL001624,2025-03-15,HEL,AMS,OH-A121,A320,2025-03-15 11:46:00,439,ATC,23,False,143
FL001625,2025-03-15,HEL,MAD,OH-A136,A321,2025-03-15 08:26:00,479,Ground Handling,5,False,159
FL001626,2025-03-15,HEL,BCN,OH-A141,A350,2025-03-15 14:32:00,151,Ground Handling,71,False,233
FL001627,2025-03-15,HEL,JFK,OH-A102,E190,2025-03-15 10:45:00,113,None,0,False,64
FL001628,2025-03-16,HEL,MAD,OH-A107,A350,2025-03-16 10:16:00,383,Weather,46,False,293
FL001629,2025-03-16,HEL,BKK,OH-A110,A320,2025-03-16 14:58:00,46,Technical,74,False,114
FL001630,2025-03-16,HEL,BKK,OH-A127,A321,2025-03-16 16:08:00,404,None,0,False,132
FL001631,2025-03-16,HEL,MUC,OH-A104,A321,2025-03-16 12:28:00,282,None,0,False,137
FL001632,2025-03-16,HEL,ARN,OH-A143,A321,2025-03-16 10:39:00,464,None,0,False,206
FL001633,2025-03-16,HEL,NRT,OH-A133,A320,2025-03-16 07:26:00,254,None,0,True,140
FL001634,2025-03-16,HEL,BKK,OH-A133,A320,2025-03-16 18:11:00,543,None,0,False,129
FL001635,2025-03-16,HEL,LHR,OH-A110,A320,2025-03-16 14:39:00,526,None,0,False,108
FL001636,2025-03-16,HEL,AMS,OH-A142,A350,2025-03-16 12:10:00,308,None,0,False,288
FL001637,2025-03-16,HEL,ARN,OH-A111,E190,2025-03-16 10:02:00,607,Weather,39,False,80
FL001638,2025-03-16,HEL,JFK,OH-A145,A350,2025-03-16 17:47:00,567,Ground Handling,8,False,257
FL001639,2025-03-16,HEL,FCO,OH-A118,A350,2025-03-16 20:08:00,220,ATC,30,False,258
FL001640,2025-03-16,HEL,ARN,OH-A108,A321,2025-03-16 15:41:00,357,Ground Handling,30,False,186
FL001641,2025-03-16,HEL,MAD,OH-A121,A320,2025-03-16 19:31:00,282,Late Aircraft,24,False,105
FL001642,2025-03-16,HEL,AMS,OH-A146,A320,2025-03-16 11:17:00,175,Late Aircraft,56,True,130
FL001643,2025-03-16,HEL,MUC,OH-A138,A321,2025-03-16 13:48:00,184,Late Aircraft,19,False,207
FL001644,2025-03-16,HEL,LHR,OH-A114,A320,2025-03-16 16:01:00,89,None,0,False,141
FL001645,2025-03-16,HEL,JFK,OH-A142,A350,2025-03-16 08:36:00,585,None,0,False,186
FL001646,2025-03-16,HEL,AMS,OH-A106,A350,2025-03-16 17:34:00,240,None,0,False,171
FL001647,2025-03-16,HEL,JFK,OH-A121,A320,2025-03-16 05:12:00,70,None,0,False,163
FL001648,2025-03-17,HEL,FRA,OH-A117,A321,2025-03-17 14:28:00,391,None,0,False,142
FL001649,2025-03-17,HEL,LHR,OH-A107,A350,2025-03-17 20:47:00,463,Ground Handling,14,False,180
FL001650,2025-03-17,HEL,BKK,OH-A111,E190,2025-03-17 10:42:00,273,None,0,False,88
FL001651,2025-03-17,HEL,JFK,OH-A144,A350,2025-03-17 20:02:00,453,Ground Handling,5,False,189
FL001652,2025-03-17,HEL,OSL,OH-A137,A320,2025-03-17 08:37:00,446,None,0,False,143
FL001653,2025-03-17,HEL,FCO,OH-A144,A350,2025-03-17 05:17:00,564,Crew,32,False,271
FL001654,2025-03-17,HEL,OSL,OH-A114,A320,2025-03-17 06:23:00,363,Technical,5,False,98
FL001655,2025-03-17,HEL,FRA,OH-A114,A320,2025-03-17 10:50:00,194,None,0,False,117
FL001656,2025-03-17,HEL,FCO,OH-A130,A350,2025-03-17 20:41:00,380,None,0,False,197
FL001657,2025-03-17,HEL,ARN,OH-A143,A321,2025-03-17 15:11:00,98,None,0,False,163
FL001658,2025-03-17,HEL,FCO,OH-A124,A350,2025-03-17 08:50:00,554,Late Aircraft,86,False,247
FL001659,2025-03-17,HEL,LHR,OH-A136,A321,2025-03-17 09:27:00,183,None,0,False,147
FL001660,2025-03-17,HEL,MAD,OH-A109,A320,2025-03-17 10:12:00,178,None,0,False,112
FL001661,2025-03-17,HEL,FRA,OH-A137,A320,2025-03-17 14:22:00,440,None,0,False,173
FL001662,2025-03-17,HEL,ARN,OH-A140,A320,2025-03-17 16:56:00,599,None,0,False,150
FL001663,2025-03-17,HEL,FCO,OH-A109,A320,2025-03-17 21:26:00,88,None,0,False,166
FL001664,2025-03-17,HEL,LHR,OH-A135,A321,2025-03-17 09:47:00,355,None,0,False,151
FL001665,2025-03-17,HEL,BKK,OH-A142,A350,2025-03-17 08:48:00,338,None,0,False,167
FL001666,2025-03-17,HEL,JFK,OH-A146,A320,2025-03-17 16:21:00,259,None,0,False,128
FL001667,2025-03-17,HEL,OSL,OH-A109,A320,2025-03-17 21:42:00,429,None,0,False,163
FL001668,2025-03-17,HEL,BCN,OH-A140,A320,2025-03-17 07:32:00,564,None,0,False,136
FL001669,2025-03-18,HEL,FRA,OH-A146,A320,2025-03-18 12:17:00,452,Late Aircraft,49,False,113
FL001670,2025-03-18,HEL,BKK,OH-A111,E190,2025-03-18 06:04:00,90,Crew,5,False,91
FL001671,2025-03-18,HEL,OSL,OH-A138,A321,2025-03-18 10:16:00,590,Technical,58,False,133
FL001672,2025-03-18,HEL,CDG,OH-A112,A350,2025-03-18 07:20:00,282,Weather,42,False,221
FL001673,2025-03-18,HEL,ARN,OH-A131,E190,2025-03-18 08:55:00,131,None,0,False,69
FL001674,2025-03-18,HEL,OSL,OH-A129,A350,2025-03-18 20:11:00,571,None,0,False,206
FL001675,2025-03-18,HEL,BKK,OH-A124,A350,2025-03-18 16:21:00,374,None,0,False,167
FL001676,2025-03-18,HEL,JFK,OH-A145,A350,2025-03-18 21:54:00,146,None,0,False,211
FL001677,2025-03-18,HEL,LHR,OH-A108,A321,2025-03-18 07:37:00,322,None,0,False,117
FL001678,2025-03-18,HEL,MAD,OH-A102,E190,2025-03-18 11:42:00,343,None,0,False,82
FL001679,2025-03-18,HEL,BCN,OH-A140,A320,2025-03-18 16:41:00,84,None,0,False,143
FL001680,2025-03-18,HEL,NRT,OH-A111,E190,2025-03-18 17:54:00,427,None,0,False,57
FL001681,2025-03-18,HEL,CDG,OH-A104,A321,2025-03-18 19:04:00,476,Ground Handling,45,False,172
FL001682,2025-03-18,HEL,BKK,OH-A144,A350,2025-03-18 08:18:00,607,Weather,52,False,215
FL001683,2025-03-18,HEL,AMS,OH-A107,A350,2025-03-18 21:34:00,229,Weather,33,False,277
FL001684,2025-03-18,HEL,FCO,OH-A120,A350,2025-03-18 17:42:00,536,ATC,10,False,171
FL001685,2025-03-18,HEL,AMS,OH-A128,A321,2025-03-18 11:41:00,296,None,0,False,174
FL001686,2025-03-18,HEL,MAD,OH-A108,A321,2025-03-18 11:49:00,128,ATC,65,False,208
FL001687,2025-03-18,HEL,CDG,OH-A135,A321,2025-03-18 21:08:00,588,None,0,True,157
FL001688,2025-03-18,HEL,JFK,OH-A133,A320,2025-03-18 12:03:00,500,None,0,False,170
FL001689,2025-03-18,HEL,BCN,OH-A100,A350,2025-03-18 10:51:00,107,Weather,31,False,240
FL001690,2025-03-18,HEL,CDG,OH-A122,E190,2025-03-18 17:47:00,482,None,0,False,74
FL001691,2025-03-19,HEL,BCN,OH-A146,A320,2025-03-19 05:30:00,66,None,0,False,138
FL001692,2025-03-19,HEL,AMS,OH-A123,E190,2025-03-19 17:52:00,543,Weather,68,False,64
FL001693,2025-03-19,HEL,CPH,OH-A137,A320,2025-03-19 10:04:00,318,None,0,False,110
FL001694,2025-03-19,HEL,BKK,OH-A133,A320,2025-03-19 07:55:00,381,Weather,8,False,112
FL001695,2025-03-19,HEL,JFK,OH-A104,A321,2025-03-19 11:56:00,275,None,0,False,184
FL001696,2025-03-19,HEL,NRT,OH-A116,A320,2025-03-19 20:41:00,431,Crew,31,False,123
FL001697,2025-03-19,HEL,CDG,OH-A135,A321,2025-03-19 08:11:00,126,None,0,False,116
FL001698,2025-03-19,HEL,CDG,OH-A119,A350,2025-03-19 17:24:00,552,None,0,False,272
FL001699,2025-03-19,HEL,CDG,OH-A130,A350,2025-03-19 06:54:00,502,None,0,False,254
FL001700,2025-03-19,HEL,ARN,OH-A101,A320,2025-03-19 18:39:00,137,ATC,74,False,108
FL001701,2025-03-19,HEL,OSL,OH-A118,A350,2025-03-19 20:13:00,363,None,0,False,295
FL001702,2025-03-19,HEL,CDG,OH-A126,A320,2025-03-19 10:17:00,237,None,0,False,104
FL001703,2025-03-19,HEL,BKK,OH-A113,A350,2025-03-19 20:05:00,163,None,0,False,217
FL001704,2025-03-19,HEL,OSL,OH-A110,A320,2025-03-19 08:16:00,460,None,0,False,161
FL001705,2025-03-19,HEL,MUC,OH-A131,E190,2025-03-19 07:09:00,330,None,0,False,81
FL001706,2025-03-19,HEL,MUC,OH-A128,A321,2025-03-19 10:46:00,143,Late Aircraft,78,False,151
FL001707,2025-03-19,HEL,AMS,OH-A128,A321,2025-03-19 06:21:00,370,None,0,False,178
FL001708,2025-03-19,HEL,NRT,OH-A103,A350,2025-03-19 12:06:00,448,None,0,False,171
FL001709,2025-03-19,HEL,CPH,OH-A134,A320,2025-03-19 19:49:00,480,Technical,36,False,173
FL001710,2025-03-19,HEL,NRT,OH-A132,A321,2025-03-19 13:50:00,383,Ground Handling,66,False,194
FL001711,2025-03-19,HEL,FCO,OH-A114,A320,2025-03-19 19:41:00,454,Weather,66,False,165
FL001712,2025-03-19,HEL,CDG,OH-A117,A321,2025-03-19 15:48:00,411,None,0,False,142
FL001713,2025-03-19,HEL,FCO,OH-A131,E190,2025-03-19 20:44:00,587,None,0,False,94
FL001714,2025-03-19,HEL,FRA,OH-A111,E190,2025-03-19 05:15:00,206,None,0,False,93
FL001715,2025-03-20,HEL,CDG,OH-A141,A350,2025-03-20 16:03:00,483,None,0,False,268
FL001716,2025-03-20,HEL,CDG,OH-A119,A350,2025-03-20 08:10:00,584,Technical,5,False,186
FL001717,2025-03-20,HEL,MUC,OH-A122,E190,2025-03-20 20:40:00,282,None,0,False,94
FL001718,2025-03-20,HEL,MUC,OH-A129,A350,2025-03-20 10:02:00,436,Technical,6,False,177
FL001719,2025-03-20,HEL,JFK,OH-A146,A320,2025-03-20 09:33:00,132,None,0,False,172
FL001720,2025-03-20,HEL,MUC,OH-A115,A321,2025-03-20 10:04:00,592,None,0,False,199
FL001721,2025-03-20,HEL,LHR,OH-A101,A320,2025-03-20 13:04:00,573,None,0,False,147
FL001722,2025-03-20,HEL,MUC,OH-A110,A320,2025-03-20 14:49:00,420,None,0,False,135
FL001723,2025-03-20,HEL,BKK,OH-A133,A320,2025-03-20 17:52:00,345,None,0,False,123
FL001724,2025-03-20,HEL,BCN,OH-A138,A321,2025-03-20 18:28:00,284,None,0,False,116
FL001725,2025-03-20,HEL,BCN,OH-A124,A350,2025-03-20 12:45:00,501,None,0,False,223
FL001726,2025-03-20,HEL,OSL,OH-A105,E190,2025-03-20 19:07:00,56,Crew,45,False,63
FL001727,2025-03-20,HEL,ARN,OH-A133,A320,2025-03-20 13:44:00,526,None,0,False,170
FL001728,2025-03-20,HEL,OSL,OH-A105,E190,2025-03-20 10:47:00,452,Ground Handling,46,False,64
FL001729,2025-03-20,HEL,ARN,OH-A143,A321,2025-03-20 15:41:00,392,None,0,False,164
FL001730,2025-03-20,HEL,FRA,OH-A102,E190,2025-03-20 11:10:00,365,None,0,False,55
FL001731,2025-03-20,HEL,NRT,OH-A138,A321,2025-03-20 19:58:00,138,Weather,49,False,171
FL001732,2025-03-20,HEL,FRA,OH-A128,A321,2025-03-20 09:10:00,183,Crew,50,False,204
FL001733,2025-03-20,HEL,MAD,OH-A137,A320,2025-03-20 10:00:00,332,None,0,False,171
FL001734,2025-03-21,HEL,BKK,OH-A135,A321,2025-03-21 09:30:00,464,None,0,False,201
FL001735,2025-03-21,HEL,LHR,OH-A109,A320,2025-03-21 20:50:00,604,Weather,91,False,114
FL001736,2025-03-21,HEL,OSL,OH-A145,A350,2025-03-21 06:54:00,472,None,0,False,240
FL001737,2025-03-21,HEL,BKK,OH-A100,A350,2025-03-21 10:20:00,210,Late Aircraft,63,False,279
FL001738,2025-03-21,HEL,MUC,OH-A135,A321,2025-03-21 14:22:00,566,Weather,58,False,148
FL001739,2025-03-21,HEL,ARN,OH-A131,E190,2025-03-21 18:35:00,191,Weather,40,False,71
FL001740,2025-03-21,HEL,CPH,OH-A132,A321,2025-03-21 17:31:00,547,None,0,False,200
FL001741,2025-03-21,HEL,FRA,OH-A114,A320,2025-03-21 09:08:00,295,Crew,87,False,131
FL001742,2025-03-21,HEL,BCN,OH-A117,A321,2025-03-21 20:16:00,432,None,0,False,132
FL001743,2025-03-21,HEL,LHR,OH-A138,A321,2025-03-21 15:40:00,246,Ground Handling,21,False,156
FL001744,2025-03-21,HEL,AMS,OH-A145,A350,2025-03-21 13:55:00,162,None,0,False,200
FL001745,2025-03-21,HEL,FCO,OH-A129,A350,2025-03-21 07:39:00,50,None,0,False,204
FL001746,2025-03-21,HEL,BKK,OH-A125,A321,2025-03-21 05:01:00,217,Crew,5,False,136
FL001747,2025-03-21,HEL,FRA,OH-A121,A320,2025-03-21 13:15:00,385,None,0,False,141
FL001748,2025-03-21,HEL,AMS,OH-A102,E190,2025-03-21 19:48:00,266,None,0,False,69
FL001749,2025-03-21,HEL,AMS,OH-A137,A320,2025-03-21 16:13:00,610,None,0,False,99
FL001750,2025-03-21,HEL,CPH,OH-A119,A350,2025-03-21 14:07:00,542,None,0,False,211
FL001751,2025-03-21,HEL,ARN,OH-A147,A321,2025-03-21 16:15:00,310,None,0,False,117
FL001752,2025-03-21,HEL,JFK,OH-A135,A321,2025-03-21 09:25:00,420,None,0,False,131
FL001753,2025-03-21,HEL,ARN,OH-A135,A321,2025-03-21 15:55:00,449,None,0,False,205
FL001754,2025-03-21,HEL,JFK,OH-A130,A350,2025-03-21 14:42:00,481,Weather,15,False,174
FL001755,2025-03-21,HEL,LHR,OH-A144,A350,2025-03-21 15:13:00,148,None,0,False,255
FL001756,2025-03-21,HEL,MAD,OH-A116,A320,2025-03-21 05:50:00,516,None,0,False,115
FL001757,2025-03-21,HEL,BKK,OH-A119,A350,2025-03-21 19:41:00,521,None,0,False,214
FL001758,2025-03-22,HEL,NRT,OH-A110,A320,2025-03-22 08:15:00,78,None,0,False,120
FL001759,2025-03-22,HEL,BCN,OH-A130,A350,2025-03-22 07:12:00,438,None,0,False,196
FL001760,2025-03-22,HEL,FRA,OH-A114,A320,2025-03-22 15:15:00,230,Late Aircraft,53,False,170
FL001761,2025-03-22,HEL,CPH,OH-A114,A320,2025-03-22 07:33:00,164,None,0,False,109
FL001762,2025-03-22,HEL,ARN,OH-A140,A320,2025-03-22 10:24:00,289,None,0,False,116
FL001763,2025-03-22,HEL,FRA,OH-A116,A320,2025-03-22 19:30:00,576,None,0,False,101
FL001764,2025-03-22,HEL,MAD,OH-A123,E190,2025-03-22 09:59:00,441,ATC,52,False,82
FL001765,2025-03-22,HEL,LHR,OH-A129,A350,2025-03-22 12:43:00,611,None,0,False,187
FL001766,2025-03-22,HEL,FCO,OH-A101,A320,2025-03-22 08:53:00,492,Technical,72,False,148
FL001767,2025-03-22,HEL,AMS,OH-A118,A350,2025-03-22 15:30:00,394,Crew,5,False,267
FL001768,2025-03-22,HEL,ARN,OH-A119,A350,2025-03-22 18:06:00,494,None,0,False,197
FL001769,2025-03-22,HEL,MUC,OH-A137,A320,2025-03-22 14:41:00,335,None,0,False,121
FL001770,2025-03-22,HEL,OSL,OH-A105,E190,2025-03-22 14:54:00,500,None,0,False,77
FL001771,2025-03-22,HEL,ARN,OH-A125,A321,2025-03-22 08:56:00,140,None,0,False,124
FL001772,2025-03-22,HEL,CPH,OH-A123,E190,2025-03-22 16:53:00,165,None,0,False,70
FL001773,2025-03-22,HEL,LHR,OH-A127,A321,2025-03-22 14:36:00,118,None,0,False,117
FL001774,2025-03-22,HEL,MUC,OH-A129,A350,2025-03-22 12:58:00,458,Technical,5,True,180
FL001775,2025-03-22,HEL,BKK,OH-A133,A320,2025-03-22 11:17:00,60,None,0,False,110
FL001776,2025-03-23,HEL,ARN,OH-A135,A321,2025-03-23 21:19:00,321,None,0,False,187
FL001777,2025-03-23,HEL,FRA,OH-A136,A321,2025-03-23 05:38:00,237,None,0,True,189
FL001778,2025-03-23,HEL,JFK,OH-A134,A320,2025-03-23 16:21:00,424,Weather,65,False,108
FL001779,2025-03-23,HEL,CDG,OH-A133,A320,2025-03-23 18:15:00,444,Technical,58,False,163
FL001780,2025-03-23,HEL,FRA,OH-A121,A320,2025-03-23 18:39:00,283,Crew,37,False,158
FL001781,2025-03-23,HEL,JFK,OH-A109,A320,2025-03-23 13:21:00,200,None,0,False,108
FL001782,2025-03-23,HEL,FCO,OH-A143,A321,2025-03-23 05:14:00,387,None,0,False,123
FL001783,2025-03-23,HEL,CDG,OH-A140,A320,2025-03-23 17:37:00,274,Technical,62,False,128
FL001784,2025-03-23,HEL,FCO,OH-A129,A350,2025-03-23 21:10:00,90,Ground Handling,38,False,176
FL001785,2025-03-23,HEL,MAD,OH-A103,A350,2025-03-23 06:07:00,433,None,0,False,187
FL001786,2025-03-23,HEL,MUC,OH-A114,A320,2025-03-23 05:15:00,543,None,0,False,113
FL001787,2025-03-23,HEL,FRA,OH-A127,A321,2025-03-23 07:16:00,596,Weather,76,False,138
FL001788,2025-03-23,HEL,NRT,OH-A103,A350,2025-03-23 12:13:00,424,Technical,32,False,207
FL001789,2025-03-23,HEL,NRT,OH-A108,A321,2025-03-23 14:26:00,235,None,0,False,185
FL001790,2025-03-23,HEL,BKK,OH-A122,E190,2025-03-23 14:57:00,319,None,0,False,82
FL001791,2025-03-23,HEL,MAD,OH-A107,A350,2025-03-23 21:10:00,147,None,0,False,200
FL001792,2025-03-23,HEL,AMS,OH-A118,A350,2025-03-23 08:25:00,494,None,0,False,237
FL001793,2025-03-23,HEL,CPH,OH-A112,A350,2025-03-23 20:45:00,567,Crew,7,False,281
FL001794,2025-03-23,HEL,CPH,OH-A100,A350,2025-03-23 15:03:00,598,None,0,False,291
FL001795,2025-03-23,HEL,BKK,OH-A126,A320,2025-03-23 08:38:00,500,ATC,37,False,157
FL001796,2025-03-23,HEL,AMS,OH-A136,A321,2025-03-23 17:48:00,413,ATC,35,False,184
FL001797,2025-03-23,HEL,CPH,OH-A125,A321,2025-03-23 13:33:00,595,Ground Handling,7,False,131
FL001798,2025-03-23,HEL,LHR,OH-A126,A320,2025-03-23 14:43:00,96,None,0,False,140
FL001799,2025-03-23,HEL,ARN,OH-A127,A321,2025-03-23 09:46:00,417,None,0,False,184
FL001800,2025-03-23,HEL,MUC,OH-A100,A350,2025-03-23 11:43:00,147,None,0,False,181
FL001801,2025-03-23,HEL,BCN,OH-A115,A321,2025-03-23 05:18:00,492,Technical,78,False,171
FL001802,2025-03-23,HEL,AMS,OH-A108,A321,2025-03-23 09:39:00,606,None,0,False,151
FL001803,2025-03-24,HEL,BCN,OH-A119,A350,2025-03-24 19:16:00,96,None,0,False,217
FL001804,2025-03-24,HEL,AMS,OH-A136,A321,2025-03-24 07:49:00,360,None,0,False,197
FL001805,2025-03-24,HEL,MUC,OH-A118,A350,2025-03-24 18:47:00,58,ATC,53,False,204
FL001806,2025-03-24,HEL,BCN,OH-A116,A320,2025-03-24 07:29:00,327,Ground Handling,32,True,152
FL001807,2025-03-24,HEL,OSL,OH-A107,A350,2025-03-24 18:16:00,332,None,0,False,183
FL001808,2025-03-24,HEL,CDG,OH-A139,A350,2025-03-24 14:03:00,491,Technical,69,False,167
FL001809,2025-03-24,HEL,NRT,OH-A110,A320,2025-03-24 08:22:00,185,None,0,False,126
FL001810,2025-03-24,HEL,ARN,OH-A126,A320,2025-03-24 21:13:00,219,None,0,False,120
FL001811,2025-03-24,HEL,BKK,OH-A120,A350,2025-03-24 07:59:00,563,None,0,False,268
FL001812,2025-03-24,HEL,BKK,OH-A134,A320,2025-03-24 20:30:00,182,Technical,5,False,127
FL001813,2025-03-24,HEL,LHR,OH-A140,A320,2025-03-24 09:32:00,256,None,0,False,135
FL001814,2025-03-24,HEL,CDG,OH-A137,A320,2025-03-24 21:29:00,292,None,0,False,116
FL001815,2025-03-24,HEL,OSL,OH-A109,A320,2025-03-24 20:19:00,543,None,0,False,154
FL001816,2025-03-24,HEL,MUC,OH-A113,A350,2025-03-24 06:15:00,49,None,0,False,209
FL001817,2025-03-24,HEL,OSL,OH-A112,A350,2025-03-24 17:17:00,475,None,0,False,292
FL001818,2025-03-24,HEL,JFK,OH-A141,A350,2025-03-24 19:11:00,396,None,0,False,200
FL001819,2025-03-24,HEL,AMS,OH-A130,A350,2025-03-24 12:58:00,510,None,0,False,292
FL001820,2025-03-24,HEL,BKK,OH-A128,A321,2025-03-24 10:07:00,296,None,0,False,203
FL001821,2025-03-24,HEL,JFK,OH-A114,A320,2025-03-24 09:29:00,84,Technical,13,False,156
FL001822,2025-03-24,HEL,AMS,OH-A143,A321,2025-03-24 11:34:00,460,None,0,False,157
FL001823,2025-03-24,HEL,BCN,OH-A100,A350,2025-03-24 13:06:00,333,Ground Handling,15,False,207
FL001824,2025-03-24,HEL,ARN,OH-A110,A320,2025-03-24 18:06:00,432,None,0,False,147
FL001825,2025-03-24,HEL,ARN,OH-A119,A350,2025-03-24 21:38:00,185,Weather,17,False,213
FL001826,2025-03-24,HEL,MUC,OH-A107,A350,2025-03-24 20:58:00,141,None,0,False,231
FL001827,2025-03-24,HEL,FRA,OH-A136,A321,2025-03-24 13:04:00,352,None,0,False,197
FL001828,2025-03-25,HEL,ARN,OH-A113,A350,2025-03-25 21:36:00,565,None,0,False,184
FL001829,2025-03-25,HEL,CPH,OH-A142,A350,2025-03-25 08:04:00,570,None,0,False,168
FL001830,2025-03-25,HEL,CDG,OH-A120,A350,2025-03-25 20:52:00,518,Crew,77,False,269
FL001831,2025-03-25,HEL,FCO,OH-A130,A350,2025-03-25 19:51:00,463,None,0,False,229
FL001832,2025-03-25,HEL,CPH,OH-A101,A320,2025-03-25 05:09:00,425,Weather,65,False,164
FL001833,2025-03-25,HEL,CPH,OH-A133,A320,2025-03-25 05:32:00,422,None,0,False,100
FL001834,2025-03-25,HEL,ARN,OH-A142,A350,2025-03-25 10:05:00,81,Late Aircraft,76,False,175
FL001835,2025-03-25,HEL,OSL,OH-A118,A350,2025-03-25 17:05:00,403,Technical,21,False,245
FL001836,2025-03-25,HEL,NRT,OH-A143,A321,2025-03-25 13:15:00,294,Weather,23,False,116
FL001837,2025-03-25,HEL,FCO,OH-A139,A350,2025-03-25 05:23:00,579,None,0,False,233
FL001838,2025-03-25,HEL,FCO,OH-A144,A350,2025-03-25 11:46:00,310,ATC,54,False,237
FL001839,2025-03-25,HEL,CDG,OH-A143,A321,2025-03-25 14:31:00,234,None,0,False,201
FL001840,2025-03-25,HEL,BCN,OH-A105,E190,2025-03-25 07:22:00,168,None,0,False,55
FL001841,2025-03-25,HEL,FCO,OH-A114,A320,2025-03-25 06:06:00,47,None,0,False,131
FL001842,2025-03-25,HEL,MUC,OH-A147,A321,2025-03-25 11:40:00,425,None,0,False,116
FL001843,2025-03-25,HEL,JFK,OH-A144,A350,2025-03-25 18:22:00,341,Crew,62,False,190
FL001844,2025-03-25,HEL,MUC,OH-A147,A321,2025-03-25 05:33:00,155,Crew,65,False,161
FL001845,2025-03-25,HEL,CDG,OH-A122,E190,2025-03-25 18:23:00,148,None,0,False,67
FL001846,2025-03-25,HEL,BCN,OH-A117,A321,2025-03-25 15:08:00,234,None,0,False,176
FL001847,2025-03-25,HEL,BKK,OH-A110,A320,2025-03-25 10:28:00,84,None,0,False,110
FL001848,2025-03-25,HEL,JFK,OH-A135,A321,2025-03-25 07:09:00,370,Technical,57,False,203
FL001849,2025-03-25,HEL,FRA,OH-A116,A320,2025-03-25 12:56:00,501,None,0,False,166
FL001850,2025-03-25,HEL,BCN,OH-A109,A320,2025-03-25 05:25:00,552,None,0,False,142
FL001851,2025-03-25,HEL,BKK,OH-A139,A350,2025-03-25 13:57:00,60,None,0,False,167
FL001852,2025-03-25,HEL,FCO,OH-A125,A321,2025-03-25 07:14:00,265,None,0,False,193
FL001853,2025-03-25,HEL,MUC,OH-A128,A321,2025-03-25 12:50:00,516,None,0,False,139
FL001854,2025-03-26,HEL,AMS,OH-A122,E190,2025-03-26 12:22:00,82,Crew,39,False,100
FL001855,2025-03-26,HEL,CDG,OH-A129,A350,2025-03-26 19:28:00,514,None,0,False,269
FL001856,2025-03-26,HEL,BKK,OH-A141,A350,2025-03-26 10:55:00,610,Crew,61,False,210
FL001857,2025-03-26,HEL,MUC,OH-A129,A350,2025-03-26 09:47:00,271,None,0,False,168
FL001858,2025-03-26,HEL,OSL,OH-A135,A321,2025-03-26 12:08:00,61,None,0,False,153
FL001859,2025-03-26,HEL,FRA,OH-A133,A320,2025-03-26 13:25:00,108,None,0,False,170
FL001860,2025-03-26,HEL,LHR,OH-A106,A350,2025-03-26 12:24:00,393,Ground Handling,5,False,236
FL001861,2025-03-26,HEL,FCO,OH-A102,E190,2025-03-26 17:12:00,611,None,0,False,57
FL001862,2025-03-26,HEL,BCN,OH-A117,A321,2025-03-26 06:55:00,170,None,0,False,180
FL001863,2025-03-26,HEL,FCO,OH-A125,A321,2025-03-26 21:31:00,155,None,0,False,185
FL001864,2025-03-26,HEL,BKK,OH-A122,E190,2025-03-26 06:49:00,138,None,0,False,57
FL001865,2025-03-26,HEL,FCO,OH-A115,A321,2025-03-26 19:43:00,545,None,0,False,151
FL001866,2025-03-26,HEL,CDG,OH-A123,E190,2025-03-26 11:45:00,167,None,0,False,96
FL001867,2025-03-26,HEL,OSL,OH-A107,A350,2025-03-26 10:09:00,459,None,0,False,219
FL001868,2025-03-26,HEL,MUC,OH-A101,A320,2025-03-26 07:43:00,196,ATC,5,False,98
FL001869,2025-03-26,HEL,FRA,OH-A123,E190,2025-03-26 18:08:00,376,None,0,False,83
FL001870,2025-03-26,HEL,CDG,OH-A104,A321,2025-03-26 11:48:00,397,Late Aircraft,33,False,160
FL001871,2025-03-26,HEL,JFK,OH-A135,A321,2025-03-26 15:20:00,492,Technical,40,False,125
FL001872,2025-03-26,HEL,NRT,OH-A114,A320,2025-03-26 13:50:00,584,None,0,False,112
FL001873,2025-03-26,HEL,AMS,OH-A107,A350,2025-03-26 14:36:00,272,None,0,False,262
FL001874,2025-03-26,HEL,MAD,OH-A123,E190,2025-03-26 07:45:00,314,Ground Handling,53,False,56
FL001875,2025-03-26,HEL,BKK,OH-A101,A320,2025-03-26 19:20:00,491,None,0,False,115
FL001876,2025-03-26,HEL,ARN,OH-A111,E190,2025-03-26 17:40:00,181,Ground Handling,37,False,74
FL001877,2025-03-26,HEL,AMS,OH-A105,E190,2025-03-26 05:06:00,109,Weather,64,False,55
FL001878,2025-03-26,HEL,FCO,OH-A137,A320,2025-03-26 07:45:00,460,Late Aircraft,5,False,95
FL001879,2025-03-26,HEL,FRA,OH-A132,A321,2025-03-26 05:50:00,263,Crew,72,False,189
FL001880,2025-03-26,HEL,JFK,OH-A137,A320,2025-03-26 11:38:00,197,None,0,False,158
FL001881,2025-03-27,HEL,FCO,OH-A117,A321,2025-03-27 15:05:00,153,None,0,False,152
FL001882,2025-03-27,HEL,NRT,OH-A129,A350,2025-03-27 19:05:00,142,None,0,False,241
FL001883,2025-03-27,HEL,FCO,OH-A133,A320,2025-03-27 18:13:00,561,Crew,6,False,111
FL001884,2025-03-27,HEL,CPH,OH-A143,A321,2025-03-27 11:39:00,200,None,0,False,155
FL001885,2025-03-27,HEL,LHR,OH-A105,E190,2025-03-27 16:59:00,464,Crew,26,False,64
FL001886,2025-03-27,HEL,CDG,OH-A122,E190,2025-03-27 19:29:00,467,ATC,84,False,88
FL001887,2025-03-27,HEL,CDG,OH-A136,A321,2025-03-27 20:39:00,577,None,0,False,115
FL001888,2025-03-27,HEL,AMS,OH-A102,E190,2025-03-27 19:33:00,430,None,0,False,100
FL001889,2025-03-27,HEL,LHR,OH-A144,A350,2025-03-27 21:08:00,365,Late Aircraft,12,False,189
FL001890,2025-03-27,HEL,MAD,OH-A123,E190,2025-03-27 06:44:00,154,ATC,20,False,63
FL001891,2025-03-27,HEL,CPH,OH-A103,A350,2025-03-27 11:53:00,583,Crew,17,False,192
FL001892,2025-03-27,HEL,JFK,OH-A107,A350,2025-03-27 11:40:00,350,None,0,False,180
FL001893,2025-03-27,HEL,MAD,OH-A131,E190,2025-03-27 06:36:00,337,Technical,5,False,93
FL001894,2025-03-27,HEL,BKK,OH-A127,A321,2025-03-27 05:13:00,292,None,0,False,167
FL001895,2025-03-27,HEL,ARN,OH-A144,A350,2025-03-27 10:49:00,366,None,0,False,253
FL001896,2025-03-27,HEL,CDG,OH-A126,A320,2025-03-27 09:19:00,105,None,0,False,112
FL001897,2025-03-27,HEL,NRT,OH-A145,A350,2025-03-27 20:04:00,286,None,0,False,180
FL001898,2025-03-27,HEL,FRA,OH-A104,A321,2025-03-27 17:35:00,117,None,0,False,145
FL001899,2025-03-27,HEL,MUC,OH-A132,A321,2025-03-27 12:59:00,603,None,0,False,206
FL001900,2025-03-27,HEL,ARN,OH-A102,E190,2025-03-27 05:52:00,340,None,0,False,75
FL001901,2025-03-27,HEL,FCO,OH-A102,E190,2025-03-27 11:26:00,607,None,0,False,62
FL001902,2025-03-27,HEL,LHR,OH-A139,A350,2025-03-27 12:09:00,286,None,0,False,250
FL001903,2025-03-27,HEL,BKK,OH-A114,A320,2025-03-27 05:54:00,148,None,0,False,123
FL001904,2025-03-28,HEL,FCO,OH-A111,E190,2025-03-28 07:52:00,439,Late Aircraft,44,False,69
FL001905,2025-03-28,HEL,BCN,OH-A137,A320,2025-03-28 17:34:00,85,None,0,False,117
FL001906,2025-03-28,HEL,ARN,OH-A127,A321,2025-03-28 05:31:00,339,None,0,False,187
FL001907,2025-03-28,HEL,BCN,OH-A119,A350,2025-03-28 20:53:00,514,Technical,37,False,266
FL001908,2025-03-28,HEL,ARN,OH-A104,A321,2025-03-28 07:26:00,445,None,0,False,206
FL001909,2025-03-28,HEL,AMS,OH-A126,A320,2025-03-28 05:22:00,619,None,0,False,108
FL001910,2025-03-28,HEL,CDG,OH-A140,A320,2025-03-28 11:05:00,312,None,0,False,128
FL001911,2025-03-28,HEL,JFK,OH-A101,A320,2025-03-28 17:43:00,320,ATC,22,False,136
FL001912,2025-03-28,HEL,BKK,OH-A146,A320,2025-03-28 11:00:00,52,Crew,25,False,145
FL001913,2025-03-28,HEL,MAD,OH-A108,A321,2025-03-28 08:26:00,471,None,0,False,178
FL001914,2025-03-28,HEL,FCO,OH-A100,A350,2025-03-28 21:14:00,495,None,0,False,253
FL001915,2025-03-28,HEL,ARN,OH-A120,A350,2025-03-28 16:04:00,346,Weather,5,False,225
FL001916,2025-03-28,HEL,ARN,OH-A134,A320,2025-03-28 11:33:00,117,None,0,False,151
FL001917,2025-03-28,HEL,FCO,OH-A133,A320,2025-03-28 05:53:00,249,Ground Handling,7,False,114
FL001918,2025-03-28,HEL,AMS,OH-A138,A321,2025-03-28 12:31:00,275,None,0,False,184
FL001919,2025-03-28,HEL,MUC,OH-A103,A350,2025-03-28 13:08:00,76,None,0,False,167
FL001920,2025-03-28,HEL,MAD,OH-A113,A350,2025-03-28 21:10:00,392,None,0,False,268
FL001921,2025-03-28,HEL,CDG,OH-A111,E190,2025-03-28 11:13:00,440,None,0,False,93
FL001922,2025-03-28,HEL,MAD,OH-A136,A321,2025-03-28 16:00:00,381,Technical,22,False,157
FL001923,2025-03-28,HEL,FCO,OH-A125,A321,2025-03-28 09:38:00,478,None,0,False,163
FL001924,2025-03-29,HEL,BKK,OH-A115,A321,2025-03-29 15:18:00,189,None,0,False,190
FL001925,2025-03-29,HEL,MUC,OH-A103,A350,2025-03-29 15:03:00,124,None,0,False,190
FL001926,2025-03-29,HEL,MAD,OH-A118,A350,2025-03-29 11:33:00,604,None,0,False,281
FL001927,2025-03-29,HEL,AMS,OH-A108,A321,2025-03-29 11:31:00,135,None,0,False,207
FL001928,2025-03-29,HEL,CDG,OH-A139,A350,2025-03-29 20:46:00,402,None,0,False,238
FL001929,2025-03-29,HEL,FRA,OH-A147,A321,2025-03-29 07:39:00,100,None,0,False,115
FL001930,2025-03-29,HEL,MAD,OH-A113,A350,2025-03-29 17:14:00,605,Technical,70,False,236
FL001931,2025-03-29,HEL,AMS,OH-A145,A350,2025-03-29 14:20:00,600,Late Aircraft,33,False,211
FL001932,2025-03-29,HEL,LHR,OH-A146,A320,2025-03-29 21:35:00,189,None,0,False,146
FL001933,2025-03-29,HEL,OSL,OH-A136,A321,2025-03-29 15:14:00,565,Ground Handling,30,False,152
FL001934,2025-03-29,HEL,MUC,OH-A132,A321,2025-03-29 07:31:00,92,None,0,False,129
FL001935,2025-03-29,HEL,MAD,OH-A136,A321,2025-03-29 12:02:00,606,Weather,38,False,134
FL001936,2025-03-29,HEL,MUC,OH-A110,A320,2025-03-29 20:49:00,163,None,0,False,141
FL001937,2025-03-29,HEL,LHR,OH-A133,A320,2025-03-29 12:51:00,152,None,0,False,152
FL001938,2025-03-29,HEL,LHR,OH-A111,E190,2025-03-29 07:16:00,295,Technical,12,False,66
FL001939,2025-03-29,HEL,AMS,OH-A139,A350,2025-03-29 11:54:00,553,None,0,False,211
FL001940,2025-03-29,HEL,CDG,OH-A140,A320,2025-03-29 19:20:00,571,None,0,False,145
FL001941,2025-03-29,HEL,OSL,OH-A146,A320,2025-03-29 20:48:00,94,None,0,False,140
FL001942,2025-03-29,HEL,BKK,OH-A125,A321,2025-03-29 06:50:00,514,None,0,False,139
FL001943,2025-03-30,HEL,BKK,OH-A125,A321,2025-03-30 15:09:00,60,None,0,False,200
FL001944,2025-03-30,HEL,CDG,OH-A133,A320,2025-03-30 13:55:00,295,None,0,False,114
FL001945,2025-03-30,HEL,FRA,OH-A105,E190,2025-03-30 15:41:00,139,None,0,False,58
FL001946,2025-03-30,HEL,CPH,OH-A100,A350,2025-03-30 11:10:00,450,None,0,False,228
FL001947,2025-03-30,HEL,NRT,OH-A132,A321,2025-03-30 16:28:00,403,None,0,False,157
FL001948,2025-03-30,HEL,JFK,OH-A130,A350,2025-03-30 16:06:00,517,None,0,False,253
FL001949,2025-03-30,HEL,CDG,OH-A138,A321,2025-03-30 06:17:00,229,None,0,False,116
FL001950,2025-03-30,HEL,FRA,OH-A131,E190,2025-03-30 12:06:00,273,Weather,44,False,82
FL001951,2025-03-30,HEL,NRT,OH-A106,A350,2025-03-30 16:36:00,135,None,0,False,194
FL001952,2025-03-30,HEL,CDG,OH-A134,A320,2025-03-30 06:04:00,172,None,0,False,174
FL001953,2025-03-30,HEL,LHR,OH-A138,A321,2025-03-30 19:31:00,240,None,0,False,199
FL001954,2025-03-30,HEL,LHR,OH-A137,A320,2025-03-30 07:19:00,619,Weather,44,False,118
FL001955,2025-03-30,HEL,MAD,OH-A130,A350,2025-03-30 13:23:00,588,None,0,False,272
FL001956,2025-03-30,HEL,OSL,OH-A116,A320,2025-03-30 17:21:00,438,None,0,False,155
FL001957,2025-03-30,HEL,CPH,OH-A109,A320,2025-03-30 16:44:00,178,None,0,False,140
FL001958,2025-03-30,HEL,OSL,OH-A145,A350,2025-03-30 13:36:00,298,None,0,False,190
FL001959,2025-03-30,HEL,BKK,OH-A117,A321,2025-03-30 21:01:00,417,Weather,38,False,141
FL001960,2025-03-30,HEL,NRT,OH-A102,E190,2025-03-30 12:26:00,132,None,0,False,61
FL001961,2025-03-30,HEL,BKK,OH-A128,A321,2025-03-30 17:18:00,575,None,0,False,151
FL001962,2025-03-30,HEL,LHR,OH-A145,A350,2025-03-30 17:38:00,555,Technical,5,False,164
FL001963,2025-03-30,HEL,FRA,OH-A117,A321,2025-03-30 21:08:00,200,None,0,False,185
FL001964,2025-03-30,HEL,FRA,OH-A146,A320,2025-03-30 08:56:00,441,None,0,False,120
FL001965,2025-03-31,HEL,BKK,OH-A136,A321,2025-03-31 13:38:00,331,None,0,False,155
FL001966,2025-03-31,HEL,MUC,OH-A102,E190,2025-03-31 05:48:00,308,Technical,24,False,94
FL001967,2025-03-31,HEL,MAD,OH-A100,A350,2025-03-31 12:27:00,537,None,0,False,273
FL001968,2025-03-31,HEL,JFK,OH-A133,A320,2025-03-31 14:11:00,580,None,0,False,126
FL001969,2025-03-31,HEL,BCN,OH-A128,A321,2025-03-31 11:55:00,196,None,0,False,194
FL001970,2025-03-31,HEL,BCN,OH-A112,A350,2025-03-31 21:10:00,600,ATC,13,False,297
FL001971,2025-03-31,HEL,JFK,OH-A110,A320,2025-03-31 13:32:00,600,None,0,False,169
FL001972,2025-03-31,HEL,CDG,OH-A126,A320,2025-03-31 07:45:00,107,Weather,51,False,142
FL001973,2025-03-31,HEL,JFK,OH-A126,A320,2025-03-31 09:35:00,374,Ground Handling,45,False,97
FL001974,2025-03-31,HEL,FCO,OH-A143,A321,2025-03-31 13:00:00,48,Crew,80,False,196
FL001975,2025-03-31,HEL,OSL,OH-A102,E190,2025-03-31 05:51:00,302,Weather,51,False,63
FL001976,2025-03-31,HEL,OSL,OH-A116,A320,2025-03-31 19:25:00,265,None,0,False,132
FL001977,2025-03-31,HEL,NRT,OH-A115,A321,2025-03-31 10:56:00,171,None,0,False,120
FL001978,2025-03-31,HEL,NRT,OH-A100,A350,2025-03-31 13:30:00,205,None,0,False,204
FL001979,2025-03-31,HEL,BKK,OH-A128,A321,2025-03-31 16:53:00,576,None,0,False,189
FL001980,2025-03-31,HEL,CPH,OH-A124,A350,2025-03-31 06:11:00,277,Technical,34,False,279
FL001981,2025-03-31,HEL,NRT,OH-A111,E190,2025-03-31 15:50:00,197,Crew,28,False,58
FL001982,2025-03-31,HEL,NRT,OH-A140,A320,2025-03-31 05:29:00,613,None,0,False,133
FL001983,2025-04-01,HEL,JFK,OH-A113,A350,2025-04-01 09:54:00,424,None,0,False,231
FL001984,2025-04-01,HEL,ARN,OH-A147,A321,2025-04-01 17:40:00,414,Technical,50,False,191
FL001985,2025-04-01,HEL,LHR,OH-A119,A350,2025-04-01 15:30:00,526,Ground Handling,39,False,180
FL001986,2025-04-01,HEL,LHR,OH-A138,A321,2025-04-01 20:15:00,56,None,0,False,171
FL001987,2025-04-01,HEL,LHR,OH-A102,E190,2025-04-01 19:36:00,346,None,0,False,58
FL001988,2025-04-01,HEL,CDG,OH-A123,E190,2025-04-01 05:21:00,66,None,0,False,88
FL001989,2025-04-01,HEL,BCN,OH-A102,E190,2025-04-01 21:33:00,350,None,0,False,66
FL001990,2025-04-01,HEL,FCO,OH-A119,A350,2025-04-01 19:48:00,93,Weather,14,False,213
FL001991,2025-04-01,HEL,BKK,OH-A121,A320,2025-04-01 08:11:00,492,None,0,False,103
FL001992,2025-04-01,HEL,MAD,OH-A139,A350,2025-04-01 10:24:00,443,None,0,False,272
FL001993,2025-04-01,HEL,CDG,OH-A117,A321,2025-04-01 17:19:00,424,None,0,False,135
FL001994,2025-04-01,HEL,OSL,OH-A121,A320,2025-04-01 15:10:00,168,None,0,False,125
FL001995,2025-04-01,HEL,AMS,OH-A129,A350,2025-04-01 19:10:00,181,None,0,False,179
FL001996,2025-04-01,HEL,JFK,OH-A126,A320,2025-04-01 08:36:00,155,None,0,False,143
FL001997,2025-04-01,HEL,BKK,OH-A145,A350,2025-04-01 08:02:00,78,None,0,False,217
FL001998,2025-04-01,HEL,AMS,OH-A108,A321,2025-04-01 05:57:00,440,None,0,False,184
FL001999,2025-04-01,HEL,OSL,OH-A124,A350,2025-04-01 08:28:00,441,None,0,False,170
FL002000,2025-04-01,HEL,ARN,OH-A137,A320,2025-04-01 12:22:00,223,None,0,False,125
FL002001,2025-04-01,HEL,CPH,OH-A116,A320,2025-04-01 10:48:00,600,None,0,True,108
FL002002,2025-04-01,HEL,BCN,OH-A128,A321,2025-04-01 06:36:00,274,Technical,23,False,198
FL002003,2025-04-01,HEL,BCN,OH-A133,A320,2025-04-01 08:04:00,303,None,0,False,125
FL002004,2025-04-01,HEL,MAD,OH-A120,A350,2025-04-01 19:17:00,330,None,0,False,224
FL002005,2025-04-01,HEL,ARN,OH-A109,A320,2025-04-01 16:45:00,174,Weather,74,True,151
FL002006,2025-04-01,HEL,FRA,OH-A127,A321,2025-04-01 12:04:00,142,Crew,74,False,159
FL002007,2025-04-01,HEL,OSL,OH-A138,A321,2025-04-01 20:27:00,166,None,0,False,131
FL002008,2025-04-01,HEL,CDG,OH-A127,A321,2025-04-01 21:43:00,363,None,0,False,194
FL002009,2025-04-01,HEL,BCN,OH-A100,A350,2025-04-01 17:46:00,65,Weather,5,False,197
FL002010,2025-04-02,HEL,CPH,OH-A120,A350,2025-04-02 05:00:00,376,Technical,20,False,211
FL002011,2025-04-02,HEL,MUC,OH-A131,E190,2025-04-02 09:14:00,193,None,0,False,61
FL002012,2025-04-02,HEL,CPH,OH-A139,A350,2025-04-02 19:39:00,432,None,0,False,290
FL002013,2025-04-02,HEL,BKK,OH-A111,E190,2025-04-02 07:05:00,443,None,0,False,71
FL002014,2025-04-02,HEL,MAD,OH-A110,A320,2025-04-02 19:43:00,389,Weather,23,False,96
FL002015,2025-04-02,HEL,LHR,OH-A143,A321,2025-04-02 14:46:00,134,None,0,True,178
FL002016,2025-04-02,HEL,BCN,OH-A143,A321,2025-04-02 14:14:00,242,Crew,41,False,153
FL002017,2025-04-02,HEL,CDG,OH-A133,A320,2025-04-02 20:39:00,234,None,0,False,142
FL002018,2025-04-02,HEL,MUC,OH-A134,A320,2025-04-02 13:31:00,557,None,0,False,96
FL002019,2025-04-02,HEL,OSL,OH-A126,A320,2025-04-02 18:23:00,619,None,0,False,124
FL002020,2025-04-02,HEL,MUC,OH-A105,E190,2025-04-02 15:46:00,379,ATC,35,False,76
FL002021,2025-04-02,HEL,CPH,OH-A114,A320,2025-04-02 14:35:00,271,None,0,False,157
FL002022,2025-04-02,HEL,OSL,OH-A142,A350,2025-04-02 08:28:00,327,None,0,False,259
FL002023,2025-04-02,HEL,BCN,OH-A101,A320,2025-04-02 06:37:00,102,Late Aircraft,44,False,112
FL002024,2025-04-02,HEL,MUC,OH-A138,A321,2025-04-02 13:38:00,311,None,0,False,152
FL002025,2025-04-02,HEL,CDG,OH-A123,E190,2025-04-02 08:29:00,87,ATC,48,False,55
FL002026,2025-04-02,HEL,ARN,OH-A113,A350,2025-04-02 18:02:00,461,Weather,26,False,242
FL002027,2025-04-02,HEL,AMS,OH-A137,A320,2025-04-02 14:44:00,220,None,0,False,154
FL002028,2025-04-02,HEL,NRT,OH-A139,A350,2025-04-02 09:05:00,419,None,0,False,293
FL002029,2025-04-02,HEL,MAD,OH-A100,A350,2025-04-02 21:54:00,376,Technical,5,False,246
FL002030,2025-04-02,HEL,ARN,OH-A122,E190,2025-04-02 17:39:00,155,None,0,False,60
FL002031,2025-04-02,HEL,BKK,OH-A116,A320,2025-04-02 12:48:00,184,None,0,False,104
FL002032,2025-04-03,HEL,BCN,OH-A140,A320,2025-04-03 06:47:00,82,None,0,False,150
FL002033,2025-04-03,HEL,ARN,OH-A100,A350,2025-04-03 21:45:00,250,None,0,False,264
FL002034,2025-04-03,HEL,MUC,OH-A146,A320,2025-04-03 19:08:00,399,Technical,78,False,126
FL002035,2025-04-03,HEL,ARN,OH-A114,A320,2025-04-03 10:53:00,327,None,0,False,125
FL002036,2025-04-03,HEL,CPH,OH-A117,A321,2025-04-03 12:35:00,597,None,0,False,129
FL002037,2025-04-03,HEL,AMS,OH-A117,A321,2025-04-03 13:10:00,250,Weather,63,False,159
FL002038,2025-04-03,HEL,MAD,OH-A101,A320,2025-04-03 10:09:00,448,None,0,False,112
FL002039,2025-04-03,HEL,BCN,OH-A147,A321,2025-04-03 08:04:00,205,None,0,False,121
FL002040,2025-04-03,HEL,JFK,OH-A124,A350,2025-04-03 05:44:00,57,None,0,False,285
FL002041,2025-04-03,HEL,OSL,OH-A104,A321,2025-04-03 15:47:00,614,Technical,39,False,179
FL002042,2025-04-03,HEL,OSL,OH-A108,A321,2025-04-03 09:50:00,584,None,0,False,170
FL002043,2025-04-03,HEL,MUC,OH-A110,A320,2025-04-03 07:11:00,45,ATC,49,False,111
FL002044,2025-04-03,HEL,NRT,OH-A131,E190,2025-04-03 14:48:00,352,Technical,5,False,85
FL002045,2025-04-03,HEL,FCO,OH-A147,A321,2025-04-03 21:00:00,353,ATC,5,False,144
FL002046,2025-04-03,HEL,MAD,OH-A125,A321,2025-04-03 05:15:00,598,None,0,False,148
FL002047,2025-04-03,HEL,CPH,OH-A131,E190,2025-04-03 10:38:00,106,None,0,False,70
FL002048,2025-04-03,HEL,NRT,OH-A120,A350,2025-04-03 21:21:00,599,Weather,34,True,206
FL002049,2025-04-03,HEL,BKK,OH-A133,A320,2025-04-03 12:00:00,512,Crew,13,True,166
FL002050,2025-04-03,HEL,BCN,OH-A118,A350,2025-04-03 17:30:00,482,Late Aircraft,31,False,291
FL002051,2025-04-03,HEL,CDG,OH-A139,A350,2025-04-03 06:11:00,306,None,0,False,175
FL002052,2025-04-03,HEL,MAD,OH-A119,A350,2025-04-03 21:19:00,201,None,0,False,249
FL002053,2025-04-03,HEL,BCN,OH-A125,A321,2025-04-03 20:25:00,365,None,0,False,164
FL002054,2025-04-03,HEL,BKK,OH-A108,A321,2025-04-03 17:40:00,441,None,0,False,114
FL002055,2025-04-03,HEL,CPH,OH-A134,A320,2025-04-03 17:08:00,398,None,0,False,147
FL002056,2025-04-03,HEL,MUC,OH-A106,A350,2025-04-03 21:16:00,82,None,0,False,236
FL002057,2025-04-03,HEL,MAD,OH-A133,A320,2025-04-03 19:06:00,559,None,0,False,147
FL002058,2025-04-03,HEL,CDG,OH-A132,A321,2025-04-03 06:45:00,497,None,0,False,125
FL002059,2025-04-04,HEL,CDG,OH-A123,E190,2025-04-04 09:49:00,539,None,0,False,71
FL002060,2025-04-04,HEL,MAD,OH-A139,A350,2025-04-04 12:30:00,232,None,0,False,279
FL002061,2025-04-04,HEL,FCO,OH-A131,E190,2025-04-04 07:13:00,587,None,0,False,79
FL002062,2025-04-04,HEL,ARN,OH-A100,A350,2025-04-04 13:52:00,87,None,0,False,193
FL002063,2025-04-04,HEL,NRT,OH-A118,A350,2025-04-04 08:56:00,139,None,0,False,203
FL002064,2025-04-04,HEL,BKK,OH-A132,A321,2025-04-04 09:49:00,116,ATC,73,False,150
FL002065,2025-04-04,HEL,BKK,OH-A130,A350,2025-04-04 10:27:00,530,None,0,False,238
FL002066,2025-04-04,HEL,CPH,OH-A121,A320,2025-04-04 16:44:00,436,None,0,True,123
FL002067,2025-04-04,HEL,AMS,OH-A118,A350,2025-04-04 16:37:00,519,None,0,False,206
FL002068,2025-04-04,HEL,LHR,OH-A109,A320,2025-04-04 18:00:00,574,None,0,False,95
FL002069,2025-04-04,HEL,FRA,OH-A134,A320,2025-04-04 05:15:00,433,ATC,22,False,133
FL002070,2025-04-04,HEL,BKK,OH-A121,A320,2025-04-04 06:32:00,247,None,0,False,122
FL002071,2025-04-04,HEL,FCO,OH-A120,A350,2025-04-04 20:24:00,227,None,0,False,263
FL002072,2025-04-04,HEL,FCO,OH-A117,A321,2025-04-04 13:39:00,260,None,0,False,165
FL002073,2025-04-04,HEL,AMS,OH-A140,A320,2025-04-04 12:52:00,566,ATC,39,False,161
FL002074,2025-04-04,HEL,BKK,OH-A145,A350,2025-04-04 19:08:00,227,None,0,False,282
FL002075,2025-04-04,HEL,NRT,OH-A135,A321,2025-04-04 11:55:00,439,Weather,42,False,122
FL002076,2025-04-04,HEL,JFK,OH-A128,A321,2025-04-04 10:20:00,546,None,0,False,172
FL002077,2025-04-04,HEL,JFK,OH-A117,A321,2025-04-04 17:41:00,70,None,0,False,122
FL002078,2025-04-04,HEL,MAD,OH-A116,A320,2025-04-04 14:08:00,184,Ground Handling,96,False,112
FL002079,2025-04-04,HEL,CPH,OH-A108,A321,2025-04-04 18:23:00,316,ATC,51,False,114
FL002080,2025-04-04,HEL,LHR,OH-A147,A321,2025-04-04 05:51:00,406,None,0,False,191
FL002081,2025-04-04,HEL,FCO,OH-A111,E190,2025-04-04 13:37:00,287,Weather,62,False,77
FL002082,2025-04-04,HEL,CDG,OH-A120,A350,2025-04-04 21:50:00,163,None,0,True,197
FL002083,2025-04-04,HEL,OSL,OH-A123,E190,2025-04-04 19:43:00,284,None,0,False,55
FL002084,2025-04-04,HEL,BKK,OH-A113,A350,2025-04-04 05:38:00,368,None,0,False,256
FL002085,2025-04-05,HEL,MAD,OH-A103,A350,2025-04-05 11:08:00,104,None,0,False,220
FL002086,2025-04-05,HEL,AMS,OH-A116,A320,2025-04-05 09:40:00,454,Technical,57,False,151
FL002087,2025-04-05,HEL,JFK,OH-A119,A350,2025-04-05 10:05:00,618,None,0,False,265
FL002088,2025-04-05,HEL,LHR,OH-A116,A320,2025-04-05 10:19:00,161,Technical,56,False,159
FL002089,2025-04-05,HEL,FCO,OH-A101,A320,2025-04-05 20:49:00,405,Technical,17,False,166
FL002090,2025-04-05,HEL,BCN,OH-A115,A321,2025-04-05 16:45:00,284,None,0,False,137
FL002091,2025-04-05,HEL,MAD,OH-A119,A350,2025-04-05 11:23:00,305,ATC,66,False,178
FL002092,2025-04-05,HEL,JFK,OH-A103,A350,2025-04-05 09:08:00,57,None,0,False,177
FL002093,2025-04-05,HEL,MAD,OH-A122,E190,2025-04-05 09:57:00,178,Technical,87,False,65
FL002094,2025-04-05,HEL,FCO,OH-A140,A320,2025-04-05 15:15:00,529,None,0,False,119
FL002095,2025-04-05,HEL,FCO,OH-A106,A350,2025-04-05 17:39:00,133,None,0,False,275
FL002096,2025-04-05,HEL,FRA,OH-A147,A321,2025-04-05 16:24:00,412,Crew,61,False,171
FL002097,2025-04-05,HEL,FCO,OH-A109,A320,2025-04-05 08:08:00,235,ATC,30,False,137
FL002098,2025-04-05,HEL,JFK,OH-A106,A350,2025-04-05 10:11:00,150,Technical,14,False,273
FL002099,2025-04-05,HEL,FCO,OH-A102,E190,2025-04-05 16:19:00,292,Weather,47,False,94
FL002100,2025-04-05,HEL,BCN,OH-A147,A321,2025-04-05 09:09:00,513,None,0,False,202
FL002101,2025-04-05,HEL,CPH,OH-A126,A320,2025-04-05 19:46:00,249,None,0,False,129
FL002102,2025-04-05,HEL,FRA,OH-A105,E190,2025-04-05 16:57:00,166,None,0,False,74
FL002103,2025-04-06,HEL,BCN,OH-A138,A321,2025-04-06 10:56:00,378,None,0,False,134
FL002104,2025-04-06,HEL,BCN,OH-A118,A350,2025-04-06 12:54:00,156,ATC,40,False,213
FL002105,2025-04-06,HEL,MUC,OH-A133,A320,2025-04-06 15:16:00,364,None,0,False,95
FL002106,2025-04-06,HEL,BKK,OH-A125,A321,2025-04-06 16:20:00,392,None,0,False,203
FL002107,2025-04-06,HEL,LHR,OH-A121,A320,2025-04-06 13:01:00,488,None,0,False,173
FL002108,2025-04-06,HEL,MAD,OH-A102,E190,2025-04-06 21:29:00,270,None,0,False,93
FL002109,2025-04-06,HEL,CPH,OH-A131,E190,2025-04-06 10:12:00,251,None,0,False,93
FL002110,2025-04-06,HEL,JFK,OH-A112,A350,2025-04-06 19:38:00,367,None,0,False,263
FL002111,2025-04-06,HEL,AMS,OH-A136,A321,2025-04-06 10:21:00,324,None,0,False,177
FL002112,2025-04-06,HEL,CDG,OH-A120,A350,2025-04-06 14:02:00,518,None,0,False,235
FL002113,2025-04-06,HEL,CPH,OH-A125,A321,2025-04-06 18:01:00,89,Technical,52,False,135
FL002114,2025-04-06,HEL,MUC,OH-A102,E190,2025-04-06 15:52:00,612,None,0,False,65
FL002115,2025-04-06,HEL,AMS,OH-A102,E190,2025-04-06 10:00:00,185,Technical,9,False,88
FL002116,2025-04-06,HEL,BKK,OH-A145,A350,2025-04-06 14:35:00,345,Weather,55,True,165
FL002117,2025-04-06,HEL,OSL,OH-A143,A321,2025-04-06 12:08:00,514,None,0,False,187
FL002118,2025-04-06,HEL,AMS,OH-A141,A350,2025-04-06 17:05:00,390,None,0,False,182
FL002119,2025-04-06,HEL,NRT,OH-A141,A350,2025-04-06 15:10:00,581,None,0,False,240
FL002120,2025-04-06,HEL,JFK,OH-A128,A321,2025-04-06 08:19:00,298,None,0,False,119
FL002121,2025-04-06,HEL,FCO,OH-A133,A320,2025-04-06 14:49:00,507,None,0,False,169
FL002122,2025-04-06,HEL,MUC,OH-A146,A320,2025-04-06 05:16:00,381,None,0,False,111
FL002123,2025-04-06,HEL,NRT,OH-A123,E190,2025-04-06 21:59:00,431,None,0,False,84
FL002124,2025-04-06,HEL,LHR,OH-A136,A321,2025-04-06 07:46:00,58,None,0,False,126
FL002125,2025-04-07,HEL,BKK,OH-A137,A320,2025-04-07 12:14:00,287,None,0,True,160
FL002126,2025-04-07,HEL,BKK,OH-A130,A350,2025-04-07 09:48:00,405,None,0,False,234
FL002127,2025-04-07,HEL,FRA,OH-A147,A321,2025-04-07 08:55:00,171,ATC,48,False,119
FL002128,2025-04-07,HEL,MAD,OH-A114,A320,2025-04-07 11:28:00,357,Late Aircraft,6,False,150
FL002129,2025-04-07,HEL,CPH,OH-A101,A320,2025-04-07 19:24:00,445,None,0,False,168
FL002130,2025-04-07,HEL,BKK,OH-A113,A350,2025-04-07 13:05:00,350,ATC,30,False,177
FL002131,2025-04-07,HEL,ARN,OH-A117,A321,2025-04-07 18:15:00,367,None,0,False,201
FL002132,2025-04-07,HEL,CDG,OH-A119,A350,2025-04-07 15:38:00,484,Late Aircraft,46,True,236
FL002133,2025-04-07,HEL,FCO,OH-A133,A320,2025-04-07 09:15:00,474,Crew,33,False,120
FL002134,2025-04-07,HEL,BKK,OH-A122,E190,2025-04-07 09:20:00,440,None,0,False,55
FL002135,2025-04-07,HEL,OSL,OH-A136,A321,2025-04-07 19:11:00,429,None,0,False,161
FL002136,2025-04-07,HEL,MAD,OH-A123,E190,2025-04-07 12:22:00,302,None,0,False,63
FL002137,2025-04-07,HEL,OSL,OH-A146,A320,2025-04-07 05:52:00,195,Technical,23,False,165
FL002138,2025-04-07,HEL,ARN,OH-A130,A350,2025-04-07 07:11:00,121,None,0,False,195
FL002139,2025-04-07,HEL,AMS,OH-A130,A350,2025-04-07 09:18:00,607,None,0,False,251
FL002140,2025-04-07,HEL,BCN,OH-A121,A320,2025-04-07 20:18:00,511,Crew,60,False,159
FL002141,2025-04-07,HEL,LHR,OH-A131,E190,2025-04-07 18:06:00,389,None,0,False,96
FL002142,2025-04-07,HEL,BKK,OH-A108,A321,2025-04-07 15:28:00,497,Technical,33,False,201
FL002143,2025-04-07,HEL,BCN,OH-A104,A321,2025-04-07 05:17:00,249,Technical,46,False,135
FL002144,2025-04-07,HEL,FRA,OH-A107,A350,2025-04-07 11:55:00,99,ATC,21,False,209
FL002145,2025-04-07,HEL,FRA,OH-A131,E190,2025-04-07 15:06:00,191,Ground Handling,16,False,62
FL002146,2025-04-07,HEL,FRA,OH-A100,A350,2025-04-07 13:09:00,465,ATC,13,False,284
FL002147,2025-04-07,HEL,CPH,OH-A131,E190,2025-04-07 06:51:00,108,None,0,False,98
FL002148,2025-04-07,HEL,BCN,OH-A103,A350,2025-04-07 10:51:00,519,Weather,49,False,185
FL002149,2025-04-08,HEL,LHR,OH-A126,A320,2025-04-08 16:30:00,351,None,0,False,168
FL002150,2025-04-08,HEL,FCO,OH-A104,A321,2025-04-08 07:43:00,63,ATC,28,False,187
FL002151,2025-04-08,HEL,ARN,OH-A144,A350,2025-04-08 07:26:00,507,None,0,False,276
FL002152,2025-04-08,HEL,MUC,OH-A110,A320,2025-04-08 17:10:00,510,None,0,False,110
FL002153,2025-04-08,HEL,AMS,OH-A140,A320,2025-04-08 17:16:00,145,None,0,False,161
FL002154,2025-04-08,HEL,BKK,OH-A122,E190,2025-04-08 13:43:00,372,None,0,False,78
FL002155,2025-04-08,HEL,MUC,OH-A131,E190,2025-04-08 14:26:00,515,Technical,55,False,86
FL002156,2025-04-08,HEL,NRT,OH-A135,A321,2025-04-08 08:48:00,94,None,0,False,188
FL002157,2025-04-08,HEL,LHR,OH-A136,A321,2025-04-08 07:56:00,314,Weather,74,False,155
FL002158,2025-04-08,HEL,FRA,OH-A130,A350,2025-04-08 21:18:00,124,None,0,False,240
FL002159,2025-04-08,HEL,JFK,OH-A122,E190,2025-04-08 21:46:00,399,Technical,5,False,74
FL002160,2025-04-08,HEL,OSL,OH-A114,A320,2025-04-08 06:15:00,316,ATC,5,False,100
FL002161,2025-04-08,HEL,NRT,OH-A115,A321,2025-04-08 11:18:00,547,None,0,False,189
FL002162,2025-04-08,HEL,FCO,OH-A123,E190,2025-04-08 21:13:00,259,Ground Handling,38,False,97
FL002163,2025-04-08,HEL,MAD,OH-A139,A350,2025-04-08 08:08:00,156,None,0,False,281
FL002164,2025-04-08,HEL,LHR,OH-A102,E190,2025-04-08 08:49:00,262,None,0,False,68
FL002165,2025-04-08,HEL,JFK,OH-A100,A350,2025-04-08 20:27:00,492,None,0,False,228
FL002166,2025-04-08,HEL,JFK,OH-A125,A321,2025-04-08 21:46:00,377,Weather,5,False,161
FL002167,2025-04-08,HEL,CDG,OH-A115,A321,2025-04-08 15:29:00,536,None,0,False,172
FL002168,2025-04-08,HEL,BCN,OH-A137,A320,2025-04-08 09:05:00,614,None,0,False,145
FL002169,2025-04-08,HEL,ARN,OH-A132,A321,2025-04-08 06:24:00,602,None,0,False,199
FL002170,2025-04-08,HEL,AMS,OH-A134,A320,2025-04-08 14:52:00,446,Technical,44,False,161
FL002171,2025-04-08,HEL,OSL,OH-A109,A320,2025-04-08 20:22:00,229,Technical,28,False,134
FL002172,2025-04-08,HEL,MUC,OH-A124,A350,2025-04-08 10:35:00,461,Technical,38,False,222
FL002173,2025-04-09,HEL,LHR,OH-A108,A321,2025-04-09 06:44:00,420,None,0,False,198
FL002174,2025-04-09,HEL,NRT,OH-A114,A320,2025-04-09 17:52:00,87,Ground Handling,64,False,95
FL002175,2025-04-09,HEL,MAD,OH-A136,A321,2025-04-09 06:39:00,392,None,0,False,158
FL002176,2025-04-09,HEL,CPH,OH-A139,A350,2025-04-09 18:50:00,343,Crew,11,False,190
FL002177,2025-04-09,HEL,FCO,OH-A139,A350,2025-04-09 19:50:00,443,None,0,False,262
FL002178,2025-04-09,HEL,FCO,OH-A141,A350,2025-04-09 13:40:00,381,None,0,False,174
FL002179,2025-04-09,HEL,FRA,OH-A137,A320,2025-04-09 06:53:00,401,None,0,False,126
FL002180,2025-04-09,HEL,OSL,OH-A142,A350,2025-04-09 19:24:00,111,Technical,29,False,208
FL002181,2025-04-09,HEL,FRA,OH-A132,A321,2025-04-09 08:04:00,461,None,0,False,187
FL002182,2025-04-09,HEL,BCN,OH-A126,A320,2025-04-09 15:58:00,385,None,0,False,163
FL002183,2025-04-09,HEL,CPH,OH-A120,A350,2025-04-09 13:27:00,307,None,0,False,256
FL002184,2025-04-09,HEL,CDG,OH-A114,A320,2025-04-09 13:37:00,112,Technical,42,False,95
FL002185,2025-04-09,HEL,MAD,OH-A108,A321,2025-04-09 09:44:00,285,None,0,False,156
FL002186,2025-04-09,HEL,MUC,OH-A147,A321,2025-04-09 21:58:00,426,Weather,59,False,125
FL002187,2025-04-09,HEL,BKK,OH-A143,A321,2025-04-09 13:49:00,321,None,0,False,206
FL002188,2025-04-09,HEL,LHR,OH-A147,A321,2025-04-09 09:23:00,353,None,0,False,197
FL002189,2025-04-09,HEL,FCO,OH-A118,A350,2025-04-09 17:15:00,61,None,0,False,287
FL002190,2025-04-09,HEL,AMS,OH-A137,A320,2025-04-09 05:28:00,380,Technical,26,False,103
FL002191,2025-04-09,HEL,LHR,OH-A123,E190,2025-04-09 19:12:00,228,None,0,False,56
FL002192,2025-04-09,HEL,BKK,OH-A115,A321,2025-04-09 09:30:00,183,Weather,53,False,163
FL002193,2025-04-09,HEL,BCN,OH-A122,E190,2025-04-09 19:16:00,362,None,0,False,70
FL002194,2025-04-09,HEL,MUC,OH-A143,A321,2025-04-09 08:08:00,393,Weather,5,False,118
FL002195,2025-04-09,HEL,CDG,OH-A130,A350,2025-04-09 10:00:00,110,None,0,False,241
FL002196,2025-04-09,HEL,NRT,OH-A138,A321,2025-04-09 18:32:00,134,None,0,False,131
FL002197,2025-04-09,HEL,ARN,OH-A120,A350,2025-04-09 14:57:00,544,None,0,False,267
FL002198,2025-04-09,HEL,CPH,OH-A142,A350,2025-04-09 13:06:00,103,Weather,24,False,268
FL002199,2025-04-10,HEL,BCN,OH-A106,A350,2025-04-10 11:17:00,129,None,0,False,238
FL002200,2025-04-10,HEL,LHR,OH-A113,A350,2025-04-10 11:43:00,585,None,0,False,280
FL002201,2025-04-10,HEL,BKK,OH-A103,A350,2025-04-10 07:30:00,386,None,0,False,171
FL002202,2025-04-10,HEL,LHR,OH-A101,A320,2025-04-10 10:50:00,212,None,0,False,118
FL002203,2025-04-10,HEL,BKK,OH-A131,E190,2025-04-10 12:23:00,268,None,0,False,81
FL002204,2025-04-10,HEL,BKK,OH-A131,E190,2025-04-10 15:39:00,103,Weather,21,False,58
FL002205,2025-04-10,HEL,MUC,OH-A133,A320,2025-04-10 21:36:00,249,None,0,False,171
FL002206,2025-04-10,HEL,NRT,OH-A128,A321,2025-04-10 17:40:00,292,None,0,False,141
FL002207,2025-04-10,HEL,FCO,OH-A114,A320,2025-04-10 20:46:00,347,None,0,False,143
FL002208,2025-04-10,HEL,FCO,OH-A122,E190,2025-04-10 07:21:00,69,Weather,21,False,69
FL002209,2025-04-10,HEL,ARN,OH-A145,A350,2025-04-10 06:49:00,243,None,0,False,259
FL002210,2025-04-10,HEL,CPH,OH-A112,A350,2025-04-10 12:08:00,490,None,0,False,248
FL002211,2025-04-10,HEL,ARN,OH-A100,A350,2025-04-10 15:19:00,168,Weather,15,False,285
FL002212,2025-04-10,HEL,ARN,OH-A121,A320,2025-04-10 08:59:00,336,None,0,False,131
FL002213,2025-04-10,HEL,JFK,OH-A111,E190,2025-04-10 13:48:00,461,None,0,False,96
FL002214,2025-04-10,HEL,OSL,OH-A105,E190,2025-04-10 18:55:00,439,None,0,False,86
FL002215,2025-04-10,HEL,ARN,OH-A122,E190,2025-04-10 19:11:00,483,None,0,False,68
FL002216,2025-04-10,HEL,BKK,OH-A134,A320,2025-04-10 08:40:00,198,None,0,False,97
FL002217,2025-04-10,HEL,LHR,OH-A137,A320,2025-04-10 14:15:00,604,None,0,False,131
FL002218,2025-04-10,HEL,JFK,OH-A124,A350,2025-04-10 15:33:00,195,None,0,False,297
FL002219,2025-04-10,HEL,BKK,OH-A136,A321,2025-04-10 08:23:00,330,Technical,5,False,146
FL002220,2025-04-10,HEL,MUC,OH-A142,A350,2025-04-10 17:09:00,486,ATC,5,False,279
FL002221,2025-04-10,HEL,NRT,OH-A136,A321,2025-04-10 07:25:00,533,None,0,False,150
FL002222,2025-04-10,HEL,BKK,OH-A101,A320,2025-04-10 17:36:00,184,None,0,False,164
FL002223,2025-04-11,HEL,BKK,OH-A137,A320,2025-04-11 21:03:00,510,Weather,83,False,169
FL002224,2025-04-11,HEL,CDG,OH-A145,A350,2025-04-11 20:39:00,420,Ground Handling,58,False,288
FL002225,2025-04-11,HEL,CDG,OH-A137,A320,2025-04-11 06:44:00,506,None,0,False,95
FL002226,2025-04-11,HEL,CDG,OH-A106,A350,2025-04-11 12:57:00,457,None,0,False,212
FL002227,2025-04-11,HEL,FCO,OH-A118,A350,2025-04-11 15:35:00,365,ATC,5,False,287
FL002228,2025-04-11,HEL,FRA,OH-A131,E190,2025-04-11 15:24:00,498,None,0,False,88
FL002229,2025-04-11,HEL,ARN,OH-A143,A321,2025-04-11 21:38:00,116,None,0,False,189
FL002230,2025-04-11,HEL,BKK,OH-A107,A350,2025-04-11 06:44:00,573,ATC,5,False,252
FL002231,2025-04-11,HEL,CPH,OH-A120,A350,2025-04-11 09:52:00,583,Ground Handling,19,False,292
FL002232,2025-04-11,HEL,NRT,OH-A112,A350,2025-04-11 05:38:00,165,Ground Handling,48,False,214
FL002233,2025-04-11,HEL,OSL,OH-A100,A350,2025-04-11 19:47:00,575,Ground Handling,11,False,294
FL002234,2025-04-11,HEL,MUC,OH-A117,A321,2025-04-11 10:46:00,612,None,0,False,134
FL002235,2025-04-11,HEL,CDG,OH-A114,A320,2025-04-11 18:32:00,441,None,0,False,137
FL002236,2025-04-11,HEL,MAD,OH-A127,A321,2025-04-11 19:01:00,587,None,0,False,171
FL002237,2025-04-11,HEL,AMS,OH-A112,A350,2025-04-11 18:09:00,554,None,0,False,286
FL002238,2025-04-11,HEL,AMS,OH-A120,A350,2025-04-11 17:01:00,205,None,0,False,223
FL002239,2025-04-11,HEL,FRA,OH-A143,A321,2025-04-11 06:10:00,377,None,0,False,146
FL002240,2025-04-11,HEL,BKK,OH-A134,A320,2025-04-11 11:15:00,125,None,0,False,151
FL002241,2025-04-11,HEL,LHR,OH-A121,A320,2025-04-11 10:10:00,619,ATC,93,False,115
FL002242,2025-04-11,HEL,LHR,OH-A128,A321,2025-04-11 14:03:00,367,Crew,5,False,131
FL002243,2025-04-11,HEL,ARN,OH-A105,E190,2025-04-11 05:00:00,484,ATC,51,False,79
FL002244,2025-04-11,HEL,FCO,OH-A134,A320,2025-04-11 08:45:00,550,Weather,5,False,172
FL002245,2025-04-11,HEL,MAD,OH-A128,A321,2025-04-11 18:16:00,417,ATC,5,False,146
FL002246,2025-04-11,HEL,BCN,OH-A136,A321,2025-04-11 18:17:00,430,Late Aircraft,11,False,141
FL002247,2025-04-11,HEL,ARN,OH-A146,A320,2025-04-11 08:42:00,277,Weather,5,False,105
FL002248,2025-04-12,HEL,BKK,OH-A141,A350,2025-04-12 20:29:00,192,None,0,False,185
FL002249,2025-04-12,HEL,JFK,OH-A126,A320,2025-04-12 19:24:00,276,Ground Handling,60,False,100
FL002250,2025-04-12,HEL,FCO,OH-A113,A350,2025-04-12 15:23:00,568,Technical,37,False,180
FL002251,2025-04-12,HEL,MUC,OH-A117,A321,2025-04-12 09:18:00,450,None,0,False,136
FL002252,2025-04-12,HEL,LHR,OH-A141,A350,2025-04-12 12:07:00,262,None,0,False,184
FL002253,2025-04-12,HEL,MAD,OH-A110,A320,2025-04-12 09:21:00,91,Ground Handling,22,False,116
FL002254,2025-04-12,HEL,FCO,OH-A127,A321,2025-04-12 08:54:00,113,None,0,False,118
FL002255,2025-04-12,HEL,MUC,OH-A116,A320,2025-04-12 20:16:00,234,None,0,False,143
FL002256,2025-04-12,HEL,ARN,OH-A118,A350,2025-04-12 21:23:00,479,None,0,False,219
FL002257,2025-04-12,HEL,BKK,OH-A115,A321,2025-04-12 21:15:00,401,None,0,False,195
FL002258,2025-04-12,HEL,JFK,OH-A124,A350,2025-04-12 08:52:00,56,Technical,52,False,257
FL002259,2025-04-12,HEL,CDG,OH-A109,A320,2025-04-12 17:02:00,411,None,0,False,108
FL002260,2025-04-12,HEL,FRA,OH-A135,A321,2025-04-12 15:02:00,333,Crew,11,False,198
FL002261,2025-04-12,HEL,CPH,OH-A111,E190,2025-04-12 16:31:00,590,None,0,False,97
FL002262,2025-04-12,HEL,BKK,OH-A139,A350,2025-04-12 05:52:00,215,None,0,False,286
FL002263,2025-04-12,HEL,LHR,OH-A120,A350,2025-04-12 19:36:00,461,None,0,False,283
FL002264,2025-04-12,HEL,AMS,OH-A129,A350,2025-04-12 19:44:00,566,None,0,False,195
FL002265,2025-04-12,HEL,AMS,OH-A121,A320,2025-04-12 12:17:00,498,None,0,False,153
FL002266,2025-04-12,HEL,LHR,OH-A124,A350,2025-04-12 06:48:00,433,None,0,False,181
FL002267,2025-04-12,HEL,BCN,OH-A123,E190,2025-04-12 07:49:00,287,None,0,False,99
FL002268,2025-04-12,HEL,BKK,OH-A132,A321,2025-04-12 20:18:00,411,None,0,False,195
FL002269,2025-04-12,HEL,JFK,OH-A103,A350,2025-04-12 21:13:00,135,None,0,False,163
FL002270,2025-04-12,HEL,MUC,OH-A110,A320,2025-04-12 06:26:00,150,Technical,5,False,139
FL002271,2025-04-12,HEL,CPH,OH-A108,A321,2025-04-12 21:34:00,180,Technical,22,False,163
FL002272,2025-04-13,HEL,AMS,OH-A107,A350,2025-04-13 08:54:00,242,Technical,62,False,276
FL002273,2025-04-13,HEL,FRA,OH-A143,A321,2025-04-13 19:53:00,166,None,0,False,187
FL002274,2025-04-13,HEL,ARN,OH-A109,A320,2025-04-13 17:13:00,150,None,0,False,139
FL002275,2025-04-13,HEL,OSL,OH-A139,A350,2025-04-13 15:00:00,528,None,0,False,181
FL002276,2025-04-13,HEL,FCO,OH-A134,A320,2025-04-13 18:23:00,286,None,0,False,168
FL002277,2025-04-13,HEL,CDG,OH-A138,A321,2025-04-13 21:15:00,557,None,0,False,190
FL002278,2025-04-13,HEL,CPH,OH-A120,A350,2025-04-13 16:55:00,522,ATC,53,False,276
FL002279,2025-04-13,HEL,CDG,OH-A100,A350,2025-04-13 15:31:00,323,Crew,50,False,193
FL002280,2025-04-13,HEL,CDG,OH-A145,A350,2025-04-13 13:31:00,252,None,0,False,164
FL002281,2025-04-13,HEL,FCO,OH-A119,A350,2025-04-13 06:59:00,380,None,0,False,203
FL002282,2025-04-13,HEL,CPH,OH-A131,E190,2025-04-13 15:23:00,133,None,0,False,77
FL002283,2025-04-13,HEL,ARN,OH-A107,A350,2025-04-13 06:39:00,185,Weather,91,False,282
FL002284,2025-04-13,HEL,FCO,OH-A108,A321,2025-04-13 07:00:00,251,None,0,False,207
FL002285,2025-04-13,HEL,CPH,OH-A130,A350,2025-04-13 18:48:00,480,None,0,False,273
FL002286,2025-04-13,HEL,AMS,OH-A137,A320,2025-04-13 10:18:00,463,None,0,False,170
FL002287,2025-04-13,HEL,MAD,OH-A104,A321,2025-04-13 20:04:00,253,None,0,False,192
FL002288,2025-04-13,HEL,MUC,OH-A136,A321,2025-04-13 11:18:00,346,None,0,False,187
FL002289,2025-04-13,HEL,CPH,OH-A123,E190,2025-04-13 06:38:00,128,None,0,False,93
FL002290,2025-04-13,HEL,FCO,OH-A134,A320,2025-04-13 16:27:00,165,Weather,17,False,139
FL002291,2025-04-13,HEL,ARN,OH-A102,E190,2025-04-13 19:02:00,605,Weather,60,False,56
FL002292,2025-04-13,HEL,LHR,OH-A136,A321,2025-04-13 17:34:00,464,None,0,False,196
FL002293,2025-04-13,HEL,CPH,OH-A103,A350,2025-04-13 13:30:00,379,None,0,False,183
FL002294,2025-04-13,HEL,MUC,OH-A122,E190,2025-04-13 09:01:00,583,None,0,False,97
FL002295,2025-04-13,HEL,MAD,OH-A125,A321,2025-04-13 12:51:00,375,Technical,78,False,179
FL002296,2025-04-13,HEL,MAD,OH-A122,E190,2025-04-13 05:51:00,504,None,0,False,55
FL002297,2025-04-13,HEL,CPH,OH-A123,E190,2025-04-13 09:34:00,76,None,0,False,76
FL002298,2025-04-13,HEL,CDG,OH-A126,A320,2025-04-13 09:52:00,78,None,0,False,163
FL002299,2025-04-14,HEL,MAD,OH-A119,A350,2025-04-14 10:12:00,541,None,0,False,226
FL002300,2025-04-14,HEL,MAD,OH-A124,A350,2025-04-14 06:18:00,435,Crew,56,False,269
FL002301,2025-04-14,HEL,LHR,OH-A144,A350,2025-04-14 12:22:00,570,None,0,False,200
FL002302,2025-04-14,HEL,ARN,OH-A117,A321,2025-04-14 07:46:00,534,None,0,False,164
FL002303,2025-04-14,HEL,AMS,OH-A140,A320,2025-04-14 17:23:00,615,ATC,5,False,113
FL002304,2025-04-14,HEL,OSL,OH-A124,A350,2025-04-14 21:47:00,300,Ground Handling,58,False,196
FL002305,2025-04-14,HEL,CDG,OH-A127,A321,2025-04-14 09:24:00,324,ATC,40,False,207
FL002306,2025-04-14,HEL,CDG,OH-A119,A350,2025-04-14 14:57:00,71,None,0,False,281
FL002307,2025-04-14,HEL,FCO,OH-A105,E190,2025-04-14 08:46:00,581,None,0,False,63
FL002308,2025-04-14,HEL,CDG,OH-A133,A320,2025-04-14 09:12:00,513,None,0,False,166
FL002309,2025-04-14,HEL,OSL,OH-A124,A350,2025-04-14 19:36:00,336,None,0,False,176
FL002310,2025-04-14,HEL,BKK,OH-A133,A320,2025-04-14 05:45:00,329,Crew,87,False,169
FL002311,2025-04-14,HEL,ARN,OH-A145,A350,2025-04-14 12:01:00,410,None,0,False,239
FL002312,2025-04-14,HEL,OSL,OH-A101,A320,2025-04-14 09:09:00,113,None,0,False,174
FL002313,2025-04-14,HEL,CDG,OH-A110,A320,2025-04-14 15:25:00,317,None,0,False,115
FL002314,2025-04-14,HEL,ARN,OH-A109,A320,2025-04-14 16:50:00,200,None,0,False,107
FL002315,2025-04-14,HEL,NRT,OH-A102,E190,2025-04-14 12:13:00,371,Ground Handling,23,False,91
FL002316,2025-04-14,HEL,CDG,OH-A101,A320,2025-04-14 07:29:00,286,None,0,False,162
FL002317,2025-04-14,HEL,FCO,OH-A124,A350,2025-04-14 20:41:00,321,None,0,False,280
FL002318,2025-04-14,HEL,CPH,OH-A139,A350,2025-04-14 12:49:00,606,ATC,19,False,254
FL002319,2025-04-14,HEL,MUC,OH-A144,A350,2025-04-14 07:55:00,326,Technical,31,False,192
FL002320,2025-04-14,HEL,CPH,OH-A108,A321,2025-04-14 12:22:00,466,None,0,False,194
FL002321,2025-04-14,HEL,LHR,OH-A103,A350,2025-04-14 06:06:00,514,ATC,47,False,170
FL002322,2025-04-15,HEL,CDG,OH-A136,A321,2025-04-15 12:04:00,238,Weather,24,False,157
FL002323,2025-04-15,HEL,MAD,OH-A125,A321,2025-04-15 20:27:00,435,Weather,27,False,194
FL002324,2025-04-15,HEL,FRA,OH-A145,A350,2025-04-15 21:50:00,497,None,0,False,240
FL002325,2025-04-15,HEL,OSL,OH-A145,A350,2025-04-15 20:51:00,398,None,0,False,219
FL002326,2025-04-15,HEL,FRA,OH-A115,A321,2025-04-15 06:17:00,339,None,0,False,132
FL002327,2025-04-15,HEL,FRA,OH-A102,E190,2025-04-15 08:06:00,516,Ground Handling,5,False,80
FL002328,2025-04-15,HEL,CDG,OH-A137,A320,2025-04-15 11:27:00,513,Weather,58,False,170
FL002329,2025-04-15,HEL,MUC,OH-A144,A350,2025-04-15 18:42:00,114,Weather,5,False,173
FL002330,2025-04-15,HEL,CDG,OH-A112,A350,2025-04-15 17:04:00,87,None,0,False,282
FL002331,2025-04-15,HEL,CDG,OH-A123,E190,2025-04-15 07:33:00,459,None,0,False,93
FL002332,2025-04-15,HEL,FCO,OH-A122,E190,2025-04-15 12:18:00,238,Technical,50,False,65
FL002333,2025-04-15,HEL,LHR,OH-A102,E190,2025-04-15 14:57:00,202,None,0,False,67
FL002334,2025-04-15,HEL,CDG,OH-A123,E190,2025-04-15 12:07:00,59,None,0,False,91
FL002335,2025-04-15,HEL,CPH,OH-A122,E190,2025-04-15 10:48:00,357,Ground Handling,5,False,93
FL002336,2025-04-15,HEL,MAD,OH-A129,A350,2025-04-15 11:01:00,476,None,0,False,165
FL002337,2025-04-15,HEL,MAD,OH-A103,A350,2025-04-15 16:25:00,561,None,0,False,163
FL002338,2025-04-15,HEL,MAD,OH-A141,A350,2025-04-15 15:26:00,420,ATC,62,False,202
FL002339,2025-04-15,HEL,OSL,OH-A136,A321,2025-04-15 08:16:00,250,Technical,42,False,192
FL002340,2025-04-15,HEL,FRA,OH-A138,A321,2025-04-15 05:11:00,67,None,0,False,121
FL002341,2025-04-15,HEL,CDG,OH-A136,A321,2025-04-15 21:31:00,132,Technical,8,False,196
FL002342,2025-04-16,HEL,BCN,OH-A101,A320,2025-04-16 07:53:00,605,Weather,13,True,132
FL002343,2025-04-16,HEL,AMS,OH-A147,A321,2025-04-16 14:04:00,202,None,0,False,182
FL002344,2025-04-16,HEL,CPH,OH-A124,A350,2025-04-16 12:59:00,618,None,0,False,193
FL002345,2025-04-16,HEL,BKK,OH-A114,A320,2025-04-16 13:16:00,218,None,0,False,143
FL002346,2025-04-16,HEL,MAD,OH-A114,A320,2025-04-16 09:36:00,520,Late Aircraft,52,False,172
FL002347,2025-04-16,HEL,MAD,OH-A112,A350,2025-04-16 11:00:00,436,Late Aircraft,63,False,238
FL002348,2025-04-16,HEL,LHR,OH-A127,A321,2025-04-16 11:52:00,99,None,0,False,175
FL002349,2025-04-16,HEL,FCO,OH-A100,A350,2025-04-16 20:16:00,342,Technical,22,False,286
FL002350,2025-04-16,HEL,MUC,OH-A137,A320,2025-04-16 15:14:00,347,None,0,False,111
FL002351,2025-04-16,HEL,CPH,OH-A102,E190,2025-04-16 17:21:00,502,None,0,False,78
FL002352,2025-04-16,HEL,BKK,OH-A123,E190,2025-04-16 07:47:00,250,Technical,57,False,84
FL002353,2025-04-16,HEL,BKK,OH-A102,E190,2025-04-16 12:16:00,237,Crew,77,False,91
FL002354,2025-04-16,HEL,NRT,OH-A128,A321,2025-04-16 10:54:00,416,None,0,False,150
FL002355,2025-04-16,HEL,FRA,OH-A106,A350,2025-04-16 19:37:00,65,None,0,False,289
FL002356,2025-04-16,HEL,LHR,OH-A133,A320,2025-04-16 12:19:00,413,None,0,False,117
FL002357,2025-04-16,HEL,ARN,OH-A134,A320,2025-04-16 15:04:00,579,Crew,19,False,129
FL002358,2025-04-16,HEL,FCO,OH-A109,A320,2025-04-16 07:36:00,276,None,0,False,152
FL002359,2025-04-16,HEL,NRT,OH-A135,A321,2025-04-16 12:30:00,137,None,0,False,133
FL002360,2025-04-16,HEL,CPH,OH-A147,A321,2025-04-16 10:28:00,451,ATC,25,False,179
FL002361,2025-04-16,HEL,MAD,OH-A116,A320,2025-04-16 08:43:00,566,None,0,False,116
FL002362,2025-04-16,HEL,ARN,OH-A123,E190,2025-04-16 17:58:00,599,None,0,False,98
FL002363,2025-04-16,HEL,FCO,OH-A141,A350,2025-04-16 21:31:00,139,Technical,94,False,272
FL002364,2025-04-17,HEL,FCO,OH-A107,A350,2025-04-17 21:40:00,533,None,0,False,180
FL002365,2025-04-17,HEL,AMS,OH-A130,A350,2025-04-17 18:24:00,154,None,0,False,176
FL002366,2025-04-17,HEL,LHR,OH-A138,A321,2025-04-17 11:14:00,97,None,0,False,114
FL002367,2025-04-17,HEL,LHR,OH-A110,A320,2025-04-17 19:11:00,177,Crew,26,False,157
FL002368,2025-04-17,HEL,CDG,OH-A115,A321,2025-04-17 20:04:00,129,None,0,False,141
FL002369,2025-04-17,HEL,NRT,OH-A124,A350,2025-04-17 16:08:00,243,None,0,False,229
FL002370,2025-04-17,HEL,FCO,OH-A109,A320,2025-04-17 12:24:00,218,Late Aircraft,19,False,111
FL002371,2025-04-17,HEL,MAD,OH-A128,A321,2025-04-17 05:31:00,434,None,0,False,163
FL002372,2025-04-17,HEL,BCN,OH-A101,A320,2025-04-17 17:30:00,325,Technical,5,False,135
FL002373,2025-04-17,HEL,AMS,OH-A113,A350,2025-04-17 11:24:00,603,None,0,False,261
FL002374,2025-04-17,HEL,NRT,OH-A109,A320,2025-04-17 07:20:00,395,None,0,False,142
FL002375,2025-04-17,HEL,LHR,OH-A119,A350,2025-04-17 10:47:00,246,Crew,60,False,208
FL002376,2025-04-17,HEL,BKK,OH-A145,A350,2025-04-17 08:40:00,368,None,0,False,239
FL002377,2025-04-17,HEL,AMS,OH-A142,A350,2025-04-17 13:36:00,237,None,0,False,251
FL002378,2025-04-17,HEL,CDG,OH-A142,A350,2025-04-17 05:24:00,488,None,0,False,219
FL002379,2025-04-17,HEL,FRA,OH-A108,A321,2025-04-17 17:54:00,459,Weather,39,False,176
FL002380,2025-04-17,HEL,FCO,OH-A127,A321,2025-04-17 13:06:00,429,None,0,False,156
FL002381,2025-04-17,HEL,MAD,OH-A119,A350,2025-04-17 13:06:00,491,None,0,False,163
FL002382,2025-04-17,HEL,FCO,OH-A107,A350,2025-04-17 09:18:00,588,None,0,False,231
FL002383,2025-04-17,HEL,CPH,OH-A145,A350,2025-04-17 05:14:00,304,Ground Handling,59,False,280
FL002384,2025-04-18,HEL,OSL,OH-A147,A321,2025-04-18 15:46:00,269,None,0,False,189
FL002385,2025-04-18,HEL,AMS,OH-A102,E190,2025-04-18 17:22:00,112,None,0,False,74
FL002386,2025-04-18,HEL,LHR,OH-A116,A320,2025-04-18 18:15:00,311,None,0,False,147
FL002387,2025-04-18,HEL,CDG,OH-A147,A321,2025-04-18 15:35:00,99,Crew,52,False,147
FL002388,2025-04-18,HEL,BCN,OH-A122,E190,2025-04-18 07:51:00,458,Late Aircraft,13,False,81
FL002389,2025-04-18,HEL,AMS,OH-A126,A320,2025-04-18 09:06:00,385,None,0,False,119
FL002390,2025-04-18,HEL,MAD,OH-A132,A321,2025-04-18 21:58:00,305,Weather,5,False,180
FL002391,2025-04-18,HEL,MAD,OH-A139,A350,2025-04-18 09:49:00,261,None,0,False,293
FL002392,2025-04-18,HEL,OSL,OH-A143,A321,2025-04-18 05:07:00,567,Technical,5,False,192
FL002393,2025-04-18,HEL,ARN,OH-A103,A350,2025-04-18 10:38:00,378,Late Aircraft,28,False,220
FL002394,2025-04-18,HEL,FCO,OH-A109,A320,2025-04-18 21:51:00,564,None,0,False,118
FL002395,2025-04-18,HEL,OSL,OH-A129,A350,2025-04-18 05:05:00,481,None,0,False,279
FL002396,2025-04-18,HEL,OSL,OH-A146,A320,2025-04-18 12:05:00,371,None,0,False,148
FL002397,2025-04-18,HEL,BCN,OH-A114,A320,2025-04-18 09:43:00,244,None,0,False,118
FL002398,2025-04-18,HEL,LHR,OH-A144,A350,2025-04-18 12:56:00,317,None,0,False,172
FL002399,2025-04-18,HEL,OSL,OH-A124,A350,2025-04-18 12:30:00,84,Technical,32,False,242
FL002400,2025-04-18,HEL,CDG,OH-A135,A321,2025-04-18 08:26:00,261,None,0,False,162
FL002401,2025-04-18,HEL,MUC,OH-A123,E190,2025-04-18 14:40:00,175,None,0,False,56
FL002402,2025-04-18,HEL,JFK,OH-A134,A320,2025-04-18 05:26:00,252,None,0,False,170
FL002403,2025-04-18,HEL,BKK,OH-A145,A350,2025-04-18 05:10:00,377,None,0,True,257
FL002404,2025-04-18,HEL,FCO,OH-A100,A350,2025-04-18 15:47:00,408,Technical,45,False,206
FL002405,2025-04-18,HEL,NRT,OH-A147,A321,2025-04-18 21:19:00,404,None,0,False,176
FL002406,2025-04-18,HEL,MUC,OH-A146,A320,2025-04-18 10:50:00,468,None,0,False,134
FL002407,2025-04-18,HEL,AMS,OH-A123,E190,2025-04-18 13:20:00,211,None,0,False,90
FL002408,2025-04-18,HEL,JFK,OH-A144,A350,2025-04-18 14:21:00,470,None,0,False,254
FL002409,2025-04-18,HEL,CDG,OH-A104,A321,2025-04-18 17:05:00,343,Crew,72,False,132
FL002410,2025-04-18,HEL,JFK,OH-A142,A350,2025-04-18 06:50:00,581,None,0,False,297
FL002411,2025-04-19,HEL,MAD,OH-A122,E190,2025-04-19 08:05:00,428,None,0,False,57
FL002412,2025-04-19,HEL,LHR,OH-A106,A350,2025-04-19 08:34:00,587,None,0,False,227
FL002413,2025-04-19,HEL,LHR,OH-A112,A350,2025-04-19 19:38:00,392,None,0,False,174
FL002414,2025-04-19,HEL,NRT,OH-A130,A350,2025-04-19 05:16:00,489,ATC,53,False,247
FL002415,2025-04-19,HEL,ARN,OH-A125,A321,2025-04-19 12:41:00,280,None,0,False,147
FL002416,2025-04-19,HEL,BKK,OH-A124,A350,2025-04-19 07:59:00,168,None,0,False,207
FL002417,2025-04-19,HEL,FRA,OH-A112,A350,2025-04-19 11:15:00,163,ATC,5,False,270
FL002418,2025-04-19,HEL,ARN,OH-A110,A320,2025-04-19 14:16:00,276,None,0,False,131
FL002419,2025-04-19,HEL,JFK,OH-A145,A350,2025-04-19 21:55:00,609,Crew,61,False,261
FL002420,2025-04-19,HEL,ARN,OH-A127,A321,2025-04-19 10:58:00,523,Technical,59,False,203
FL002421,2025-04-19,HEL,CDG,OH-A101,A320,2025-04-19 15:21:00,173,Weather,33,False,135
FL002422,2025-04-19,HEL,LHR,OH-A118,A350,2025-04-19 18:28:00,557,None,0,False,258
FL002423,2025-04-19,HEL,FCO,OH-A129,A350,2025-04-19 15:03:00,311,Crew,49,False,265
FL002424,2025-04-19,HEL,AMS,OH-A115,A321,2025-04-19 11:45:00,554,Late Aircraft,10,False,125
FL002425,2025-04-19,HEL,MAD,OH-A100,A350,2025-04-19 13:16:00,193,None,0,False,236
FL002426,2025-04-19,HEL,CPH,OH-A138,A321,2025-04-19 05:33:00,608,None,0,False,181
FL002427,2025-04-19,HEL,MAD,OH-A112,A350,2025-04-19 11:30:00,559,Ground Handling,66,False,208
FL002428,2025-04-19,HEL,MAD,OH-A121,A320,2025-04-19 09:45:00,217,None,0,False,112
FL002429,2025-04-19,HEL,CDG,OH-A129,A350,2025-04-19 18:49:00,559,None,0,False,206
FL002430,2025-04-19,HEL,NRT,OH-A142,A350,2025-04-19 19:28:00,145,ATC,31,False,262
FL002431,2025-04-20,HEL,MUC,OH-A103,A350,2025-04-20 11:56:00,524,None,0,False,269
FL002432,2025-04-20,HEL,JFK,OH-A122,E190,2025-04-20 19:12:00,410,None,0,False,95
FL002433,2025-04-20,HEL,BCN,OH-A141,A350,2025-04-20 13:15:00,619,Weather,16,False,211
FL002434,2025-04-20,HEL,MAD,OH-A117,A321,2025-04-20 11:59:00,182,None,0,False,137
FL002435,2025-04-20,HEL,JFK,OH-A118,A350,2025-04-20 18:37:00,126,None,0,False,221
FL002436,2025-04-20,HEL,BKK,OH-A136,A321,2025-04-20 20:21:00,536,None,0,False,156
FL002437,2025-04-20,HEL,BCN,OH-A112,A350,2025-04-20 17:51:00,530,Technical,36,False,252
FL002438,2025-04-20,HEL,FRA,OH-A120,A350,2025-04-20 05:45:00,164,None,0,False,229
FL002439,2025-04-20,HEL,MAD,OH-A137,A320,2025-04-20 13:23:00,186,None,0,False,115
FL002440,2025-04-20,HEL,FCO,OH-A143,A321,2025-04-20 19:50:00,215,None,0,False,163
FL002441,2025-04-20,HEL,BKK,OH-A134,A320,2025-04-20 16:00:00,175,None,0,False,170
FL002442,2025-04-20,HEL,MAD,OH-A147,A321,2025-04-20 08:02:00,183,None,0,False,121
FL002443,2025-04-20,HEL,BKK,OH-A130,A350,2025-04-20 16:24:00,554,None,0,False,232
FL002444,2025-04-20,HEL,FCO,OH-A102,E190,2025-04-20 12:20:00,157,None,0,False,63
FL002445,2025-04-20,HEL,BKK,OH-A124,A350,2025-04-20 15:43:00,153,None,0,False,289
FL002446,2025-04-20,HEL,FCO,OH-A132,A321,2025-04-20 13:30:00,192,None,0,False,196
FL002447,2025-04-20,HEL,NRT,OH-A118,A350,2025-04-20 14:23:00,507,None,0,False,171
FL002448,2025-04-20,HEL,OSL,OH-A118,A350,2025-04-20 20:39:00,399,None,0,False,232
FL002449,2025-04-20,HEL,BKK,OH-A113,A350,2025-04-20 13:13:00,614,None,0,False,186
FL002450,2025-04-20,HEL,CDG,OH-A119,A350,2025-04-20 06:24:00,567,None,0,False,266
FL002451,2025-04-20,HEL,JFK,OH-A112,A350,2025-04-20 17:45:00,75,None,0,False,283
FL002452,2025-04-20,HEL,AMS,OH-A121,A320,2025-04-20 10:23:00,76,ATC,62,False,174
FL002453,2025-04-20,HEL,FRA,OH-A147,A321,2025-04-20 10:56:00,204,None,0,False,157
FL002454,2025-04-20,HEL,FCO,OH-A131,E190,2025-04-20 14:05:00,422,ATC,5,False,83
FL002455,2025-04-20,HEL,MUC,OH-A146,A320,2025-04-20 15:04:00,339,None,0,False,110
FL002456,2025-04-20,HEL,FCO,OH-A106,A350,2025-04-20 10:45:00,133,Crew,32,False,205
FL002457,2025-04-21,HEL,FCO,OH-A128,A321,2025-04-21 08:35:00,125,None,0,False,122
FL002458,2025-04-21,HEL,BKK,OH-A136,A321,2025-04-21 08:26:00,365,ATC,31,False,148
FL002459,2025-04-21,HEL,BCN,OH-A102,E190,2025-04-21 05:46:00,111,Weather,51,False,88
FL002460,2025-04-21,HEL,CDG,OH-A109,A320,2025-04-21 14:33:00,295,Ground Handling,71,False,108
FL002461,2025-04-21,HEL,ARN,OH-A144,A350,2025-04-21 17:11:00,450,None,0,False,184
FL002462,2025-04-21,HEL,MAD,OH-A100,A350,2025-04-21 21:29:00,365,None,0,False,297
FL002463,2025-04-21,HEL,JFK,OH-A108,A321,2025-04-21 13:38:00,117,ATC,34,False,151
FL002464,2025-04-21,HEL,MUC,OH-A100,A350,2025-04-21 19:35:00,435,Technical,35,False,282
FL002465,2025-04-21,HEL,NRT,OH-A105,E190,2025-04-21 17:02:00,86,None,0,False,83
FL002466,2025-04-21,HEL,CDG,OH-A129,A350,2025-04-21 09:26:00,213,None,0,False,215
FL002467,2025-04-21,HEL,ARN,OH-A129,A350,2025-04-21 16:09:00,267,Crew,6,False,178
FL002468,2025-04-21,HEL,BCN,OH-A146,A320,2025-04-21 20:07:00,288,None,0,False,128
FL002469,2025-04-21,HEL,CPH,OH-A147,A321,2025-04-21 06:11:00,416,None,0,False,180
FL002470,2025-04-21,HEL,CPH,OH-A100,A350,2025-04-21 18:25:00,54,None,0,False,224
FL002471,2025-04-21,HEL,MAD,OH-A113,A350,2025-04-21 21:18:00,141,None,0,False,248
FL002472,2025-04-21,HEL,FRA,OH-A115,A321,2025-04-21 17:10:00,458,None,0,False,120
FL002473,2025-04-21,HEL,BCN,OH-A125,A321,2025-04-21 09:59:00,456,Ground Handling,14,False,133
FL002474,2025-04-21,HEL,FCO,OH-A147,A321,2025-04-21 07:30:00,217,None,0,False,177
FL002475,2025-04-21,HEL,AMS,OH-A101,A320,2025-04-21 06:18:00,341,None,0,False,109
FL002476,2025-04-21,HEL,BCN,OH-A109,A320,2025-04-21 08:00:00,545,None,0,False,136
FL002477,2025-04-21,HEL,MUC,OH-A100,A350,2025-04-21 16:43:00,520,None,0,False,266
FL002478,2025-04-21,HEL,BCN,OH-A144,A350,2025-04-21 05:54:00,537,None,0,False,183
FL002479,2025-04-21,HEL,MAD,OH-A105,E190,2025-04-21 17:11:00,280,None,0,False,90
FL002480,2025-04-21,HEL,AMS,OH-A126,A320,2025-04-21 12:36:00,66,Crew,25,False,166
FL002481,2025-04-21,HEL,MUC,OH-A130,A350,2025-04-21 10:01:00,104,Weather,5,False,277
FL002482,2025-04-22,HEL,ARN,OH-A129,A350,2025-04-22 13:48:00,144,Crew,26,False,188
FL002483,2025-04-22,HEL,ARN,OH-A145,A350,2025-04-22 10:39:00,572,None,0,False,268
FL002484,2025-04-22,HEL,BCN,OH-A115,A321,2025-04-22 11:28:00,359,None,0,False,176
FL002485,2025-04-22,HEL,NRT,OH-A144,A350,2025-04-22 15:43:00,48,None,0,False,182
FL002486,2025-04-22,HEL,OSL,OH-A100,A350,2025-04-22 07:57:00,327,None,0,False,228
FL002487,2025-04-22,HEL,JFK,OH-A131,E190,2025-04-22 07:19:00,211,None,0,False,73
FL002488,2025-04-22,HEL,FCO,OH-A111,E190,2025-04-22 07:28:00,207,None,0,False,81
FL002489,2025-04-22,HEL,LHR,OH-A125,A321,2025-04-22 17:53:00,409,Crew,35,False,161
FL002490,2025-04-22,HEL,ARN,OH-A143,A321,2025-04-22 13:50:00,200,None,0,False,114
FL002491,2025-04-22,HEL,FRA,OH-A115,A321,2025-04-22 10:38:00,323,None,0,False,157
FL002492,2025-04-22,HEL,CPH,OH-A102,E190,2025-04-22 16:28:00,80,Crew,17,False,90
FL002493,2025-04-22,HEL,CPH,OH-A120,A350,2025-04-22 10:50:00,330,Late Aircraft,23,False,208
FL002494,2025-04-22,HEL,FRA,OH-A124,A350,2025-04-22 17:03:00,128,Weather,48,False,227
FL002495,2025-04-22,HEL,JFK,OH-A100,A350,2025-04-22 13:40:00,460,ATC,73,False,257
FL002496,2025-04-22,HEL,BKK,OH-A144,A350,2025-04-22 07:55:00,392,None,0,False,271
FL002497,2025-04-22,HEL,BCN,OH-A143,A321,2025-04-22 16:36:00,247,None,0,False,124
FL002498,2025-04-22,HEL,LHR,OH-A136,A321,2025-04-22 16:27:00,302,None,0,False,194
FL002499,2025-04-22,HEL,CDG,OH-A139,A350,2025-04-22 19:37:00,202,None,0,False,234
FL002500,2025-04-23,HEL,FRA,OH-A132,A321,2025-04-23 15:23:00,285,None,0,False,159
FL002501,2025-04-23,HEL,MUC,OH-A118,A350,2025-04-23 19:47:00,459,None,0,False,176
FL002502,2025-04-23,HEL,MAD,OH-A115,A321,2025-04-23 05:53:00,71,Crew,7,False,127
FL002503,2025-04-23,HEL,AMS,OH-A107,A350,2025-04-23 11:00:00,124,None,0,False,262
FL002504,2025-04-23,HEL,MUC,OH-A132,A321,2025-04-23 12:26:00,426,None,0,False,165
FL002505,2025-04-23,HEL,CPH,OH-A141,A350,2025-04-23 16:21:00,591,None,0,False,292
FL002506,2025-04-23,HEL,NRT,OH-A106,A350,2025-04-23 09:57:00,161,Technical,16,False,236
FL002507,2025-04-23,HEL,CPH,OH-A117,A321,2025-04-23 06:30:00,443,None,0,False,182
FL002508,2025-04-23,HEL,NRT,OH-A107,A350,2025-04-23 11:59:00,421,Late Aircraft,44,False,266
FL002509,2025-04-23,HEL,FCO,OH-A121,A320,2025-04-23 14:06:00,128,None,0,False,107
FL002510,2025-04-23,HEL,BKK,OH-A128,A321,2025-04-23 17:10:00,303,None,0,False,178
FL002511,2025-04-23,HEL,ARN,OH-A100,A350,2025-04-23 20:51:00,524,None,0,False,251
FL002512,2025-04-23,HEL,LHR,OH-A141,A350,2025-04-23 10:19:00,331,None,0,False,188
FL002513,2025-04-23,HEL,ARN,OH-A138,A321,2025-04-23 07:50:00,256,None,0,False,195
FL002514,2025-04-23,HEL,AMS,OH-A129,A350,2025-04-23 13:38:00,538,None,0,False,225
FL002515,2025-04-23,HEL,NRT,OH-A136,A321,2025-04-23 19:27:00,253,None,0,False,152
FL002516,2025-04-23,HEL,FCO,OH-A138,A321,2025-04-23 13:32:00,127,None,0,False,135
FL002517,2025-04-23,HEL,MAD,OH-A113,A350,2025-04-23 10:59:00,412,None,0,False,256
FL002518,2025-04-23,HEL,JFK,OH-A112,A350,2025-04-23 07:27:00,326,None,0,False,175
FL002519,2025-04-23,HEL,ARN,OH-A104,A321,2025-04-23 19:37:00,401,Ground Handling,5,False,157
FL002520,2025-04-23,HEL,JFK,OH-A127,A321,2025-04-23 14:06:00,505,None,0,False,154
FL002521,2025-04-23,HEL,CDG,OH-A131,E190,2025-04-23 21:57:00,575,ATC,33,False,65
FL002522,2025-04-23,HEL,MAD,OH-A137,A320,2025-04-23 11:36:00,401,None,0,False,112
FL002523,2025-04-23,HEL,FCO,OH-A100,A350,2025-04-23 20:38:00,181,Late Aircraft,20,False,287
FL002524,2025-04-24,HEL,OSL,OH-A109,A320,2025-04-24 07:37:00,462,None,0,False,113
FL002525,2025-04-24,HEL,JFK,OH-A109,A320,2025-04-24 06:19:00,150,Crew,40,False,99
FL002526,2025-04-24,HEL,BCN,OH-A137,A320,2025-04-24 12:10:00,58,Technical,69,False,135
FL002527,2025-04-24,HEL,BCN,OH-A118,A350,2025-04-24 08:11:00,255,None,0,False,232
FL002528,2025-04-24,HEL,BKK,OH-A136,A321,2025-04-24 11:03:00,385,None,0,False,131
FL002529,2025-04-24,HEL,LHR,OH-A102,E190,2025-04-24 06:13:00,327,None,0,False,80
FL002530,2025-04-24,HEL,NRT,OH-A117,A321,2025-04-24 06:35:00,560,None,0,False,119
FL002531,2025-04-24,HEL,CDG,OH-A138,A321,2025-04-24 16:03:00,235,None,0,False,198
FL002532,2025-04-24,HEL,NRT,OH-A134,A320,2025-04-24 13:58:00,354,None,0,False,144
FL002533,2025-04-24,HEL,FCO,OH-A128,A321,2025-04-24 16:36:00,512,Technical,48,False,118
FL002534,2025-04-24,HEL,OSL,OH-A130,A350,2025-04-24 21:25:00,582,ATC,36,False,240
FL002535,2025-04-24,HEL,OSL,OH-A108,A321,2025-04-24 10:01:00,573,None,0,False,124
FL002536,2025-04-24,HEL,MUC,OH-A100,A350,2025-04-24 09:00:00,608,None,0,False,193
FL002537,2025-04-24,HEL,MUC,OH-A142,A350,2025-04-24 21:57:00,216,None,0,False,170
FL002538,2025-04-24,HEL,LHR,OH-A140,A320,2025-04-24 06:55:00,102,Late Aircraft,61,False,170
FL002539,2025-04-24,HEL,LHR,OH-A104,A321,2025-04-24 05:18:00,501,None,0,False,189
FL002540,2025-04-24,HEL,NRT,OH-A140,A320,2025-04-24 15:55:00,231,None,0,False,104
FL002541,2025-04-24,HEL,FCO,OH-A123,E190,2025-04-24 07:46:00,517,None,0,False,79
FL002542,2025-04-25,HEL,NRT,OH-A141,A350,2025-04-25 19:46:00,117,Crew,41,False,173
FL002543,2025-04-25,HEL,FRA,OH-A112,A350,2025-04-25 09:42:00,111,None,0,False,196
FL002544,2025-04-25,HEL,FRA,OH-A125,A321,2025-04-25 17:00:00,168,None,0,False,134
FL002545,2025-04-25,HEL,LHR,OH-A117,A321,2025-04-25 11:27:00,441,None,0,False,176
FL002546,2025-04-25,HEL,FRA,OH-A117,A321,2025-04-25 13:05:00,316,None,0,False,196
FL002547,2025-04-25,HEL,JFK,OH-A136,A321,2025-04-25 17:09:00,510,None,0,False,170
FL002548,2025-04-25,HEL,MUC,OH-A131,E190,2025-04-25 19:45:00,296,None,0,True,95
FL002549,2025-04-25,HEL,MAD,OH-A147,A321,2025-04-25 15:36:00,193,Crew,27,False,160
FL002550,2025-04-25,HEL,AMS,OH-A103,A350,2025-04-25 11:27:00,306,None,0,False,215
FL002551,2025-04-25,HEL,MAD,OH-A143,A321,2025-04-25 12:03:00,468,None,0,False,121
FL002552,2025-04-25,HEL,MAD,OH-A105,E190,2025-04-25 10:54:00,376,Weather,33,False,57
FL002553,2025-04-25,HEL,MUC,OH-A111,E190,2025-04-25 21:02:00,437,None,0,False,55
FL002554,2025-04-25,HEL,BKK,OH-A106,A350,2025-04-25 13:11:00,448,Weather,31,False,231
FL002555,2025-04-25,HEL,NRT,OH-A123,E190,2025-04-25 08:53:00,104,None,0,False,64
FL002556,2025-04-25,HEL,OSL,OH-A124,A350,2025-04-25 16:45:00,584,None,0,False,195
FL002557,2025-04-25,HEL,LHR,OH-A103,A350,2025-04-25 12:30:00,455,None,0,False,164
FL002558,2025-04-25,HEL,BKK,OH-A141,A350,2025-04-25 14:42:00,148,None,0,False,238
FL002559,2025-04-25,HEL,AMS,OH-A132,A321,2025-04-25 14:08:00,222,None,0,False,205
FL002560,2025-04-25,HEL,CDG,OH-A109,A320,2025-04-25 09:56:00,536,None,0,False,148
FL002561,2025-04-25,HEL,JFK,OH-A101,A320,2025-04-25 13:31:00,92,None,0,False,138
FL002562,2025-04-25,HEL,BCN,OH-A121,A320,2025-04-25 08:41:00,532,None,0,False,110
FL002563,2025-04-25,HEL,CPH,OH-A117,A321,2025-04-25 06:23:00,352,None,0,False,150
FL002564,2025-04-25,HEL,CPH,OH-A122,E190,2025-04-25 20:48:00,583,None,0,False,73
FL002565,2025-04-25,HEL,JFK,OH-A133,A320,2025-04-25 13:02:00,393,None,0,False,115
FL002566,2025-04-25,HEL,FCO,OH-A142,A350,2025-04-25 07:58:00,474,None,0,False,289
FL002567,2025-04-25,HEL,CDG,OH-A102,E190,2025-04-25 18:17:00,286,Late Aircraft,81,False,71
FL002568,2025-04-26,HEL,NRT,OH-A119,A350,2025-04-26 06:31:00,410,None,0,False,207
FL002569,2025-04-26,HEL,BKK,OH-A119,A350,2025-04-26 18:33:00,334,None,0,False,267
FL002570,2025-04-26,HEL,BCN,OH-A115,A321,2025-04-26 18:36:00,495,None,0,False,149
FL002571,2025-04-26,HEL,CPH,OH-A137,A320,2025-04-26 19:34:00,595,None,0,False,128
FL002572,2025-04-26,HEL,LHR,OH-A115,A321,2025-04-26 21:13:00,469,ATC,18,False,201
FL002573,2025-04-26,HEL,FCO,OH-A144,A350,2025-04-26 14:46:00,479,ATC,11,False,248
FL002574,2025-04-26,HEL,BCN,OH-A125,A321,2025-04-26 20:37:00,438,None,0,False,132
FL002575,2025-04-26,HEL,FRA,OH-A139,A350,2025-04-26 21:19:00,136,None,0,False,270
FL002576,2025-04-26,HEL,AMS,OH-A118,A350,2025-04-26 13:46:00,203,Weather,42,False,295
FL002577,2025-04-26,HEL,MAD,OH-A115,A321,2025-04-26 10:08:00,380,None,0,False,204
FL002578,2025-04-26,HEL,AMS,OH-A137,A320,2025-04-26 19:05:00,202,Weather,16,False,117
FL002579,2025-04-26,HEL,OSL,OH-A137,A320,2025-04-26 19:31:00,592,None,0,False,130
FL002580,2025-04-26,HEL,BKK,OH-A133,A320,2025-04-26 16:55:00,50,None,0,False,157
FL002581,2025-04-26,HEL,CDG,OH-A130,A350,2025-04-26 14:46:00,372,None,0,False,232
FL002582,2025-04-26,HEL,LHR,OH-A123,E190,2025-04-26 17:08:00,283,None,0,False,96
FL002583,2025-04-26,HEL,ARN,OH-A102,E190,2025-04-26 21:59:00,155,None,0,False,74
FL002584,2025-04-26,HEL,FRA,OH-A116,A320,2025-04-26 11:01:00,104,None,0,False,148
FL002585,2025-04-26,HEL,BKK,OH-A108,A321,2025-04-26 06:55:00,159,Ground Handling,53,False,184
FL002586,2025-04-26,HEL,OSL,OH-A128,A321,2025-04-26 16:07:00,232,Weather,11,False,167
FL002587,2025-04-26,HEL,LHR,OH-A110,A320,2025-04-26 15:05:00,84,None,0,False,150
FL002588,2025-04-26,HEL,OSL,OH-A137,A320,2025-04-26 13:43:00,202,None,0,False,168
FL002589,2025-04-26,HEL,CPH,OH-A147,A321,2025-04-26 05:59:00,221,None,0,False,131
FL002590,2025-04-26,HEL,BCN,OH-A139,A350,2025-04-26 13:53:00,179,Late Aircraft,52,False,240
FL002591,2025-04-26,HEL,CDG,OH-A146,A320,2025-04-26 06:56:00,127,None,0,False,104
FL002592,2025-04-26,HEL,FCO,OH-A100,A350,2025-04-26 07:14:00,215,None,0,False,182
FL002593,2025-04-27,HEL,BCN,OH-A110,A320,2025-04-27 06:10:00,521,None,0,False,113
FL002594,2025-04-27,HEL,LHR,OH-A111,E190,2025-04-27 08:15:00,190,None,0,False,85
FL002595,2025-04-27,HEL,BKK,OH-A119,A350,2025-04-27 16:09:00,340,None,0,False,183
FL002596,2025-04-27,HEL,OSL,OH-A142,A350,2025-04-27 10:14:00,466,None,0,False,216
FL002597,2025-04-27,HEL,CDG,OH-A110,A320,2025-04-27 16:47:00,99,Late Aircraft,5,False,97
FL002598,2025-04-27,HEL,MAD,OH-A119,A350,2025-04-27 07:21:00,545,None,0,False,252
FL002599,2025-04-27,HEL,MUC,OH-A115,A321,2025-04-27 14:52:00,582,None,0,False,123
FL002600,2025-04-27,HEL,ARN,OH-A101,A320,2025-04-27 20:34:00,493,None,0,False,174
FL002601,2025-04-27,HEL,JFK,OH-A119,A350,2025-04-27 17:28:00,242,ATC,40,False,259
FL002602,2025-04-27,HEL,LHR,OH-A130,A350,2025-04-27 19:34:00,379,None,0,False,276
FL002603,2025-04-27,HEL,MAD,OH-A147,A321,2025-04-27 18:12:00,242,None,0,False,152
FL002604,2025-04-27,HEL,CDG,OH-A108,A321,2025-04-27 14:51:00,120,None,0,False,169
FL002605,2025-04-27,HEL,FCO,OH-A104,A321,2025-04-27 07:08:00,503,None,0,False,136
FL002606,2025-04-27,HEL,NRT,OH-A129,A350,2025-04-27 12:32:00,278,None,0,False,273
FL002607,2025-04-27,HEL,FCO,OH-A139,A350,2025-04-27 20:01:00,458,None,0,False,224
FL002608,2025-04-27,HEL,NRT,OH-A130,A350,2025-04-27 09:54:00,232,None,0,False,244
FL002609,2025-04-27,HEL,MUC,OH-A106,A350,2025-04-27 09:02:00,200,None,0,False,256
FL002610,2025-04-27,HEL,ARN,OH-A136,A321,2025-04-27 19:58:00,75,None,0,False,145
FL002611,2025-04-27,HEL,MUC,OH-A130,A350,2025-04-27 13:53:00,486,Weather,8,False,176
FL002612,2025-04-27,HEL,FRA,OH-A147,A321,2025-04-27 15:09:00,389,Weather,41,False,146
FL002613,2025-04-27,HEL,FCO,OH-A101,A320,2025-04-27 09:07:00,199,None,0,False,147
FL002614,2025-04-27,HEL,LHR,OH-A146,A320,2025-04-27 19:57:00,46,None,0,False,110
FL002615,2025-04-27,HEL,MAD,OH-A100,A350,2025-04-27 13:07:00,73,None,0,False,238
FL002616,2025-04-27,HEL,FRA,OH-A108,A321,2025-04-27 14:00:00,421,None,0,False,123
FL002617,2025-04-27,HEL,MAD,OH-A103,A350,2025-04-27 10:01:00,168,ATC,5,False,288
FL002618,2025-04-27,HEL,AMS,OH-A126,A320,2025-04-27 06:19:00,457,None,0,False,148
FL002619,2025-04-27,HEL,AMS,OH-A141,A350,2025-04-27 14:12:00,163,Ground Handling,7,False,213
FL002620,2025-04-28,HEL,MUC,OH-A113,A350,2025-04-28 19:53:00,135,None,0,False,199
FL002621,2025-04-28,HEL,CDG,OH-A130,A350,2025-04-28 17:42:00,210,Late Aircraft,76,False,230
FL002622,2025-04-28,HEL,OSL,OH-A124,A350,2025-04-28 17:27:00,579,None,0,False,193
FL002623,2025-04-28,HEL,MAD,OH-A124,A350,2025-04-28 12:25:00,290,None,0,False,270
FL002624,2025-04-28,HEL,LHR,OH-A133,A320,2025-04-28 07:56:00,453,None,0,False,172
FL002625,2025-04-28,HEL,MAD,OH-A146,A320,2025-04-28 09:30:00,581,None,0,False,145
FL002626,2025-04-28,HEL,ARN,OH-A140,A320,2025-04-28 08:07:00,496,None,0,False,140
FL002627,2025-04-28,HEL,BCN,OH-A139,A350,2025-04-28 08:14:00,183,None,0,False,184
FL002628,2025-04-28,HEL,BCN,OH-A104,A321,2025-04-28 17:22:00,197,None,0,False,179
FL002629,2025-04-28,HEL,MUC,OH-A125,A321,2025-04-28 08:19:00,563,None,0,False,125
FL002630,2025-04-28,HEL,MAD,OH-A119,A350,2025-04-28 11:34:00,253,Technical,56,False,216
FL002631,2025-04-28,HEL,BKK,OH-A134,A320,2025-04-28 13:12:00,225,Weather,46,False,103
FL002632,2025-04-28,HEL,JFK,OH-A128,A321,2025-04-28 06:02:00,573,None,0,False,195
FL002633,2025-04-28,HEL,FRA,OH-A147,A321,2025-04-28 14:42:00,558,Weather,7,False,157
FL002634,2025-04-28,HEL,NRT,OH-A100,A350,2025-04-28 08:22:00,113,None,0,False,247
FL002635,2025-04-28,HEL,BKK,OH-A104,A321,2025-04-28 07:23:00,381,None,0,False,189
FL002636,2025-04-28,HEL,OSL,OH-A100,A350,2025-04-28 13:19:00,461,Ground Handling,26,False,269
FL002637,2025-04-28,HEL,AMS,OH-A112,A350,2025-04-28 15:41:00,484,None,0,False,257
FL002638,2025-04-28,HEL,FCO,OH-A114,A320,2025-04-28 08:28:00,336,None,0,False,117
FL002639,2025-04-28,HEL,MUC,OH-A132,A321,2025-04-28 08:29:00,132,None,0,False,203
FL002640,2025-04-28,HEL,CPH,OH-A142,A350,2025-04-28 13:32:00,208,None,0,False,248
FL002641,2025-04-28,HEL,FRA,OH-A124,A350,2025-04-28 08:14:00,148,Ground Handling,77,False,190
FL002642,2025-04-28,HEL,AMS,OH-A127,A321,2025-04-28 21:30:00,79,None,0,False,121
FL002643,2025-04-28,HEL,FCO,OH-A119,A350,2025-04-28 11:11:00,374,Weather,87,False,226
FL002644,2025-04-28,HEL,MUC,OH-A116,A320,2025-04-28 10:58:00,230,Technical,5,False,120
FL002645,2025-04-28,HEL,CPH,OH-A102,E190,2025-04-28 08:44:00,301,Crew,29,False,82
FL002646,2025-04-28,HEL,ARN,OH-A121,A320,2025-04-28 18:07:00,198,None,0,False,136
FL002647,2025-04-29,HEL,AMS,OH-A142,A350,2025-04-29 16:09:00,326,None,0,False,261
FL002648,2025-04-29,HEL,AMS,OH-A117,A321,2025-04-29 16:52:00,77,None,0,False,149
FL002649,2025-04-29,HEL,CPH,OH-A104,A321,2025-04-29 15:09:00,521,None,0,False,195
FL002650,2025-04-29,HEL,MUC,OH-A141,A350,2025-04-29 18:55:00,430,None,0,False,230
FL002651,2025-04-29,HEL,LHR,OH-A125,A321,2025-04-29 07:07:00,169,Weather,5,False,121
FL002652,2025-04-29,HEL,JFK,OH-A115,A321,2025-04-29 07:17:00,443,None,0,False,201
FL002653,2025-04-29,HEL,MUC,OH-A135,A321,2025-04-29 17:41:00,170,None,0,False,159
FL002654,2025-04-29,HEL,LHR,OH-A107,A350,2025-04-29 07:51:00,154,None,0,False,271
FL002655,2025-04-29,HEL,NRT,OH-A111,E190,2025-04-29 11:59:00,248,None,0,False,93
FL002656,2025-04-29,HEL,JFK,OH-A101,A320,2025-04-29 20:37:00,449,None,0,False,157
FL002657,2025-04-29,HEL,CDG,OH-A140,A320,2025-04-29 13:28:00,377,None,0,False,141
FL002658,2025-04-29,HEL,CPH,OH-A129,A350,2025-04-29 18:58:00,274,None,0,False,224
FL002659,2025-04-29,HEL,LHR,OH-A115,A321,2025-04-29 19:12:00,194,None,0,False,136
FL002660,2025-04-29,HEL,AMS,OH-A125,A321,2025-04-29 15:50:00,303,None,0,False,151
FL002661,2025-04-29,HEL,AMS,OH-A135,A321,2025-04-29 19:08:00,299,None,0,False,172
FL002662,2025-04-29,HEL,JFK,OH-A132,A321,2025-04-29 13:44:00,83,None,0,False,149
FL002663,2025-04-29,HEL,BKK,OH-A142,A350,2025-04-29 11:52:00,246,None,0,False,163
FL002664,2025-04-29,HEL,FCO,OH-A144,A350,2025-04-29 16:05:00,118,Weather,27,False,163
FL002665,2025-04-29,HEL,JFK,OH-A140,A320,2025-04-29 15:58:00,100,Late Aircraft,5,False,174
FL002666,2025-04-29,HEL,CPH,OH-A142,A350,2025-04-29 11:48:00,459,Technical,5,False,292
FL002667,2025-04-29,HEL,OSL,OH-A132,A321,2025-04-29 10:53:00,607,None,0,False,121
FL002668,2025-04-29,HEL,NRT,OH-A109,A320,2025-04-29 05:32:00,128,None,0,False,125
FL002669,2025-04-29,HEL,BCN,OH-A138,A321,2025-04-29 08:24:00,59,None,0,False,168
FL002670,2025-04-29,HEL,LHR,OH-A112,A350,2025-04-29 20:40:00,220,None,0,False,290
FL002671,2025-04-29,HEL,JFK,OH-A145,A350,2025-04-29 05:25:00,246,Technical,16,False,163
FL002672,2025-04-29,HEL,OSL,OH-A108,A321,2025-04-29 05:09:00,404,None,0,False,177
FL002673,2025-04-29,HEL,FCO,OH-A145,A350,2025-04-29 08:51:00,184,Crew,64,False,165
FL002674,2025-04-30,HEL,FCO,OH-A143,A321,2025-04-30 10:53:00,328,None,0,False,187
FL002675,2025-04-30,HEL,NRT,OH-A106,A350,2025-04-30 16:18:00,78,Technical,32,False,186
FL002676,2025-04-30,HEL,BKK,OH-A136,A321,2025-04-30 20:23:00,141,Weather,5,False,153
FL002677,2025-04-30,HEL,NRT,OH-A120,A350,2025-04-30 13:11:00,538,Technical,35,False,209
FL002678,2025-04-30,HEL,FRA,OH-A116,A320,2025-04-30 21:58:00,101,None,0,False,99
FL002679,2025-04-30,HEL,AMS,OH-A123,E190,2025-04-30 15:01:00,525,Ground Handling,20,False,80
FL002680,2025-04-30,HEL,AMS,OH-A135,A321,2025-04-30 12:49:00,151,None,0,False,165
FL002681,2025-04-30,HEL,BKK,OH-A139,A350,2025-04-30 21:58:00,582,None,0,False,189
FL002682,2025-04-30,HEL,LHR,OH-A105,E190,2025-04-30 17:55:00,368,None,0,False,60
FL002683,2025-04-30,HEL,FCO,OH-A106,A350,2025-04-30 21:10:00,243,None,0,False,232
FL002684,2025-04-30,HEL,BCN,OH-A102,E190,2025-04-30 11:22:00,107,None,0,False,64
FL002685,2025-04-30,HEL,ARN,OH-A114,A320,2025-04-30 18:59:00,447,None,0,False,95
FL002686,2025-04-30,HEL,FRA,OH-A140,A320,2025-04-30 16:12:00,277,Ground Handling,47,False,97
FL002687,2025-04-30,HEL,OSL,OH-A121,A320,2025-04-30 07:54:00,187,Technical,39,False,153
FL002688,2025-04-30,HEL,FCO,OH-A113,A350,2025-04-30 11:56:00,567,None,0,False,272
FL002689,2025-04-30,HEL,FRA,OH-A122,E190,2025-04-30 16:57:00,554,None,0,False,56
FL002690,2025-04-30,HEL,CDG,OH-A118,A350,2025-04-30 07:14:00,520,None,0,False,183
FL002691,2025-04-30,HEL,ARN,OH-A135,A321,2025-04-30 13:54:00,150,None,0,False,143
FL002692,2025-04-30,HEL,CPH,OH-A137,A320,2025-04-30 05:57:00,615,Crew,45,False,108
FL002693,2025-04-30,HEL,FCO,OH-A102,E190,2025-04-30 05:57:00,113,None,0,False,78
FL002694,2025-04-30,HEL,NRT,OH-A147,A321,2025-04-30 16:01:00,596,ATC,13,False,158
FL002695,2025-04-30,HEL,CDG,OH-A105,E190,2025-04-30 05:26:00,387,None,0,False,67
FL002696,2025-04-30,HEL,JFK,OH-A129,A350,2025-04-30 17:26:00,88,None,0,False,264
FL002697,2025-04-30,HEL,MUC,OH-A135,A321,2025-04-30 05:29:00,150,None,0,False,148
FL002698,2025-04-30,HEL,CDG,OH-A147,A321,2025-04-30 13:00:00,545,None,0,False,194
FL002699,2025-04-30,HEL,FRA,OH-A146,A320,2025-04-30 07:29:00,521,None,0,False,95
FL002700,2025-04-30,HEL,MAD,OH-A138,A321,2025-04-30 10:41:00,282,None,0,False,154
FL002701,2025-05-01,HEL,MUC,OH-A127,A321,2025-05-01 15:23:00,252,None,0,False,198
FL002702,2025-05-01,HEL,MAD,OH-A132,A321,2025-05-01 16:08:00,266,None,0,False,119
FL002703,2025-05-01,HEL,NRT,OH-A117,A321,2025-05-01 15:49:00,610,None,0,False,122
FL002704,2025-05-01,HEL,ARN,OH-A135,A321,2025-05-01 12:46:00,480,None,0,False,157
FL002705,2025-05-01,HEL,FCO,OH-A131,E190,2025-05-01 17:43:00,228,None,0,False,72
FL002706,2025-05-01,HEL,JFK,OH-A132,A321,2025-05-01 09:00:00,204,None,0,False,145
FL002707,2025-05-01,HEL,CDG,OH-A115,A321,2025-05-01 21:51:00,601,None,0,False,175
FL002708,2025-05-01,HEL,FCO,OH-A144,A350,2025-05-01 21:22:00,138,None,0,False,237
FL002709,2025-05-01,HEL,FRA,OH-A106,A350,2025-05-01 17:56:00,188,None,0,False,163
FL002710,2025-05-01,HEL,MAD,OH-A111,E190,2025-05-01 16:58:00,582,None,0,False,75
FL002711,2025-05-01,HEL,AMS,OH-A133,A320,2025-05-01 05:47:00,144,ATC,15,False,163
FL002712,2025-05-01,HEL,OSL,OH-A110,A320,2025-05-01 10:45:00,351,None,0,False,164
FL002713,2025-05-01,HEL,JFK,OH-A130,A350,2025-05-01 12:22:00,479,None,0,False,257
FL002714,2025-05-01,HEL,LHR,OH-A114,A320,2025-05-01 15:35:00,389,ATC,16,False,164
FL002715,2025-05-01,HEL,OSL,OH-A145,A350,2025-05-01 14:00:00,395,Late Aircraft,32,False,166
FL002716,2025-05-01,HEL,NRT,OH-A100,A350,2025-05-01 21:57:00,303,None,0,False,252
FL002717,2025-05-01,HEL,BKK,OH-A131,E190,2025-05-01 20:22:00,153,Ground Handling,7,False,81
FL002718,2025-05-01,HEL,BCN,OH-A136,A321,2025-05-01 13:54:00,384,None,0,False,140
FL002719,2025-05-02,HEL,BKK,OH-A109,A320,2025-05-02 16:11:00,401,Ground Handling,19,False,111
FL002720,2025-05-02,HEL,LHR,OH-A127,A321,2025-05-02 17:46:00,227,Weather,38,False,169
FL002721,2025-05-02,HEL,JFK,OH-A123,E190,2025-05-02 05:07:00,145,None,0,False,68
FL002722,2025-05-02,HEL,FRA,OH-A120,A350,2025-05-02 15:26:00,482,None,0,False,168
FL002723,2025-05-02,HEL,CDG,OH-A103,A350,2025-05-02 15:35:00,492,None,0,False,295
FL002724,2025-05-02,HEL,LHR,OH-A105,E190,2025-05-02 12:04:00,567,None,0,False,66
FL002725,2025-05-02,HEL,JFK,OH-A133,A320,2025-05-02 19:58:00,194,None,0,False,131
FL002726,2025-05-02,HEL,MUC,OH-A106,A350,2025-05-02 13:04:00,324,None,0,False,214
FL002727,2025-05-02,HEL,FRA,OH-A101,A320,2025-05-02 08:33:00,448,None,0,False,98
FL002728,2025-05-02,HEL,MAD,OH-A106,A350,2025-05-02 19:19:00,80,None,0,False,170
FL002729,2025-05-02,HEL,JFK,OH-A130,A350,2025-05-02 10:04:00,521,None,0,False,268
FL002730,2025-05-02,HEL,MAD,OH-A112,A350,2025-05-02 20:00:00,469,Weather,79,False,283
FL002731,2025-05-02,HEL,FRA,OH-A108,A321,2025-05-02 10:46:00,364,None,0,False,134
FL002732,2025-05-02,HEL,NRT,OH-A119,A350,2025-05-02 15:18:00,97,None,0,False,185
FL002733,2025-05-02,HEL,NRT,OH-A119,A350,2025-05-02 13:55:00,602,None,0,False,214
FL002734,2025-05-02,HEL,BKK,OH-A115,A321,2025-05-02 05:09:00,218,None,0,False,178
FL002735,2025-05-02,HEL,CPH,OH-A142,A350,2025-05-02 16:45:00,339,None,0,False,167
FL002736,2025-05-02,HEL,NRT,OH-A131,E190,2025-05-02 18:58:00,566,Weather,28,False,64
FL002737,2025-05-03,HEL,LHR,OH-A134,A320,2025-05-03 08:06:00,501,Technical,91,False,164
FL002738,2025-05-03,HEL,CDG,OH-A130,A350,2025-05-03 05:30:00,571,None,0,False,181
FL002739,2025-05-03,HEL,FRA,OH-A143,A321,2025-05-03 05:02:00,166,None,0,False,135
FL002740,2025-05-03,HEL,BCN,OH-A105,E190,2025-05-03 12:58:00,434,None,0,False,58
FL002741,2025-05-03,HEL,LHR,OH-A115,A321,2025-05-03 13:00:00,393,None,0,False,125
FL002742,2025-05-03,HEL,MAD,OH-A114,A320,2025-05-03 07:17:00,180,None,0,False,153
FL002743,2025-05-03,HEL,ARN,OH-A144,A350,2025-05-03 06:38:00,217,None,0,False,281
FL002744,2025-05-03,HEL,CDG,OH-A113,A350,2025-05-03 15:12:00,353,Technical,75,False,215
FL002745,2025-05-03,HEL,MAD,OH-A120,A350,2025-05-03 07:11:00,304,Late Aircraft,13,False,209
FL002746,2025-05-03,HEL,LHR,OH-A118,A350,2025-05-03 13:07:00,602,None,0,False,292
FL002747,2025-05-03,HEL,FRA,OH-A124,A350,2025-05-03 15:01:00,436,None,0,False,274
FL002748,2025-05-03,HEL,BCN,OH-A141,A350,2025-05-03 10:07:00,218,None,0,False,207
FL002749,2025-05-03,HEL,LHR,OH-A109,A320,2025-05-03 09:28:00,105,Crew,44,False,126
FL002750,2025-05-03,HEL,BKK,OH-A102,E190,2025-05-03 20:56:00,590,ATC,50,False,60
FL002751,2025-05-03,HEL,JFK,OH-A126,A320,2025-05-03 07:36:00,408,None,0,False,124
FL002752,2025-05-03,HEL,BKK,OH-A139,A350,2025-05-03 13:03:00,372,Technical,5,False,181
FL002753,2025-05-03,HEL,FRA,OH-A113,A350,2025-05-03 07:25:00,76,None,0,False,230
FL002754,2025-05-03,HEL,CDG,OH-A113,A350,2025-05-03 08:21:00,434,None,0,False,173
FL002755,2025-05-03,HEL,BKK,OH-A125,A321,2025-05-03 19:27:00,129,None,0,False,137
FL002756,2025-05-04,HEL,ARN,OH-A129,A350,2025-05-04 07:11:00,546,None,0,False,209
FL002757,2025-05-04,HEL,BKK,OH-A101,A320,2025-05-04 20:21:00,615,Technical,15,False,110
FL002758,2025-05-04,HEL,CPH,OH-A112,A350,2025-05-04 15:47:00,401,None,0,False,221
FL002759,2025-05-04,HEL,LHR,OH-A121,A320,2025-05-04 19:58:00,99,Crew,21,False,151
FL002760,2025-05-04,HEL,FRA,OH-A144,A350,2025-05-04 05:26:00,178,None,0,False,180
FL002761,2025-05-04,HEL,CDG,OH-A119,A350,2025-05-04 12:12:00,494,Technical,5,False,199
FL002762,2025-05-04,HEL,BCN,OH-A117,A321,2025-05-04 10:34:00,476,None,0,False,162
FL002763,2025-05-04,HEL,ARN,OH-A114,A320,2025-05-04 15:01:00,240,None,0,False,103
FL002764,2025-05-04,HEL,FRA,OH-A127,A321,2025-05-04 19:38:00,395,None,0,False,194
FL002765,2025-05-04,HEL,CDG,OH-A146,A320,2025-05-04 19:10:00,195,Weather,85,False,103
FL002766,2025-05-04,HEL,MAD,OH-A141,A350,2025-05-04 06:42:00,388,None,0,False,269
FL002767,2025-05-04,HEL,MUC,OH-A147,A321,2025-05-04 06:48:00,567,None,0,False,168
FL002768,2025-05-04,HEL,FCO,OH-A103,A350,2025-05-04 08:55:00,563,ATC,5,False,198
FL002769,2025-05-04,HEL,OSL,OH-A123,E190,2025-05-04 07:35:00,139,None,0,False,67
FL002770,2025-05-04,HEL,BKK,OH-A106,A350,2025-05-04 21:47:00,610,None,0,False,203
FL002771,2025-05-04,HEL,AMS,OH-A144,A350,2025-05-04 10:23:00,134,None,0,False,269
FL002772,2025-05-04,HEL,CDG,OH-A140,A320,2025-05-04 19:41:00,578,None,0,False,104
FL002773,2025-05-04,HEL,MUC,OH-A128,A321,2025-05-04 09:23:00,535,None,0,False,182
FL002774,2025-05-04,HEL,OSL,OH-A113,A350,2025-05-04 13:27:00,501,None,0,False,213
FL002775,2025-05-04,HEL,JFK,OH-A117,A321,2025-05-04 06:45:00,287,None,0,False,127
FL002776,2025-05-04,HEL,LHR,OH-A105,E190,2025-05-04 05:57:00,235,Ground Handling,46,False,57
FL002777,2025-05-04,HEL,NRT,OH-A141,A350,2025-05-04 19:04:00,521,Late Aircraft,67,False,218
FL002778,2025-05-04,HEL,OSL,OH-A108,A321,2025-05-04 10:41:00,258,None,0,False,140
FL002779,2025-05-04,HEL,NRT,OH-A133,A320,2025-05-04 21:05:00,345,None,0,False,172
FL002780,2025-05-04,HEL,AMS,OH-A144,A350,2025-05-04 08:25:00,423,None,0,False,232
FL002781,2025-05-05,HEL,BCN,OH-A105,E190,2025-05-05 18:15:00,159,None,0,False,85
FL002782,2025-05-05,HEL,NRT,OH-A144,A350,2025-05-05 15:12:00,272,ATC,55,False,203
FL002783,2025-05-05,HEL,CPH,OH-A114,A320,2025-05-05 21:41:00,445,None,0,False,164
FL002784,2025-05-05,HEL,MUC,OH-A119,A350,2025-05-05 12:37:00,616,Weather,5,False,164
FL002785,2025-05-05,HEL,JFK,OH-A146,A320,2025-05-05 09:24:00,496,None,0,False,174
FL002786,2025-05-05,HEL,JFK,OH-A142,A350,2025-05-05 14:45:00,457,ATC,54,False,204
FL002787,2025-05-05,HEL,FRA,OH-A112,A350,2025-05-05 09:50:00,536,None,0,False,290
FL002788,2025-05-05,HEL,BKK,OH-A123,E190,2025-05-05 05:45:00,168,None,0,False,55
FL002789,2025-05-05,HEL,CDG,OH-A124,A350,2025-05-05 06:24:00,126,Weather,26,False,180
FL002790,2025-05-05,HEL,FRA,OH-A102,E190,2025-05-05 07:34:00,177,None,0,False,91
FL002791,2025-05-05,HEL,JFK,OH-A142,A350,2025-05-05 21:56:00,101,Technical,26,False,224
FL002792,2025-05-05,HEL,FRA,OH-A104,A321,2025-05-05 18:14:00,264,None,0,False,146
FL002793,2025-05-05,HEL,CDG,OH-A115,A321,2025-05-05 21:22:00,322,None,0,False,172
FL002794,2025-05-05,HEL,MUC,OH-A102,E190,2025-05-05 21:27:00,364,None,0,False,97
FL002795,2025-05-05,HEL,BCN,OH-A126,A320,2025-05-05 17:58:00,219,ATC,35,False,141
FL002796,2025-05-05,HEL,BKK,OH-A126,A320,2025-05-05 10:39:00,548,None,0,False,169
FL002797,2025-05-05,HEL,BCN,OH-A114,A320,2025-05-05 19:45:00,361,None,0,False,174
FL002798,2025-05-05,HEL,OSL,OH-A111,E190,2025-05-05 19:04:00,353,None,0,False,57
FL002799,2025-05-05,HEL,ARN,OH-A106,A350,2025-05-05 10:55:00,61,None,0,False,260
FL002800,2025-05-05,HEL,BKK,OH-A147,A321,2025-05-05 17:18:00,339,None,0,False,145
FL002801,2025-05-05,HEL,AMS,OH-A142,A350,2025-05-05 14:43:00,47,None,0,False,255
FL002802,2025-05-05,HEL,OSL,OH-A146,A320,2025-05-05 07:13:00,154,None,0,False,121
FL002803,2025-05-05,HEL,LHR,OH-A125,A321,2025-05-05 06:38:00,184,ATC,18,False,119
FL002804,2025-05-06,HEL,MUC,OH-A107,A350,2025-05-06 15:54:00,113,None,0,False,182
FL002805,2025-05-06,HEL,JFK,OH-A104,A321,2025-05-06 13:55:00,411,None,0,False,177
FL002806,2025-05-06,HEL,CPH,OH-A135,A321,2025-05-06 19:25:00,102,Late Aircraft,5,False,188
FL002807,2025-05-06,HEL,ARN,OH-A100,A350,2025-05-06 20:23:00,93,None,0,False,216
FL002808,2025-05-06,HEL,FCO,OH-A120,A350,2025-05-06 17:53:00,406,Crew,59,False,213
FL002809,2025-05-06,HEL,AMS,OH-A117,A321,2025-05-06 21:04:00,252,None,0,False,175
FL002810,2025-05-06,HEL,ARN,OH-A128,A321,2025-05-06 15:42:00,335,Weather,22,False,134
FL002811,2025-05-06,HEL,MUC,OH-A141,A350,2025-05-06 12:31:00,439,None,0,False,282
FL002812,2025-05-06,HEL,FRA,OH-A129,A350,2025-05-06 13:53:00,347,ATC,77,False,185
FL002813,2025-05-06,HEL,BKK,OH-A141,A350,2025-05-06 20:58:00,537,None,0,False,170
FL002814,2025-05-06,HEL,BKK,OH-A120,A350,2025-05-06 12:45:00,406,None,0,False,217
FL002815,2025-05-06,HEL,MUC,OH-A115,A321,2025-05-06 16:08:00,213,None,0,False,124
FL002816,2025-05-06,HEL,OSL,OH-A118,A350,2025-05-06 10:43:00,546,None,0,False,285
FL002817,2025-05-06,HEL,FCO,OH-A118,A350,2025-05-06 15:18:00,227,None,0,False,264
FL002818,2025-05-06,HEL,OSL,OH-A117,A321,2025-05-06 12:22:00,188,Crew,31,False,136
FL002819,2025-05-06,HEL,JFK,OH-A119,A350,2025-05-06 21:45:00,192,Weather,37,False,232
FL002820,2025-05-06,HEL,BCN,OH-A133,A320,2025-05-06 14:32:00,482,None,0,False,118
FL002821,2025-05-06,HEL,CDG,OH-A130,A350,2025-05-06 12:28:00,578,Crew,38,False,201
FL002822,2025-05-06,HEL,BKK,OH-A111,E190,2025-05-06 15:49:00,385,None,0,False,84
FL002823,2025-05-06,HEL,MUC,OH-A108,A321,2025-05-06 15:18:00,225,None,0,False,147
FL002824,2025-05-06,HEL,AMS,OH-A105,E190,2025-05-06 14:27:00,59,None,0,False,65
FL002825,2025-05-06,HEL,OSL,OH-A101,A320,2025-05-06 10:14:00,310,None,0,False,128
FL002826,2025-05-06,HEL,MAD,OH-A104,A321,2025-05-06 16:57:00,450,Weather,43,False,190
FL002827,2025-05-06,HEL,LHR,OH-A146,A320,2025-05-06 13:31:00,478,Crew,39,False,113
FL002828,2025-05-07,HEL,ARN,OH-A135,A321,2025-05-07 18:24:00,237,Technical,22,False,197
FL002829,2025-05-07,HEL,NRT,OH-A105,E190,2025-05-07 15:10:00,563,Weather,5,False,72
FL002830,2025-05-07,HEL,MAD,OH-A105,E190,2025-05-07 17:56:00,267,None,0,False,69
FL002831,2025-05-07,HEL,CDG,OH-A111,E190,2025-05-07 13:21:00,523,None,0,False,88
FL002832,2025-05-07,HEL,ARN,OH-A117,A321,2025-05-07 08:09:00,346,None,0,False,206
FL002833,2025-05-07,HEL,JFK,OH-A115,A321,2025-05-07 13:38:00,211,Crew,22,False,127
FL002834,2025-05-07,HEL,CPH,OH-A121,A320,2025-05-07 12:29:00,524,None,0,False,123
FL002835,2025-05-07,HEL,CPH,OH-A129,A350,2025-05-07 19:03:00,263,None,0,False,190
FL002836,2025-05-07,HEL,JFK,OH-A117,A321,2025-05-07 12:13:00,272,ATC,33,False,124
FL002837,2025-05-07,HEL,MAD,OH-A113,A350,2025-05-07 07:55:00,380,None,0,False,175
FL002838,2025-05-07,HEL,CPH,OH-A115,A321,2025-05-07 16:48:00,159,None,0,False,180
FL002839,2025-05-07,HEL,CDG,OH-A116,A320,2025-05-07 13:33:00,345,None,0,False,135
FL002840,2025-05-07,HEL,MAD,OH-A143,A321,2025-05-07 16:49:00,245,None,0,False,167
FL002841,2025-05-07,HEL,MAD,OH-A142,A350,2025-05-07 20:04:00,286,None,0,False,201
FL002842,2025-05-07,HEL,AMS,OH-A136,A321,2025-05-07 11:36:00,314,None,0,False,159
FL002843,2025-05-07,HEL,AMS,OH-A126,A320,2025-05-07 10:40:00,416,Weather,23,False,170
FL002844,2025-05-07,HEL,CPH,OH-A102,E190,2025-05-07 20:55:00,98,None,0,False,100
FL002845,2025-05-07,HEL,ARN,OH-A121,A320,2025-05-07 11:12:00,481,None,0,False,108
FL002846,2025-05-07,HEL,BKK,OH-A141,A350,2025-05-07 06:44:00,255,Late Aircraft,36,False,203
FL002847,2025-05-07,HEL,LHR,OH-A126,A320,2025-05-07 10:37:00,361,Ground Handling,35,False,130
FL002848,2025-05-07,HEL,NRT,OH-A120,A350,2025-05-07 21:55:00,430,None,0,False,292
FL002849,2025-05-07,HEL,ARN,OH-A119,A350,2025-05-07 10:31:00,360,Weather,76,False,289
FL002850,2025-05-07,HEL,BKK,OH-A126,A320,2025-05-07 14:53:00,73,None,0,False,130
FL002851,2025-05-07,HEL,AMS,OH-A119,A350,2025-05-07 19:28:00,322,None,0,False,286
FL002852,2025-05-07,HEL,JFK,OH-A142,A350,2025-05-07 18:04:00,495,None,0,False,232
FL002853,2025-05-07,HEL,JFK,OH-A109,A320,2025-05-07 05:59:00,53,Technical,5,True,165
FL002854,2025-05-07,HEL,CDG,OH-A145,A350,2025-05-07 12:34:00,533,ATC,46,False,233
FL002855,2025-05-08,HEL,JFK,OH-A123,E190,2025-05-08 06:12:00,445,Technical,17,False,65
FL002856,2025-05-08,HEL,BKK,OH-A114,A320,2025-05-08 09:22:00,58,None,0,False,129
FL002857,2025-05-08,HEL,AMS,OH-A107,A350,2025-05-08 12:47:00,195,Late Aircraft,43,False,290
FL002858,2025-05-08,HEL,BCN,OH-A107,A350,2025-05-08 07:11:00,198,Weather,10,False,271
FL002859,2025-05-08,HEL,JFK,OH-A122,E190,2025-05-08 07:19:00,78,Crew,25,False,100
FL002860,2025-05-08,HEL,LHR,OH-A115,A321,2025-05-08 05:23:00,45,None,0,False,167
FL002861,2025-05-08,HEL,LHR,OH-A135,A321,2025-05-08 15:19:00,185,None,0,False,140
FL002862,2025-05-08,HEL,AMS,OH-A116,A320,2025-05-08 09:35:00,313,Weather,48,False,141
FL002863,2025-05-08,HEL,AMS,OH-A111,E190,2025-05-08 19:19:00,67,ATC,22,False,93
FL002864,2025-05-08,HEL,FCO,OH-A118,A350,2025-05-08 07:50:00,409,None,0,False,283
FL002865,2025-05-08,HEL,BKK,OH-A135,A321,2025-05-08 17:07:00,594,None,0,False,190
FL002866,2025-05-08,HEL,OSL,OH-A129,A350,2025-05-08 13:12:00,212,Crew,16,False,212
FL002867,2025-05-08,HEL,CDG,OH-A110,A320,2025-05-08 20:10:00,454,None,0,False,125
FL002868,2025-05-08,HEL,BKK,OH-A113,A350,2025-05-08 20:34:00,344,Weather,34,False,261
FL002869,2025-05-08,HEL,BCN,OH-A116,A320,2025-05-08 09:04:00,442,None,0,False,114
FL002870,2025-05-08,HEL,OSL,OH-A129,A350,2025-05-08 16:20:00,439,None,0,False,286
FL002871,2025-05-08,HEL,BCN,OH-A117,A321,2025-05-08 06:53:00,223,Crew,60,False,166
FL002872,2025-05-08,HEL,NRT,OH-A147,A321,2025-05-08 10:54:00,513,Late Aircraft,15,False,140
FL002873,2025-05-08,HEL,AMS,OH-A106,A350,2025-05-08 18:27:00,72,Crew,13,False,203
FL002874,2025-05-08,HEL,FRA,OH-A106,A350,2025-05-08 08:06:00,273,None,0,False,170
FL002875,2025-05-08,HEL,BCN,OH-A111,E190,2025-05-08 20:31:00,115,None,0,False,59
FL002876,2025-05-08,HEL,JFK,OH-A118,A350,2025-05-08 14:41:00,478,None,0,False,214
FL002877,2025-05-08,HEL,MUC,OH-A117,A321,2025-05-08 12:52:00,597,None,0,False,186
FL002878,2025-05-08,HEL,BKK,OH-A122,E190,2025-05-08 05:59:00,458,None,0,False,86
FL002879,2025-05-08,HEL,FCO,OH-A137,A320,2025-05-08 06:36:00,310,None,0,False,126
FL002880,2025-05-08,HEL,AMS,OH-A134,A320,2025-05-08 11:31:00,291,None,0,False,141
FL002881,2025-05-09,HEL,CDG,OH-A101,A320,2025-05-09 11:28:00,402,Technical,41,False,136
FL002882,2025-05-09,HEL,BCN,OH-A125,A321,2025-05-09 06:34:00,601,None,0,False,171
FL002883,2025-05-09,HEL,AMS,OH-A147,A321,2025-05-09 19:40:00,335,None,0,False,163
FL002884,2025-05-09,HEL,JFK,OH-A110,A320,2025-05-09 11:32:00,144,Weather,62,False,135
FL002885,2025-05-09,HEL,MAD,OH-A123,E190,2025-05-09 08:44:00,305,None,0,False,79
FL002886,2025-05-09,HEL,AMS,OH-A141,A350,2025-05-09 05:23:00,355,Weather,28,False,182
FL002887,2025-05-09,HEL,CDG,OH-A113,A350,2025-05-09 11:48:00,197,None,0,False,229
FL002888,2025-05-09,HEL,FCO,OH-A145,A350,2025-05-09 10:38:00,521,None,0,False,217
FL002889,2025-05-09,HEL,ARN,OH-A113,A350,2025-05-09 19:42:00,240,Ground Handling,74,False,190
FL002890,2025-05-09,HEL,ARN,OH-A134,A320,2025-05-09 13:10:00,417,None,0,False,98
FL002891,2025-05-09,HEL,CPH,OH-A112,A350,2025-05-09 18:28:00,534,None,0,False,290
FL002892,2025-05-09,HEL,CDG,OH-A130,A350,2025-05-09 18:28:00,67,None,0,False,181
FL002893,2025-05-09,HEL,FRA,OH-A117,A321,2025-05-09 20:32:00,201,None,0,False,167
FL002894,2025-05-09,HEL,CDG,OH-A113,A350,2025-05-09 12:35:00,299,ATC,6,False,270
FL002895,2025-05-09,HEL,OSL,OH-A137,A320,2025-05-09 17:38:00,389,Crew,83,False,106
FL002896,2025-05-09,HEL,CDG,OH-A123,E190,2025-05-09 15:36:00,338,Crew,61,False,84
FL002897,2025-05-09,HEL,FRA,OH-A117,A321,2025-05-09 14:23:00,565,Technical,14,False,135
FL002898,2025-05-09,HEL,CDG,OH-A140,A320,2025-05-09 09:30:00,138,None,0,False,172
FL002899,2025-05-09,HEL,BCN,OH-A110,A320,2025-05-09 13:19:00,217,None,0,False,166
FL002900,2025-05-09,HEL,AMS,OH-A122,E190,2025-05-09 06:22:00,308,None,0,False,73
FL002901,2025-05-09,HEL,BKK,OH-A127,A321,2025-05-09 10:25:00,512,ATC,27,False,133
FL002902,2025-05-09,HEL,BKK,OH-A120,A350,2025-05-09 17:32:00,512,Crew,6,False,208
FL002903,2025-05-09,HEL,MAD,OH-A134,A320,2025-05-09 20:12:00,308,ATC,37,False,113
FL002904,2025-05-09,HEL,MUC,OH-A115,A321,2025-05-09 20:55:00,134,None,0,False,174
FL002905,2025-05-10,HEL,BKK,OH-A115,A321,2025-05-10 19:55:00,366,None,0,False,208
FL002906,2025-05-10,HEL,NRT,OH-A100,A350,2025-05-10 12:16:00,253,None,0,False,194
FL002907,2025-05-10,HEL,FRA,OH-A145,A350,2025-05-10 12:11:00,66,Late Aircraft,40,False,279
FL002908,2025-05-10,HEL,FCO,OH-A137,A320,2025-05-10 11:07:00,155,ATC,58,False,142
FL002909,2025-05-10,HEL,OSL,OH-A109,A320,2025-05-10 08:21:00,209,None,0,False,147
FL002910,2025-05-10,HEL,NRT,OH-A128,A321,2025-05-10 15:47:00,255,None,0,False,133
FL002911,2025-05-10,HEL,OSL,OH-A103,A350,2025-05-10 18:56:00,385,None,0,False,205
FL002912,2025-05-10,HEL,CPH,OH-A129,A350,2025-05-10 14:55:00,435,None,0,True,168
FL002913,2025-05-10,HEL,JFK,OH-A121,A320,2025-05-10 17:33:00,102,None,0,False,139
FL002914,2025-05-10,HEL,FCO,OH-A100,A350,2025-05-10 20:26:00,70,Ground Handling,36,False,256
FL002915,2025-05-10,HEL,CPH,OH-A119,A350,2025-05-10 19:18:00,459,None,0,False,230
FL002916,2025-05-10,HEL,BKK,OH-A109,A320,2025-05-10 06:18:00,461,Weather,69,False,113
FL002917,2025-05-10,HEL,CPH,OH-A140,A320,2025-05-10 15:43:00,238,None,0,False,170
FL002918,2025-05-10,HEL,ARN,OH-A138,A321,2025-05-10 20:00:00,366,Late Aircraft,47,False,195
FL002919,2025-05-10,HEL,BKK,OH-A133,A320,2025-05-10 07:57:00,390,None,0,False,171
FL002920,2025-05-10,HEL,LHR,OH-A121,A320,2025-05-10 08:03:00,154,Weather,31,False,127
FL002921,2025-05-10,HEL,LHR,OH-A126,A320,2025-05-10 06:42:00,250,None,0,False,128
FL002922,2025-05-10,HEL,JFK,OH-A142,A350,2025-05-10 12:03:00,327,None,0,False,219
FL002923,2025-05-10,HEL,BCN,OH-A120,A350,2025-05-10 20:01:00,81,None,0,False,268
FL002924,2025-05-10,HEL,MUC,OH-A104,A321,2025-05-10 14:32:00,114,Ground Handling,51,False,170
FL002925,2025-05-10,HEL,BKK,OH-A113,A350,2025-05-10 20:49:00,258,None,0,False,192
FL002926,2025-05-10,HEL,CPH,OH-A147,A321,2025-05-10 12:11:00,506,None,0,False,180
FL002927,2025-05-10,HEL,NRT,OH-A108,A321,2025-05-10 18:45:00,183,None,0,False,156
FL002928,2025-05-10,HEL,LHR,OH-A104,A321,2025-05-10 15:28:00,209,Weather,75,False,131
FL002929,2025-05-10,HEL,BCN,OH-A127,A321,2025-05-10 16:43:00,580,Crew,42,False,184
FL002930,2025-05-10,HEL,CDG,OH-A130,A350,2025-05-10 10:20:00,116,None,0,False,293
FL002931,2025-05-10,HEL,CDG,OH-A109,A320,2025-05-10 08:57:00,303,None,0,False,146
FL002932,2025-05-11,HEL,JFK,OH-A106,A350,2025-05-11 12:16:00,267,None,0,True,209
FL002933,2025-05-11,HEL,ARN,OH-A115,A321,2025-05-11 20:10:00,554,Crew,39,False,207
FL002934,2025-05-11,HEL,FRA,OH-A128,A321,2025-05-11 19:59:00,374,Ground Handling,46,False,123
FL002935,2025-05-11,HEL,CPH,OH-A125,A321,2025-05-11 07:00:00,599,None,0,False,126
FL002936,2025-05-11,HEL,AMS,OH-A144,A350,2025-05-11 08:24:00,131,None,0,False,293
FL002937,2025-05-11,HEL,FRA,OH-A124,A350,2025-05-11 05:11:00,491,ATC,47,False,281
FL002938,2025-05-11,HEL,MUC,OH-A141,A350,2025-05-11 20:09:00,412,ATC,96,False,209
FL002939,2025-05-11,HEL,JFK,OH-A125,A321,2025-05-11 19:03:00,294,None,0,False,141
FL002940,2025-05-11,HEL,BKK,OH-A103,A350,2025-05-11 21:07:00,327,None,0,False,237
FL002941,2025-05-11,HEL,CDG,OH-A124,A350,2025-05-11 21:30:00,102,None,0,False,169
FL002942,2025-05-11,HEL,NRT,OH-A119,A350,2025-05-11 21:35:00,279,None,0,False,208
FL002943,2025-05-11,HEL,AMS,OH-A132,A321,2025-05-11 16:44:00,287,ATC,17,False,156
FL002944,2025-05-11,HEL,CPH,OH-A128,A321,2025-05-11 16:49:00,422,None,0,False,126
FL002945,2025-05-11,HEL,BCN,OH-A112,A350,2025-05-11 16:28:00,117,ATC,75,False,200
FL002946,2025-05-11,HEL,FCO,OH-A111,E190,2025-05-11 18:22:00,552,None,0,False,69
FL002947,2025-05-11,HEL,CDG,OH-A111,E190,2025-05-11 05:53:00,445,None,0,False,71
FL002948,2025-05-11,HEL,BCN,OH-A145,A350,2025-05-11 21:49:00,488,None,0,False,174
FL002949,2025-05-11,HEL,FRA,OH-A112,A350,2025-05-11 16:00:00,471,None,0,False,218
FL002950,2025-05-12,HEL,MUC,OH-A119,A350,2025-05-12 21:49:00,70,None,0,False,267
FL002951,2025-05-12,HEL,MAD,OH-A143,A321,2025-05-12 20:45:00,258,None,0,False,181
FL002952,2025-05-12,HEL,AMS,OH-A105,E190,2025-05-12 19:04:00,117,None,0,False,62
FL002953,2025-05-12,HEL,LHR,OH-A131,E190,2025-05-12 15:12:00,449,None,0,False,86
FL002954,2025-05-12,HEL,BKK,OH-A138,A321,2025-05-12 05:30:00,501,None,0,False,201
FL002955,2025-05-12,HEL,BKK,OH-A119,A350,2025-05-12 14:14:00,475,None,0,False,192
FL002956,2025-05-12,HEL,LHR,OH-A143,A321,2025-05-12 10:24:00,374,None,0,False,149
FL002957,2025-05-12,HEL,JFK,OH-A147,A321,2025-05-12 11:48:00,422,Technical,21,False,138
FL002958,2025-05-12,HEL,FRA,OH-A130,A350,2025-05-12 15:34:00,160,Ground Handling,49,True,203
FL002959,2025-05-12,HEL,MAD,OH-A124,A350,2025-05-12 12:21:00,126,None,0,False,167
FL002960,2025-05-12,HEL,CPH,OH-A127,A321,2025-05-12 13:01:00,304,None,0,False,194
FL002961,2025-05-12,HEL,FRA,OH-A137,A320,2025-05-12 17:02:00,497,Crew,42,False,148
FL002962,2025-05-12,HEL,CPH,OH-A116,A320,2025-05-12 11:54:00,434,Technical,18,False,108
FL002963,2025-05-12,HEL,JFK,OH-A147,A321,2025-05-12 05:41:00,485,ATC,38,False,181
FL002964,2025-05-12,HEL,AMS,OH-A120,A350,2025-05-12 09:05:00,413,None,0,False,297
FL002965,2025-05-12,HEL,LHR,OH-A102,E190,2025-05-12 09:04:00,568,ATC,5,False,59
FL002966,2025-05-12,HEL,MAD,OH-A108,A321,2025-05-12 19:12:00,402,Technical,55,False,178
FL002967,2025-05-12,HEL,BKK,OH-A140,A320,2025-05-12 10:44:00,576,Ground Handling,42,False,171
FL002968,2025-05-12,HEL,CDG,OH-A147,A321,2025-05-12 07:14:00,362,None,0,False,172
FL002969,2025-05-12,HEL,FCO,OH-A130,A350,2025-05-12 10:34:00,96,None,0,False,246
FL002970,2025-05-12,HEL,MAD,OH-A127,A321,2025-05-12 13:57:00,156,Ground Handling,35,False,190
FL002971,2025-05-12,HEL,FRA,OH-A131,E190,2025-05-12 09:51:00,553,None,0,False,65
FL002972,2025-05-12,HEL,JFK,OH-A113,A350,2025-05-12 17:23:00,100,None,0,False,241
FL002973,2025-05-12,HEL,CPH,OH-A105,E190,2025-05-12 10:29:00,397,Late Aircraft,16,False,71
FL002974,2025-05-12,HEL,NRT,OH-A137,A320,2025-05-12 09:20:00,500,None,0,False,173
FL002975,2025-05-13,HEL,ARN,OH-A126,A320,2025-05-13 16:42:00,397,None,0,False,148
FL002976,2025-05-13,HEL,BKK,OH-A121,A320,2025-05-13 16:18:00,129,None,0,False,119
FL002977,2025-05-13,HEL,MUC,OH-A133,A320,2025-05-13 05:19:00,618,Weather,29,False,157
FL002978,2025-05-13,HEL,FCO,OH-A110,A320,2025-05-13 06:20:00,128,Late Aircraft,5,False,116
FL002979,2025-05-13,HEL,MUC,OH-A145,A350,2025-05-13 08:05:00,183,None,0,False,193
FL002980,2025-05-13,HEL,MUC,OH-A117,A321,2025-05-13 19:35:00,417,None,0,False,121
FL002981,2025-05-13,HEL,ARN,OH-A141,A350,2025-05-13 10:30:00,492,None,0,False,206
FL002982,2025-05-13,HEL,CDG,OH-A122,E190,2025-05-13 12:55:00,498,Weather,26,False,69
FL002983,2025-05-13,HEL,CPH,OH-A106,A350,2025-05-13 16:28:00,304,Late Aircraft,29,False,288
FL002984,2025-05-13,HEL,FRA,OH-A112,A350,2025-05-13 06:20:00,123,None,0,False,251
FL002985,2025-05-13,HEL,ARN,OH-A129,A350,2025-05-13 15:04:00,345,Weather,71,False,263
FL002986,2025-05-13,HEL,JFK,OH-A109,A320,2025-05-13 21:26:00,577,Crew,69,False,166
FL002987,2025-05-13,HEL,CDG,OH-A120,A350,2025-05-13 17:30:00,468,None,0,False,294
FL002988,2025-05-13,HEL,FCO,OH-A130,A350,2025-05-13 21:38:00,241,Technical,21,False,201
FL002989,2025-05-13,HEL,ARN,OH-A129,A350,2025-05-13 14:19:00,454,None,0,False,217
FL002990,2025-05-13,HEL,ARN,OH-A141,A350,2025-05-13 06:01:00,345,Weather,106,False,295
FL002991,2025-05-13,HEL,AMS,OH-A130,A350,2025-05-13 19:11:00,482,Weather,15,False,237
FL002992,2025-05-13,HEL,JFK,OH-A138,A321,2025-05-13 19:15:00,71,Technical,22,False,194
FL002993,2025-05-13,HEL,JFK,OH-A145,A350,2025-05-13 15:06:00,469,None,0,False,238
FL002994,2025-05-14,HEL,BCN,OH-A129,A350,2025-05-14 06:23:00,539,None,0,False,297
FL002995,2025-05-14,HEL,CPH,OH-A115,A321,2025-05-14 10:56:00,196,None,0,False,148
FL002996,2025-05-14,HEL,FCO,OH-A122,E190,2025-05-14 18:26:00,427,None,0,False,84
FL002997,2025-05-14,HEL,FRA,OH-A123,E190,2025-05-14 05:56:00,194,Crew,5,False,59
FL002998,2025-05-14,HEL,MAD,OH-A122,E190,2025-05-14 08:19:00,416,None,0,False,82
FL002999,2025-05-14,HEL,FRA,OH-A145,A350,2025-05-14 06:30:00,223,None,0,False,295
FL003000,2025-05-14,HEL,FCO,OH-A106,A350,2025-05-14 15:49:00,539,Crew,17,False,226
FL003001,2025-05-14,HEL,LHR,OH-A134,A320,2025-05-14 11:41:00,330,ATC,5,False,103
FL003002,2025-05-14,HEL,OSL,OH-A136,A321,2025-05-14 19:49:00,138,ATC,71,False,143
FL003003,2025-05-14,HEL,LHR,OH-A109,A320,2025-05-14 18:14:00,541,Weather,23,False,168
FL003004,2025-05-14,HEL,NRT,OH-A122,E190,2025-05-14 14:14:00,127,Late Aircraft,27,False,59
FL003005,2025-05-14,HEL,CPH,OH-A100,A350,2025-05-14 08:23:00,393,None,0,False,223
FL003006,2025-05-14,HEL,CDG,OH-A116,A320,2025-05-14 14:00:00,285,Weather,53,False,119
FL003007,2025-05-14,HEL,CDG,OH-A144,A350,2025-05-14 08:08:00,451,None,0,False,247
FL003008,2025-05-14,HEL,JFK,OH-A125,A321,2025-05-14 17:36:00,602,None,0,False,167
FL003009,2025-05-14,HEL,AMS,OH-A142,A350,2025-05-14 08:49:00,545,Weather,87,False,264
FL003010,2025-05-14,HEL,NRT,OH-A135,A321,2025-05-14 14:02:00,560,None,0,False,118
FL003011,2025-05-14,HEL,BKK,OH-A123,E190,2025-05-14 17:39:00,249,None,0,False,90
FL003012,2025-05-14,HEL,MAD,OH-A135,A321,2025-05-14 16:27:00,138,None,0,False,191
FL003013,2025-05-14,HEL,CDG,OH-A124,A350,2025-05-14 10:55:00,491,Technical,5,False,277
FL003014,2025-05-14,HEL,BCN,OH-A137,A320,2025-05-14 14:15:00,217,Ground Handling,47,False,125
FL003015,2025-05-14,HEL,MAD,OH-A122,E190,2025-05-14 21:16:00,289,ATC,10,False,84
FL003016,2025-05-14,HEL,CPH,OH-A117,A321,2025-05-14 19:57:00,421,ATC,44,False,203
FL003017,2025-05-14,HEL,JFK,OH-A142,A350,2025-05-14 05:33:00,373,None,0,False,282
FL003018,2025-05-14,HEL,FRA,OH-A125,A321,2025-05-14 14:31:00,122,None,0,False,200
FL003019,2025-05-14,HEL,JFK,OH-A138,A321,2025-05-14 06:17:00,494,None,0,False,187
FL003020,2025-05-15,HEL,MAD,OH-A126,A320,2025-05-15 15:34:00,530,None,0,False,135
FL003021,2025-05-15,HEL,LHR,OH-A105,E190,2025-05-15 12:03:00,98,Crew,31,False,74
FL003022,2025-05-15,HEL,BKK,OH-A126,A320,2025-05-15 17:59:00,69,Technical,30,False,131
FL003023,2025-05-15,HEL,MAD,OH-A119,A350,2025-05-15 16:02:00,426,None,0,False,185
FL003024,2025-05-15,HEL,FRA,OH-A139,A350,2025-05-15 15:13:00,613,None,0,False,249
FL003025,2025-05-15,HEL,FRA,OH-A113,A350,2025-05-15 06:10:00,153,None,0,False,277
FL003026,2025-05-15,HEL,ARN,OH-A124,A350,2025-05-15 05:05:00,195,None,0,True,272
FL003027,2025-05-15,HEL,CDG,OH-A144,A350,2025-05-15 09:32:00,321,ATC,32,False,218
FL003028,2025-05-15,HEL,JFK,OH-A121,A320,2025-05-15 17:53:00,352,Ground Handling,41,False,161
FL003029,2025-05-15,HEL,JFK,OH-A102,E190,2025-05-15 14:55:00,322,None,0,False,66
FL003030,2025-05-15,HEL,BKK,OH-A123,E190,2025-05-15 18:00:00,254,Crew,49,False,57
FL003031,2025-05-15,HEL,CPH,OH-A142,A350,2025-05-15 12:12:00,560,None,0,False,175
FL003032,2025-05-15,HEL,LHR,OH-A111,E190,2025-05-15 20:12:00,291,None,0,False,67
FL003033,2025-05-15,HEL,FCO,OH-A115,A321,2025-05-15 13:57:00,617,None,0,False,155
FL003034,2025-05-15,HEL,AMS,OH-A119,A350,2025-05-15 10:41:00,550,None,0,False,174
FL003035,2025-05-15,HEL,LHR,OH-A108,A321,2025-05-15 08:33:00,491,None,0,False,154
FL003036,2025-05-15,HEL,LHR,OH-A106,A350,2025-05-15 15:09:00,531,Weather,59,False,221
FL003037,2025-05-15,HEL,NRT,OH-A141,A350,2025-05-15 15:24:00,394,None,0,False,268
FL003038,2025-05-15,HEL,NRT,OH-A111,E190,2025-05-15 13:04:00,427,None,0,False,62
FL003039,2025-05-15,HEL,ARN,OH-A114,A320,2025-05-15 07:34:00,618,None,0,False,140
FL003040,2025-05-15,HEL,JFK,OH-A121,A320,2025-05-15 05:03:00,442,None,0,False,151
FL003041,2025-05-16,HEL,BCN,OH-A104,A321,2025-05-16 06:48:00,110,Technical,56,False,140
FL003042,2025-05-16,HEL,BKK,OH-A139,A350,2025-05-16 19:28:00,325,None,0,False,224
FL003043,2025-05-16,HEL,AMS,OH-A117,A321,2025-05-16 07:54:00,416,Crew,52,False,133
FL003044,2025-05-16,HEL,NRT,OH-A102,E190,2025-05-16 06:53:00,86,None,0,False,83
FL003045,2025-05-16,HEL,BKK,OH-A139,A350,2025-05-16 11:50:00,609,None,0,False,284
FL003046,2025-05-16,HEL,BCN,OH-A116,A320,2025-05-16 15:56:00,479,None,0,False,95
FL003047,2025-05-16,HEL,OSL,OH-A120,A350,2025-05-16 15:55:00,557,None,0,False,181
FL003048,2025-05-16,HEL,AMS,OH-A129,A350,2025-05-16 11:50:00,253,None,0,False,254
FL003049,2025-05-16,HEL,ARN,OH-A137,A320,2025-05-16 09:13:00,133,Technical,5,False,165
FL003050,2025-05-16,HEL,MAD,OH-A136,A321,2025-05-16 11:30:00,144,None,0,False,114
FL003051,2025-05-16,HEL,LHR,OH-A132,A321,2025-05-16 12:59:00,280,Technical,69,False,156
FL003052,2025-05-16,HEL,NRT,OH-A114,A320,2025-05-16 08:23:00,154,Crew,79,False,137
FL003053,2025-05-16,HEL,MAD,OH-A101,A320,2025-05-16 13:52:00,92,None,0,False,99
FL003054,2025-05-16,HEL,FRA,OH-A110,A320,2025-05-16 14:37:00,47,ATC,44,False,115
FL003055,2025-05-16,HEL,OSL,OH-A138,A321,2025-05-16 12:30:00,98,None,0,False,147
FL003056,2025-05-16,HEL,CPH,OH-A138,A321,2025-05-16 12:18:00,100,Technical,5,False,118
FL003057,2025-05-16,HEL,MAD,OH-A115,A321,2025-05-16 17:21:00,588,None,0,False,186
FL003058,2025-05-16,HEL,FCO,OH-A115,A321,2025-05-16 19:54:00,319,None,0,False,154
FL003059,2025-05-16,HEL,LHR,OH-A106,A350,2025-05-16 05:56:00,552,Late Aircraft,41,False,294
FL003060,2025-05-16,HEL,ARN,OH-A137,A320,2025-05-16 10:59:00,130,Technical,60,False,134
FL003061,2025-05-16,HEL,CDG,OH-A134,A320,2025-05-16 12:20:00,387,Crew,5,False,164
FL003062,2025-05-16,HEL,FCO,OH-A117,A321,2025-05-16 14:37:00,470,ATC,19,False,157
FL003063,2025-05-16,HEL,BCN,OH-A134,A320,2025-05-16 20:47:00,233,None,0,False,152
FL003064,2025-05-17,HEL,MAD,OH-A135,A321,2025-05-17 08:56:00,537,None,0,False,147
FL003065,2025-05-17,HEL,NRT,OH-A128,A321,2025-05-17 14:33:00,508,None,0,False,161
FL003066,2025-05-17,HEL,CPH,OH-A113,A350,2025-05-17 15:58:00,593,None,0,False,221
FL003067,2025-05-17,HEL,CDG,OH-A108,A321,2025-05-17 13:11:00,220,Technical,15,False,192
FL003068,2025-05-17,HEL,NRT,OH-A138,A321,2025-05-17 10:06:00,263,None,0,False,196
FL003069,2025-05-17,HEL,FRA,OH-A144,A350,2025-05-17 06:46:00,536,Technical,24,False,284
FL003070,2025-05-17,HEL,ARN,OH-A120,A350,2025-05-17 11:33:00,451,None,0,False,197
FL003071,2025-05-17,HEL,JFK,OH-A115,A321,2025-05-17 11:08:00,382,None,0,False,198
FL003072,2025-05-17,HEL,MAD,OH-A147,A321,2025-05-17 19:44:00,168,None,0,False,195
FL003073,2025-05-17,HEL,NRT,OH-A134,A320,2025-05-17 15:58:00,76,Technical,9,False,126
FL003074,2025-05-17,HEL,ARN,OH-A105,E190,2025-05-17 06:03:00,102,None,0,False,78
FL003075,2025-05-17,HEL,OSL,OH-A120,A350,2025-05-17 16:47:00,98,None,0,False,208
FL003076,2025-05-17,HEL,MUC,OH-A120,A350,2025-05-17 08:33:00,532,None,0,False,277
FL003077,2025-05-17,HEL,OSL,OH-A103,A350,2025-05-17 17:32:00,538,Technical,66,False,280
FL003078,2025-05-17,HEL,MUC,OH-A143,A321,2025-05-17 10:35:00,110,Late Aircraft,48,False,142
FL003079,2025-05-17,HEL,CDG,OH-A131,E190,2025-05-17 08:27:00,334,Crew,52,False,84
FL003080,2025-05-17,HEL,OSL,OH-A146,A320,2025-05-17 15:45:00,305,ATC,21,False,96
FL003081,2025-05-17,HEL,FCO,OH-A107,A350,2025-05-17 13:06:00,373,None,0,False,247
FL003082,2025-05-17,HEL,ARN,OH-A136,A321,2025-05-17 16:55:00,405,None,0,False,122
FL003083,2025-05-17,HEL,NRT,OH-A146,A320,2025-05-17 11:31:00,231,None,0,False,155
FL003084,2025-05-17,HEL,OSL,OH-A140,A320,2025-05-17 11:47:00,129,None,0,False,156
FL003085,2025-05-17,HEL,BCN,OH-A121,A320,2025-05-17 07:18:00,229,None,0,False,145
FL003086,2025-05-17,HEL,BKK,OH-A126,A320,2025-05-17 07:50:00,374,Weather,76,False,171
FL003087,2025-05-17,HEL,CPH,OH-A101,A320,2025-05-17 08:27:00,171,None,0,False,145
FL003088,2025-05-17,HEL,NRT,OH-A124,A350,2025-05-17 16:40:00,59,None,0,False,220
FL003089,2025-05-17,HEL,CDG,OH-A146,A320,2025-05-17 20:02:00,181,Crew,9,False,132
FL003090,2025-05-18,HEL,BKK,OH-A123,E190,2025-05-18 17:24:00,528,None,0,False,63
FL003091,2025-05-18,HEL,BCN,OH-A118,A350,2025-05-18 16:49:00,497,Technical,35,False,170
FL003092,2025-05-18,HEL,NRT,OH-A111,E190,2025-05-18 16:28:00,369,None,0,False,57
FL003093,2025-05-18,HEL,MUC,OH-A118,A350,2025-05-18 15:36:00,282,Ground Handling,58,False,238
FL003094,2025-05-18,HEL,ARN,OH-A122,E190,2025-05-18 08:08:00,252,Ground Handling,18,False,59
FL003095,2025-05-18,HEL,NRT,OH-A123,E190,2025-05-18 14:34:00,589,Late Aircraft,15,False,56
FL003096,2025-05-18,HEL,MUC,OH-A126,A320,2025-05-18 18:29:00,389,None,0,False,158
FL003097,2025-05-18,HEL,ARN,OH-A111,E190,2025-05-18 08:19:00,406,None,0,False,61
FL003098,2025-05-18,HEL,ARN,OH-A105,E190,2025-05-18 08:00:00,471,None,0,False,71
FL003099,2025-05-18,HEL,FCO,OH-A111,E190,2025-05-18 05:56:00,156,None,0,False,84
FL003100,2025-05-18,HEL,NRT,OH-A113,A350,2025-05-18 17:38:00,275,None,0,False,253
FL003101,2025-05-18,HEL,MAD,OH-A141,A350,2025-05-18 19:14:00,76,None,0,False,283
FL003102,2025-05-18,HEL,FRA,OH-A105,E190,2025-05-18 08:30:00,368,None,0,False,65
FL003103,2025-05-18,HEL,CDG,OH-A132,A321,2025-05-18 20:44:00,500,Late Aircraft,63,False,171
FL003104,2025-05-18,HEL,AMS,OH-A145,A350,2025-05-18 16:53:00,516,None,0,False,192
FL003105,2025-05-18,HEL,CDG,OH-A113,A350,2025-05-18 18:30:00,233,None,0,False,207
FL003106,2025-05-18,HEL,LHR,OH-A139,A350,2025-05-18 19:44:00,477,None,0,False,289
FL003107,2025-05-18,HEL,CPH,OH-A123,E190,2025-05-18 09:41:00,384,None,0,False,59
FL003108,2025-05-18,HEL,MUC,OH-A131,E190,2025-05-18 09:30:00,493,None,0,False,65
FL003109,2025-05-18,HEL,LHR,OH-A118,A350,2025-05-18 13:38:00,539,Technical,35,False,205
FL003110,2025-05-18,HEL,OSL,OH-A139,A350,2025-05-18 05:35:00,402,None,0,False,254
FL003111,2025-05-18,HEL,LHR,OH-A142,A350,2025-05-18 10:02:00,295,None,0,False,267
FL003112,2025-05-18,HEL,JFK,OH-A127,A321,2025-05-18 13:07:00,150,Weather,34,False,176
FL003113,2025-05-18,HEL,BCN,OH-A115,A321,2025-05-18 16:43:00,226,Weather,36,False,144
FL003114,2025-05-18,HEL,FRA,OH-A120,A350,2025-05-18 17:29:00,421,None,0,False,282
FL003115,2025-05-18,HEL,BCN,OH-A143,A321,2025-05-18 09:10:00,67,None,0,False,201
FL003116,2025-05-18,HEL,MUC,OH-A117,A321,2025-05-18 06:32:00,466,None,0,False,141
FL003117,2025-05-19,HEL,CPH,OH-A107,A350,2025-05-19 19:44:00,556,None,0,False,189
FL003118,2025-05-19,HEL,CDG,OH-A103,A350,2025-05-19 17:05:00,328,None,0,False,275
FL003119,2025-05-19,HEL,BKK,OH-A108,A321,2025-05-19 10:11:00,205,Ground Handling,98,False,159
FL003120,2025-05-19,HEL,FRA,OH-A108,A321,2025-05-19 05:19:00,322,None,0,False,209
FL003121,2025-05-19,HEL,NRT,OH-A101,A320,2025-05-19 06:45:00,129,None,0,False,99
FL003122,2025-05-19,HEL,ARN,OH-A103,A350,2025-05-19 16:32:00,149,None,0,False,200
FL003123,2025-05-19,HEL,BKK,OH-A108,A321,2025-05-19 18:30:00,137,Crew,5,False,191
FL003124,2025-05-19,HEL,ARN,OH-A105,E190,2025-05-19 21:06:00,473,Technical,59,False,77
FL003125,2025-05-19,HEL,JFK,OH-A144,A350,2025-05-19 07:38:00,135,Technical,42,False,285
FL003126,2025-05-19,HEL,NRT,OH-A104,A321,2025-05-19 17:19:00,350,None,0,False,179
FL003127,2025-05-19,HEL,CDG,OH-A109,A320,2025-05-19 06:51:00,344,None,0,False,107
FL003128,2025-05-19,HEL,CDG,OH-A147,A321,2025-05-19 07:05:00,266,None,0,False,179
FL003129,2025-05-19,HEL,BCN,OH-A111,E190,2025-05-19 08:46:00,181,None,0,False,57
FL003130,2025-05-19,HEL,FCO,OH-A140,A320,2025-05-19 15:51:00,424,None,0,False,157
FL003131,2025-05-19,HEL,CPH,OH-A141,A350,2025-05-19 11:11:00,345,Weather,9,False,226
FL003132,2025-05-19,HEL,LHR,OH-A135,A321,2025-05-19 06:01:00,210,None,0,False,202
FL003133,2025-05-19,HEL,FCO,OH-A134,A320,2025-05-19 15:19:00,202,None,0,False,172
FL003134,2025-05-19,HEL,JFK,OH-A144,A350,2025-05-19 10:21:00,545,None,0,False,204
FL003135,2025-05-20,HEL,BKK,OH-A110,A320,2025-05-20 21:38:00,86,None,0,False,174
FL003136,2025-05-20,HEL,LHR,OH-A124,A350,2025-05-20 21:18:00,342,None,0,False,199
FL003137,2025-05-20,HEL,FRA,OH-A122,E190,2025-05-20 09:45:00,448,None,0,False,100
FL003138,2025-05-20,HEL,JFK,OH-A142,A350,2025-05-20 17:30:00,137,None,0,False,297
FL003139,2025-05-20,HEL,FRA,OH-A100,A350,2025-05-20 10:14:00,334,None,0,False,283
FL003140,2025-05-20,HEL,MAD,OH-A140,A320,2025-05-20 13:06:00,495,None,0,False,96
FL003141,2025-05-20,HEL,AMS,OH-A132,A321,2025-05-20 20:15:00,188,Technical,54,False,164
FL003142,2025-05-20,HEL,ARN,OH-A114,A320,2025-05-20 19:52:00,110,None,0,False,147
FL003143,2025-05-20,HEL,LHR,OH-A115,A321,2025-05-20 17:33:00,539,None,0,False,178
FL003144,2025-05-20,HEL,MUC,OH-A101,A320,2025-05-20 11:00:00,177,Crew,45,False,113
FL003145,2025-05-20,HEL,ARN,OH-A143,A321,2025-05-20 19:07:00,53,None,0,False,114
FL003146,2025-05-20,HEL,LHR,OH-A110,A320,2025-05-20 08:39:00,245,None,0,False,147
FL003147,2025-05-20,HEL,BKK,OH-A122,E190,2025-05-20 09:20:00,197,Crew,47,False,69
FL003148,2025-05-20,HEL,ARN,OH-A144,A350,2025-05-20 18:59:00,96,None,0,False,296
FL003149,2025-05-20,HEL,LHR,OH-A112,A350,2025-05-20 09:58:00,384,None,0,False,243
FL003150,2025-05-20,HEL,BCN,OH-A132,A321,2025-05-20 14:28:00,200,ATC,5,False,127
FL003151,2025-05-20,HEL,MUC,OH-A117,A321,2025-05-20 07:29:00,234,Ground Handling,5,False,148
FL003152,2025-05-20,HEL,OSL,OH-A135,A321,2025-05-20 09:07:00,326,None,0,False,188
FL003153,2025-05-20,HEL,ARN,OH-A139,A350,2025-05-20 10:37:00,141,None,0,False,223
FL003154,2025-05-20,HEL,NRT,OH-A109,A320,2025-05-20 14:13:00,384,None,0,False,158
FL003155,2025-05-20,HEL,MUC,OH-A118,A350,2025-05-20 19:58:00,100,Weather,41,False,195
FL003156,2025-05-20,HEL,BCN,OH-A137,A320,2025-05-20 16:16:00,588,ATC,51,False,103
FL003157,2025-05-20,HEL,ARN,OH-A118,A350,2025-05-20 10:56:00,318,None,0,False,291
FL003158,2025-05-21,HEL,JFK,OH-A106,A350,2025-05-21 09:18:00,554,None,0,False,178
FL003159,2025-05-21,HEL,CDG,OH-A133,A320,2025-05-21 13:24:00,491,None,0,False,122
FL003160,2025-05-21,HEL,BKK,OH-A123,E190,2025-05-21 08:13:00,432,Technical,50,False,80
FL003161,2025-05-21,HEL,BKK,OH-A112,A350,2025-05-21 15:09:00,78,None,0,False,281
FL003162,2025-05-21,HEL,CPH,OH-A109,A320,2025-05-21 15:49:00,148,None,0,False,112
FL003163,2025-05-21,HEL,MAD,OH-A128,A321,2025-05-21 08:20:00,558,None,0,False,164
FL003164,2025-05-21,HEL,FRA,OH-A145,A350,2025-05-21 12:14:00,505,None,0,False,177
FL003165,2025-05-21,HEL,LHR,OH-A113,A350,2025-05-21 05:34:00,168,None,0,False,242
FL003166,2025-05-21,HEL,AMS,OH-A126,A320,2025-05-21 10:15:00,519,None,0,False,104
FL003167,2025-05-21,HEL,NRT,OH-A111,E190,2025-05-21 11:22:00,560,None,0,False,87
FL003168,2025-05-21,HEL,NRT,OH-A142,A350,2025-05-21 07:39:00,282,None,0,False,203
FL003169,2025-05-21,HEL,CDG,OH-A107,A350,2025-05-21 13:11:00,219,None,0,False,210
FL003170,2025-05-21,HEL,FRA,OH-A114,A320,2025-05-21 13:08:00,595,Late Aircraft,23,False,128
FL003171,2025-05-21,HEL,MUC,OH-A120,A350,2025-05-21 14:30:00,578,None,0,False,255
FL003172,2025-05-21,HEL,FCO,OH-A147,A321,2025-05-21 17:58:00,94,Late Aircraft,73,False,171
FL003173,2025-05-21,HEL,FRA,OH-A112,A350,2025-05-21 07:09:00,373,None,0,False,239
FL003174,2025-05-21,HEL,AMS,OH-A129,A350,2025-05-21 14:33:00,95,None,0,False,247
FL003175,2025-05-21,HEL,NRT,OH-A115,A321,2025-05-21 17:33:00,409,None,0,False,178
FL003176,2025-05-21,HEL,AMS,OH-A116,A320,2025-05-21 12:38:00,337,Ground Handling,50,False,117
FL003177,2025-05-21,HEL,LHR,OH-A143,A321,2025-05-21 20:13:00,588,None,0,False,188
FL003178,2025-05-21,HEL,CDG,OH-A135,A321,2025-05-21 06:18:00,65,Ground Handling,68,False,170
FL003179,2025-05-21,HEL,CDG,OH-A129,A350,2025-05-21 11:36:00,175,Technical,5,False,236
FL003180,2025-05-21,HEL,MUC,OH-A146,A320,2025-05-21 20:36:00,248,Weather,53,False,154
FL003181,2025-05-21,HEL,MAD,OH-A120,A350,2025-05-21 19:20:00,389,Weather,29,False,250
FL003182,2025-05-22,HEL,LHR,OH-A125,A321,2025-05-22 11:10:00,456,None,0,False,192
FL003183,2025-05-22,HEL,OSL,OH-A145,A350,2025-05-22 09:40:00,548,Technical,36,False,240
FL003184,2025-05-22,HEL,ARN,OH-A147,A321,2025-05-22 05:47:00,170,None,0,False,205
FL003185,2025-05-22,HEL,MAD,OH-A103,A350,2025-05-22 08:38:00,145,Weather,20,False,166
FL003186,2025-05-22,HEL,BKK,OH-A130,A350,2025-05-22 06:42:00,377,None,0,False,253
FL003187,2025-05-22,HEL,BCN,OH-A138,A321,2025-05-22 14:03:00,46,None,0,False,143
FL003188,2025-05-22,HEL,ARN,OH-A123,E190,2025-05-22 15:55:00,437,None,0,False,84
FL003189,2025-05-22,HEL,AMS,OH-A116,A320,2025-05-22 16:42:00,81,None,0,False,144
FL003190,2025-05-22,HEL,NRT,OH-A110,A320,2025-05-22 16:36:00,511,None,0,False,163
FL003191,2025-05-22,HEL,ARN,OH-A120,A350,2025-05-22 09:03:00,583,None,0,False,198
FL003192,2025-05-22,HEL,BCN,OH-A127,A321,2025-05-22 07:31:00,362,None,0,False,180
FL003193,2025-05-22,HEL,FRA,OH-A101,A320,2025-05-22 15:22:00,574,Technical,6,False,108
FL003194,2025-05-22,HEL,NRT,OH-A110,A320,2025-05-22 10:10:00,548,ATC,50,False,142
FL003195,2025-05-22,HEL,MUC,OH-A135,A321,2025-05-22 05:38:00,197,None,0,False,188
FL003196,2025-05-22,HEL,MUC,OH-A129,A350,2025-05-22 17:25:00,480,None,0,False,240
FL003197,2025-05-22,HEL,FCO,OH-A125,A321,2025-05-22 07:16:00,242,ATC,35,False,135
FL003198,2025-05-22,HEL,JFK,OH-A134,A320,2025-05-22 09:09:00,84,None,0,False,105
FL003199,2025-05-22,HEL,MUC,OH-A101,A320,2025-05-22 11:58:00,319,None,0,True,133
FL003200,2025-05-22,HEL,FCO,OH-A140,A320,2025-05-22 07:26:00,125,None,0,False,120
FL003201,2025-05-22,HEL,JFK,OH-A129,A350,2025-05-22 07:52:00,364,None,0,False,246
FL003202,2025-05-23,HEL,JFK,OH-A113,A350,2025-05-23 14:42:00,443,None,0,False,295
FL003203,2025-05-23,HEL,CDG,OH-A110,A320,2025-05-23 18:49:00,517,None,0,False,100
FL003204,2025-05-23,HEL,BKK,OH-A111,E190,2025-05-23 07:15:00,142,Technical,27,False,62
FL003205,2025-05-23,HEL,ARN,OH-A140,A320,2025-05-23 11:16:00,466,None,0,False,146
FL003206,2025-05-23,HEL,CDG,OH-A100,A350,2025-05-23 08:44:00,506,None,0,False,179
FL003207,2025-05-23,HEL,BCN,OH-A139,A350,2025-05-23 19:52:00,218,Late Aircraft,70,False,197
FL003208,2025-05-23,HEL,MUC,OH-A132,A321,2025-05-23 05:17:00,297,ATC,33,False,189
FL003209,2025-05-23,HEL,LHR,OH-A126,A320,2025-05-23 10:52:00,54,None,0,False,144
FL003210,2025-05-23,HEL,OSL,OH-A115,A321,2025-05-23 18:39:00,582,Crew,33,False,143
FL003211,2025-05-23,HEL,FCO,OH-A118,A350,2025-05-23 06:13:00,391,None,0,True,294
FL003212,2025-05-23,HEL,NRT,OH-A128,A321,2025-05-23 05:36:00,606,None,0,False,153
FL003213,2025-05-23,HEL,MAD,OH-A146,A320,2025-05-23 17:04:00,392,None,0,False,119
FL003214,2025-05-23,HEL,MUC,OH-A101,A320,2025-05-23 15:25:00,322,Crew,25,False,148
FL003215,2025-05-23,HEL,FCO,OH-A145,A350,2025-05-23 10:40:00,477,None,0,False,290
FL003216,2025-05-23,HEL,LHR,OH-A124,A350,2025-05-23 07:49:00,425,Late Aircraft,47,False,287
FL003217,2025-05-23,HEL,BKK,OH-A100,A350,2025-05-23 13:49:00,143,Crew,15,False,256
FL003218,2025-05-23,HEL,CPH,OH-A143,A321,2025-05-23 13:43:00,598,None,0,False,125
FL003219,2025-05-23,HEL,BCN,OH-A143,A321,2025-05-23 16:14:00,353,None,0,False,186
FL003220,2025-05-23,HEL,CDG,OH-A130,A350,2025-05-23 11:16:00,148,Weather,25,False,234
FL003221,2025-05-23,HEL,NRT,OH-A118,A350,2025-05-23 08:19:00,74,None,0,False,269
FL003222,2025-05-23,HEL,LHR,OH-A130,A350,2025-05-23 18:06:00,314,None,0,False,198
FL003223,2025-05-23,HEL,BCN,OH-A112,A350,2025-05-23 18:13:00,451,None,0,False,199
FL003224,2025-05-23,HEL,OSL,OH-A131,E190,2025-05-23 12:51:00,266,None,0,False,78
FL003225,2025-05-23,HEL,OSL,OH-A120,A350,2025-05-23 13:21:00,48,None,0,False,278
FL003226,2025-05-23,HEL,AMS,OH-A130,A350,2025-05-23 13:35:00,596,None,0,False,163
FL003227,2025-05-23,HEL,JFK,OH-A121,A320,2025-05-23 09:32:00,308,None,0,False,162
FL003228,2025-05-24,HEL,BCN,OH-A135,A321,2025-05-24 11:39:00,321,Weather,39,False,189
FL003229,2025-05-24,HEL,OSL,OH-A106,A350,2025-05-24 20:21:00,153,Weather,14,False,215
FL003230,2025-05-24,HEL,AMS,OH-A104,A321,2025-05-24 08:43:00,47,Weather,8,False,201
FL003231,2025-05-24,HEL,MUC,OH-A126,A320,2025-05-24 20:17:00,613,Technical,16,True,153
FL003232,2025-05-24,HEL,ARN,OH-A121,A320,2025-05-24 10:46:00,76,None,0,False,110
FL003233,2025-05-24,HEL,LHR,OH-A135,A321,2025-05-24 20:00:00,231,None,0,False,207
FL003234,2025-05-24,HEL,BCN,OH-A121,A320,2025-05-24 10:34:00,321,None,0,False,128
FL003235,2025-05-24,HEL,ARN,OH-A106,A350,2025-05-24 13:51:00,488,None,0,False,206
FL003236,2025-05-24,HEL,FRA,OH-A130,A350,2025-05-24 12:49:00,256,None,0,False,246
FL003237,2025-05-24,HEL,BCN,OH-A118,A350,2025-05-24 18:46:00,458,Technical,71,False,177
FL003238,2025-05-24,HEL,LHR,OH-A147,A321,2025-05-24 05:43:00,391,Weather,32,False,116
FL003239,2025-05-24,HEL,OSL,OH-A136,A321,2025-05-24 06:55:00,590,None,0,False,180
FL003240,2025-05-24,HEL,FRA,OH-A100,A350,2025-05-24 09:26:00,291,ATC,70,False,174
FL003241,2025-05-24,HEL,FCO,OH-A105,E190,2025-05-24 05:25:00,155,Ground Handling,18,False,100
FL003242,2025-05-24,HEL,ARN,OH-A108,A321,2025-05-24 14:24:00,508,Ground Handling,45,False,154
FL003243,2025-05-24,HEL,CDG,OH-A107,A350,2025-05-24 07:02:00,96,Late Aircraft,5,False,257
FL003244,2025-05-24,HEL,BKK,OH-A105,E190,2025-05-24 19:44:00,279,None,0,False,99
FL003245,2025-05-24,HEL,CDG,OH-A119,A350,2025-05-24 13:44:00,320,None,0,False,169
FL003246,2025-05-24,HEL,CDG,OH-A117,A321,2025-05-24 13:22:00,178,None,0,False,205
FL003247,2025-05-25,HEL,BKK,OH-A104,A321,2025-05-25 21:12:00,468,None,0,False,194
FL003248,2025-05-25,HEL,FCO,OH-A130,A350,2025-05-25 10:48:00,604,Weather,26,False,180
FL003249,2025-05-25,HEL,MAD,OH-A108,A321,2025-05-25 08:05:00,329,None,0,False,118
FL003250,2025-05-25,HEL,CDG,OH-A106,A350,2025-05-25 10:24:00,396,Crew,19,False,227
FL003251,2025-05-25,HEL,NRT,OH-A100,A350,2025-05-25 14:39:00,554,None,0,False,222
FL003252,2025-05-25,HEL,BKK,OH-A120,A350,2025-05-25 21:01:00,544,None,0,False,238
FL003253,2025-05-25,HEL,BKK,OH-A130,A350,2025-05-25 21:10:00,209,None,0,False,213
FL003254,2025-05-25,HEL,BKK,OH-A110,A320,2025-05-25 07:36:00,546,ATC,34,False,155
FL003255,2025-05-25,HEL,BCN,OH-A104,A321,2025-05-25 15:30:00,206,None,0,False,121
FL003256,2025-05-25,HEL,BKK,OH-A139,A350,2025-05-25 16:38:00,585,None,0,False,192
FL003257,2025-05-25,HEL,FCO,OH-A130,A350,2025-05-25 13:26:00,361,None,0,False,196
FL003258,2025-05-25,HEL,LHR,OH-A115,A321,2025-05-25 05:02:00,407,ATC,51,False,140
FL003259,2025-05-25,HEL,ARN,OH-A107,A350,2025-05-25 11:52:00,457,None,0,False,263
FL003260,2025-05-25,HEL,BKK,OH-A133,A320,2025-05-25 08:58:00,471,None,0,True,160
FL003261,2025-05-25,HEL,AMS,OH-A113,A350,2025-05-25 09:11:00,325,Technical,13,False,255
FL003262,2025-05-25,HEL,NRT,OH-A127,A321,2025-05-25 08:49:00,396,None,0,False,139
FL003263,2025-05-25,HEL,CDG,OH-A134,A320,2025-05-25 16:04:00,135,None,0,False,104
FL003264,2025-05-25,HEL,AMS,OH-A136,A321,2025-05-25 14:39:00,243,None,0,False,174
FL003265,2025-05-25,HEL,JFK,OH-A116,A320,2025-05-25 18:36:00,208,None,0,False,112
FL003266,2025-05-25,HEL,MUC,OH-A102,E190,2025-05-25 15:28:00,86,None,0,False,58
FL003267,2025-05-25,HEL,MAD,OH-A133,A320,2025-05-25 12:44:00,565,None,0,False,124
FL003268,2025-05-25,HEL,CDG,OH-A122,E190,2025-05-25 19:54:00,58,None,0,False,78
FL003269,2025-05-25,HEL,BCN,OH-A101,A320,2025-05-25 08:32:00,615,Weather,47,False,163
FL003270,2025-05-25,HEL,FRA,OH-A107,A350,2025-05-25 17:18:00,566,None,0,False,273
FL003271,2025-05-25,HEL,BKK,OH-A122,E190,2025-05-25 08:32:00,590,Ground Handling,21,False,83
FL003272,2025-05-25,HEL,FRA,OH-A123,E190,2025-05-25 14:49:00,581,Ground Handling,68,False,79
FL003273,2025-05-26,HEL,MAD,OH-A120,A350,2025-05-26 15:14:00,297,None,0,False,259
FL003274,2025-05-26,HEL,MAD,OH-A132,A321,2025-05-26 17:06:00,165,Weather,56,False,114
FL003275,2025-05-26,HEL,NRT,OH-A135,A321,2025-05-26 20:40:00,149,Ground Handling,25,False,184
FL003276,2025-05-26,HEL,AMS,OH-A127,A321,2025-05-26 09:50:00,616,Late Aircraft,35,False,190
FL003277,2025-05-26,HEL,FCO,OH-A106,A350,2025-05-26 11:26:00,572,None,0,False,275
FL003278,2025-05-26,HEL,LHR,OH-A105,E190,2025-05-26 14:20:00,194,None,0,False,94
FL003279,2025-05-26,HEL,BKK,OH-A135,A321,2025-05-26 05:24:00,343,Ground Handling,5,False,121
FL003280,2025-05-26,HEL,CPH,OH-A101,A320,2025-05-26 08:32:00,200,None,0,False,158
FL003281,2025-05-26,HEL,FCO,OH-A111,E190,2025-05-26 07:24:00,235,Technical,57,False,96
FL003282,2025-05-26,HEL,CPH,OH-A131,E190,2025-05-26 14:29:00,609,None,0,False,87
FL003283,2025-05-26,HEL,NRT,OH-A114,A320,2025-05-26 12:40:00,560,Technical,52,False,154
FL003284,2025-05-26,HEL,BKK,OH-A138,A321,2025-05-26 17:23:00,155,None,0,False,171
FL003285,2025-05-26,HEL,JFK,OH-A101,A320,2025-05-26 12:36:00,590,Crew,22,False,108
FL003286,2025-05-26,HEL,JFK,OH-A126,A320,2025-05-26 19:12:00,68,None,0,False,129
FL003287,2025-05-26,HEL,FRA,OH-A106,A350,2025-05-26 21:35:00,429,None,0,False,228
FL003288,2025-05-26,HEL,LHR,OH-A114,A320,2025-05-26 16:17:00,103,None,0,False,100
FL003289,2025-05-26,HEL,BKK,OH-A117,A321,2025-05-26 05:40:00,445,Technical,17,False,196
FL003290,2025-05-26,HEL,MUC,OH-A132,A321,2025-05-26 07:29:00,48,None,0,False,176
FL003291,2025-05-26,HEL,JFK,OH-A144,A350,2025-05-26 05:34:00,605,None,0,False,186
FL003292,2025-05-26,HEL,MAD,OH-A128,A321,2025-05-26 05:06:00,220,None,0,False,151
FL003293,2025-05-26,HEL,MAD,OH-A115,A321,2025-05-26 20:11:00,604,None,0,False,180
FL003294,2025-05-26,HEL,CDG,OH-A100,A350,2025-05-26 13:03:00,255,None,0,False,245
FL003295,2025-05-27,HEL,MAD,OH-A103,A350,2025-05-27 19:24:00,618,Technical,37,False,288
FL003296,2025-05-27,HEL,BCN,OH-A122,E190,2025-05-27 19:19:00,61,None,0,False,63
FL003297,2025-05-27,HEL,NRT,OH-A141,A350,2025-05-27 07:10:00,553,None,0,False,203
FL003298,2025-05-27,HEL,FCO,OH-A121,A320,2025-05-27 15:20:00,60,None,0,False,164
FL003299,2025-05-27,HEL,NRT,OH-A130,A350,2025-05-27 20:45:00,280,ATC,83,False,258
FL003300,2025-05-27,HEL,MAD,OH-A114,A320,2025-05-27 20:20:00,587,None,0,False,139
FL003301,2025-05-27,HEL,JFK,OH-A136,A321,2025-05-27 19:32:00,617,None,0,False,183
FL003302,2025-05-27,HEL,OSL,OH-A100,A350,2025-05-27 15:21:00,159,None,0,False,196
FL003303,2025-05-27,HEL,MUC,OH-A125,A321,2025-05-27 21:29:00,112,None,0,False,150
FL003304,2025-05-27,HEL,BKK,OH-A103,A350,2025-05-27 15:55:00,521,ATC,28,False,197
FL003305,2025-05-27,HEL,JFK,OH-A131,E190,2025-05-27 05:36:00,149,None,0,False,66
FL003306,2025-05-27,HEL,AMS,OH-A130,A350,2025-05-27 13:11:00,94,None,0,False,172
FL003307,2025-05-27,HEL,NRT,OH-A125,A321,2025-05-27 20:31:00,193,Technical,69,False,203
FL003308,2025-05-27,HEL,CDG,OH-A112,A350,2025-05-27 08:37:00,84,Weather,45,False,286
FL003309,2025-05-27,HEL,ARN,OH-A101,A320,2025-05-27 07:04:00,208,ATC,5,False,169
FL003310,2025-05-27,HEL,JFK,OH-A141,A350,2025-05-27 21:03:00,72,None,0,False,166
FL003311,2025-05-27,HEL,AMS,OH-A130,A350,2025-05-27 17:45:00,503,None,0,False,291
FL003312,2025-05-27,HEL,ARN,OH-A128,A321,2025-05-27 21:13:00,76,Technical,73,False,208
FL003313,2025-05-27,HEL,OSL,OH-A115,A321,2025-05-27 07:18:00,368,None,0,False,138
FL003314,2025-05-28,HEL,LHR,OH-A124,A350,2025-05-28 08:32:00,341,None,0,False,269
FL003315,2025-05-28,HEL,MUC,OH-A131,E190,2025-05-28 16:18:00,508,None,0,False,81
FL003316,2025-05-28,HEL,MUC,OH-A127,A321,2025-05-28 09:03:00,494,None,0,False,133
FL003317,2025-05-28,HEL,BCN,OH-A139,A350,2025-05-28 12:22:00,358,None,0,False,214
FL003318,2025-05-28,HEL,CDG,OH-A142,A350,2025-05-28 09:07:00,342,ATC,29,False,250
FL003319,2025-05-28,HEL,BCN,OH-A108,A321,2025-05-28 12:14:00,382,Late Aircraft,89,False,156
FL003320,2025-05-28,HEL,FCO,OH-A123,E190,2025-05-28 06:53:00,126,Ground Handling,51,False,80
FL003321,2025-05-28,HEL,FCO,OH-A141,A350,2025-05-28 05:14:00,114,None,0,False,217
FL003322,2025-05-28,HEL,MUC,OH-A125,A321,2025-05-28 06:13:00,597,None,0,False,201
FL003323,2025-05-28,HEL,CDG,OH-A108,A321,2025-05-28 16:55:00,481,None,0,False,117
FL003324,2025-05-28,HEL,MUC,OH-A108,A321,2025-05-28 07:23:00,348,None,0,False,163
FL003325,2025-05-28,HEL,MUC,OH-A139,A350,2025-05-28 18:42:00,271,None,0,False,282
FL003326,2025-05-28,HEL,BKK,OH-A146,A320,2025-05-28 05:44:00,106,Ground Handling,29,False,168
FL003327,2025-05-28,HEL,AMS,OH-A108,A321,2025-05-28 18:53:00,606,Crew,5,False,118
FL003328,2025-05-28,HEL,CDG,OH-A103,A350,2025-05-28 16:11:00,302,None,0,False,186
FL003329,2025-05-28,HEL,FCO,OH-A107,A350,2025-05-28 20:55:00,593,Weather,64,False,227
FL003330,2025-05-28,HEL,BCN,OH-A138,A321,2025-05-28 10:15:00,257,None,0,False,183
FL003331,2025-05-28,HEL,AMS,OH-A132,A321,2025-05-28 12:52:00,510,None,0,False,148
FL003332,2025-05-28,HEL,ARN,OH-A124,A350,2025-05-28 10:47:00,344,None,0,False,296
FL003333,2025-05-28,HEL,MAD,OH-A131,E190,2025-05-28 12:17:00,365,None,0,False,92
FL003334,2025-05-28,HEL,FCO,OH-A146,A320,2025-05-28 08:48:00,184,None,0,False,129
FL003335,2025-05-28,HEL,BKK,OH-A133,A320,2025-05-28 12:24:00,559,None,0,False,161
FL003336,2025-05-29,HEL,OSL,OH-A119,A350,2025-05-29 10:43:00,94,Technical,24,False,292
FL003337,2025-05-29,HEL,MUC,OH-A129,A350,2025-05-29 07:23:00,158,None,0,False,221
FL003338,2025-05-29,HEL,BCN,OH-A130,A350,2025-05-29 07:28:00,164,None,0,False,271
FL003339,2025-05-29,HEL,FRA,OH-A129,A350,2025-05-29 20:50:00,188,Technical,60,False,278
FL003340,2025-05-29,HEL,NRT,OH-A105,E190,2025-05-29 20:09:00,217,None,0,False,65
FL003341,2025-05-29,HEL,BKK,OH-A125,A321,2025-05-29 16:28:00,407,None,0,True,151
FL003342,2025-05-29,HEL,OSL,OH-A129,A350,2025-05-29 05:40:00,258,None,0,False,243
FL003343,2025-05-29,HEL,BKK,OH-A147,A321,2025-05-29 11:17:00,145,None,0,False,177
FL003344,2025-05-29,HEL,JFK,OH-A113,A350,2025-05-29 20:10:00,74,Weather,44,False,193
FL003345,2025-05-29,HEL,MAD,OH-A116,A320,2025-05-29 13:52:00,221,ATC,79,False,123
FL003346,2025-05-29,HEL,AMS,OH-A142,A350,2025-05-29 12:51:00,196,None,0,False,297
FL003347,2025-05-29,HEL,FCO,OH-A120,A350,2025-05-29 13:30:00,430,None,0,False,214
FL003348,2025-05-29,HEL,BCN,OH-A117,A321,2025-05-29 15:55:00,202,ATC,44,False,126
FL003349,2025-05-29,HEL,NRT,OH-A139,A350,2025-05-29 07:48:00,352,None,0,False,165
FL003350,2025-05-29,HEL,MAD,OH-A116,A320,2025-05-29 21:58:00,218,None,0,False,99
FL003351,2025-05-29,HEL,BKK,OH-A104,A321,2025-05-29 12:48:00,99,None,0,False,173
FL003352,2025-05-29,HEL,AMS,OH-A117,A321,2025-05-29 16:04:00,116,None,0,False,117
FL003353,2025-05-29,HEL,CPH,OH-A143,A321,2025-05-29 13:11:00,73,Late Aircraft,69,False,140
FL003354,2025-05-29,HEL,FRA,OH-A120,A350,2025-05-29 14:54:00,228,None,0,False,246
FL003355,2025-05-29,HEL,BKK,OH-A143,A321,2025-05-29 09:43:00,589,Technical,20,False,118
FL003356,2025-05-29,HEL,MAD,OH-A114,A320,2025-05-29 10:10:00,383,None,0,False,105
FL003357,2025-05-29,HEL,MAD,OH-A122,E190,2025-05-29 07:36:00,159,Technical,23,False,77
FL003358,2025-05-29,HEL,BCN,OH-A125,A321,2025-05-29 16:07:00,409,None,0,False,178
FL003359,2025-05-29,HEL,BCN,OH-A120,A350,2025-05-29 07:20:00,454,Late Aircraft,55,False,252
FL003360,2025-05-29,HEL,ARN,OH-A123,E190,2025-05-29 17:05:00,520,None,0,False,71
FL003361,2025-05-30,HEL,LHR,OH-A144,A350,2025-05-30 13:14:00,618,None,0,False,263
FL003362,2025-05-30,HEL,CPH,OH-A143,A321,2025-05-30 08:50:00,143,Crew,8,False,206
FL003363,2025-05-30,HEL,CPH,OH-A121,A320,2025-05-30 06:46:00,87,None,0,False,119
FL003364,2025-05-30,HEL,ARN,OH-A136,A321,2025-05-30 17:23:00,319,None,0,False,194
FL003365,2025-05-30,HEL,CDG,OH-A104,A321,2025-05-30 17:10:00,533,Technical,41,False,187
FL003366,2025-05-30,HEL,FCO,OH-A116,A320,2025-05-30 09:19:00,246,ATC,28,False,144
FL003367,2025-05-30,HEL,NRT,OH-A115,A321,2025-05-30 17:55:00,482,Weather,65,False,209
FL003368,2025-05-30,HEL,LHR,OH-A113,A350,2025-05-30 11:25:00,508,Technical,5,False,271
FL003369,2025-05-30,HEL,AMS,OH-A124,A350,2025-05-30 18:18:00,549,Crew,67,False,208
FL003370,2025-05-30,HEL,JFK,OH-A117,A321,2025-05-30 18:47:00,455,Crew,55,False,135
FL003371,2025-05-30,HEL,MAD,OH-A146,A320,2025-05-30 21:05:00,259,None,0,False,139
FL003372,2025-05-30,HEL,NRT,OH-A124,A350,2025-05-30 11:22:00,313,None,0,False,230
FL003373,2025-05-30,HEL,AMS,OH-A126,A320,2025-05-30 16:19:00,478,None,0,False,111
FL003374,2025-05-30,HEL,OSL,OH-A134,A320,2025-05-30 18:29:00,319,Late Aircraft,36,False,151
FL003375,2025-05-30,HEL,OSL,OH-A108,A321,2025-05-30 07:13:00,614,Weather,63,False,206
FL003376,2025-05-30,HEL,MAD,OH-A113,A350,2025-05-30 08:37:00,534,None,0,False,281
FL003377,2025-05-30,HEL,ARN,OH-A113,A350,2025-05-30 07:49:00,388,None,0,False,237
FL003378,2025-05-30,HEL,FRA,OH-A105,E190,2025-05-30 15:24:00,205,None,0,False,58
FL003379,2025-05-30,HEL,CDG,OH-A123,E190,2025-05-30 16:17:00,97,Crew,27,False,99
FL003380,2025-05-31,HEL,MAD,OH-A123,E190,2025-05-31 07:25:00,561,None,0,False,68
FL003381,2025-05-31,HEL,FRA,OH-A130,A350,2025-05-31 17:59:00,551,None,0,False,216
FL003382,2025-05-31,HEL,LHR,OH-A124,A350,2025-05-31 19:25:00,332,ATC,28,False,209
FL003383,2025-05-31,HEL,MUC,OH-A123,E190,2025-05-31 21:22:00,221,None,0,False,77
FL003384,2025-05-31,HEL,BKK,OH-A127,A321,2025-05-31 10:19:00,176,Technical,5,False,173
FL003385,2025-05-31,HEL,OSL,OH-A123,E190,2025-05-31 16:59:00,94,None,0,False,64
FL003386,2025-05-31,HEL,JFK,OH-A129,A350,2025-05-31 08:08:00,53,None,0,False,264
FL003387,2025-05-31,HEL,CPH,OH-A146,A320,2025-05-31 10:45:00,337,None,0,False,173
FL003388,2025-05-31,HEL,FCO,OH-A102,E190,2025-05-31 19:13:00,340,None,0,False,96
FL003389,2025-05-31,HEL,CPH,OH-A128,A321,2025-05-31 14:28:00,459,None,0,False,181
FL003390,2025-05-31,HEL,ARN,OH-A121,A320,2025-05-31 09:59:00,230,None,0,False,99
FL003391,2025-05-31,HEL,ARN,OH-A117,A321,2025-05-31 10:35:00,67,Crew,31,False,188
FL003392,2025-05-31,HEL,JFK,OH-A119,A350,2025-05-31 18:24:00,609,Weather,96,False,167
FL003393,2025-05-31,HEL,BCN,OH-A140,A320,2025-05-31 18:39:00,335,Weather,21,False,165
FL003394,2025-05-31,HEL,MAD,OH-A119,A350,2025-05-31 11:38:00,339,None,0,False,213
FL003395,2025-05-31,HEL,OSL,OH-A118,A350,2025-05-31 13:05:00,531,None,0,False,258
FL003396,2025-05-31,HEL,NRT,OH-A135,A321,2025-05-31 16:47:00,118,None,0,False,124
FL003397,2025-05-31,HEL,JFK,OH-A108,A321,2025-05-31 15:01:00,597,None,0,False,140
FL003398,2025-06-01,HEL,AMS,OH-A103,A350,2025-06-01 13:11:00,440,None,0,False,252
FL003399,2025-06-01,HEL,ARN,OH-A131,E190,2025-06-01 17:10:00,195,None,0,False,79
FL003400,2025-06-01,HEL,CDG,OH-A134,A320,2025-06-01 05:49:00,53,None,0,False,107
FL003401,2025-06-01,HEL,AMS,OH-A138,A321,2025-06-01 06:25:00,366,Late Aircraft,61,False,152
FL003402,2025-06-01,HEL,CPH,OH-A111,E190,2025-06-01 18:05:00,284,None,0,False,74
FL003403,2025-06-01,HEL,BCN,OH-A105,E190,2025-06-01 06:42:00,430,None,0,False,84
FL003404,2025-06-01,HEL,MAD,OH-A144,A350,2025-06-01 18:48:00,211,Ground Handling,43,False,275
FL003405,2025-06-01,HEL,BKK,OH-A113,A350,2025-06-01 16:55:00,512,None,0,False,229
FL003406,2025-06-01,HEL,AMS,OH-A101,A320,2025-06-01 13:47:00,279,None,0,False,111
FL003407,2025-06-01,HEL,LHR,OH-A105,E190,2025-06-01 17:41:00,95,None,0,False,100
FL003408,2025-06-01,HEL,JFK,OH-A106,A350,2025-06-01 08:34:00,428,Weather,23,False,178
FL003409,2025-06-01,HEL,CDG,OH-A134,A320,2025-06-01 09:04:00,348,ATC,60,False,171
FL003410,2025-06-01,HEL,BCN,OH-A145,A350,2025-06-01 09:23:00,342,Technical,37,False,287
FL003411,2025-06-01,HEL,FCO,OH-A146,A320,2025-06-01 08:09:00,262,None,0,False,116
FL003412,2025-06-01,HEL,NRT,OH-A131,E190,2025-06-01 05:11:00,402,Technical,56,False,73
FL003413,2025-06-01,HEL,CDG,OH-A122,E190,2025-06-01 18:21:00,338,None,0,False,88
FL003414,2025-06-01,HEL,BCN,OH-A136,A321,2025-06-01 06:30:00,380,Crew,18,False,128
FL003415,2025-06-01,HEL,CPH,OH-A128,A321,2025-06-01 18:30:00,157,Ground Handling,34,False,189
FL003416,2025-06-01,HEL,FCO,OH-A144,A350,2025-06-01 20:40:00,102,None,0,False,251
FL003417,2025-06-01,HEL,ARN,OH-A116,A320,2025-06-01 21:11:00,238,None,0,False,132
FL003418,2025-06-01,HEL,MAD,OH-A118,A350,2025-06-01 21:54:00,139,None,0,False,229
FL003419,2025-06-01,HEL,OSL,OH-A146,A320,2025-06-01 13:47:00,108,None,0,False,107
FL003420,2025-06-01,HEL,FRA,OH-A107,A350,2025-06-01 07:28:00,406,None,0,False,213
FL003421,2025-06-02,HEL,AMS,OH-A129,A350,2025-06-02 21:06:00,587,Ground Handling,5,False,257
FL003422,2025-06-02,HEL,LHR,OH-A136,A321,2025-06-02 15:51:00,462,ATC,61,False,176
FL003423,2025-06-02,HEL,OSL,OH-A144,A350,2025-06-02 21:03:00,379,Ground Handling,41,False,176
FL003424,2025-06-02,HEL,MAD,OH-A126,A320,2025-06-02 14:37:00,158,None,0,False,136
FL003425,2025-06-02,HEL,JFK,OH-A122,E190,2025-06-02 09:06:00,392,None,0,False,77
FL003426,2025-06-02,HEL,MUC,OH-A145,A350,2025-06-02 20:19:00,310,ATC,33,False,277
FL003427,2025-06-02,HEL,FRA,OH-A127,A321,2025-06-02 18:00:00,66,Late Aircraft,34,False,202
FL003428,2025-06-02,HEL,MAD,OH-A144,A350,2025-06-02 14:43:00,289,Late Aircraft,20,False,183
FL003429,2025-06-02,HEL,NRT,OH-A125,A321,2025-06-02 11:09:00,127,ATC,26,False,161
FL003430,2025-06-02,HEL,BKK,OH-A129,A350,2025-06-02 17:59:00,342,None,0,False,168
FL003431,2025-06-02,HEL,OSL,OH-A130,A350,2025-06-02 05:12:00,46,None,0,False,184
FL003432,2025-06-02,HEL,FRA,OH-A123,E190,2025-06-02 05:07:00,242,Weather,5,False,56
FL003433,2025-06-02,HEL,NRT,OH-A128,A321,2025-06-02 05:37:00,366,None,0,False,155
FL003434,2025-06-02,HEL,BCN,OH-A143,A321,2025-06-02 14:40:00,374,None,0,False,167
FL003435,2025-06-02,HEL,JFK,OH-A107,A350,2025-06-02 21:13:00,327,None,0,False,224
FL003436,2025-06-02,HEL,BKK,OH-A140,A320,2025-06-02 20:06:00,461,ATC,76,False,105
FL003437,2025-06-02,HEL,CPH,OH-A109,A320,2025-06-02 14:57:00,252,Ground Handling,90,False,169
FL003438,2025-06-02,HEL,BCN,OH-A117,A321,2025-06-02 17:35:00,573,ATC,52,False,176
FL003439,2025-06-02,HEL,MUC,OH-A123,E190,2025-06-02 15:22:00,425,Late Aircraft,14,False,68
FL003440,2025-06-02,HEL,LHR,OH-A144,A350,2025-06-02 10:45:00,48,Weather,42,False,237
FL003441,2025-06-02,HEL,MAD,OH-A133,A320,2025-06-02 12:29:00,419,Weather,36,False,116
FL003442,2025-06-02,HEL,CPH,OH-A128,A321,2025-06-02 13:38:00,543,None,0,False,160
FL003443,2025-06-02,HEL,FRA,OH-A131,E190,2025-06-02 11:58:00,243,None,0,False,95
FL003444,2025-06-02,HEL,AMS,OH-A136,A321,2025-06-02 13:00:00,217,Technical,39,False,177
FL003445,2025-06-02,HEL,AMS,OH-A118,A350,2025-06-02 18:09:00,104,None,0,False,184
FL003446,2025-06-03,HEL,MUC,OH-A105,E190,2025-06-03 19:50:00,193,None,0,False,66
FL003447,2025-06-03,HEL,OSL,OH-A127,A321,2025-06-03 05:59:00,287,None,0,False,181
FL003448,2025-06-03,HEL,ARN,OH-A132,A321,2025-06-03 12:53:00,166,Ground Handling,60,False,203
FL003449,2025-06-03,HEL,ARN,OH-A132,A321,2025-06-03 06:00:00,177,None,0,False,115
FL003450,2025-06-03,HEL,BCN,OH-A110,A320,2025-06-03 05:38:00,558,None,0,False,132
FL003451,2025-06-03,HEL,FCO,OH-A125,A321,2025-06-03 09:26:00,556,Weather,36,False,139
FL003452,2025-06-03,HEL,JFK,OH-A137,A320,2025-06-03 07:39:00,510,None,0,False,148
FL003453,2025-06-03,HEL,JFK,OH-A109,A320,2025-06-03 06:16:00,357,Technical,41,False,106
FL003454,2025-06-03,HEL,AMS,OH-A144,A350,2025-06-03 12:23:00,557,None,0,True,175
FL003455,2025-06-03,HEL,ARN,OH-A125,A321,2025-06-03 19:37:00,368,None,0,False,135
FL003456,2025-06-03,HEL,LHR,OH-A121,A320,2025-06-03 20:11:00,616,None,0,False,114
FL003457,2025-06-03,HEL,JFK,OH-A122,E190,2025-06-03 11:20:00,361,None,0,False,96
FL003458,2025-06-03,HEL,FCO,OH-A136,A321,2025-06-03 12:20:00,581,None,0,False,166
FL003459,2025-06-03,HEL,MUC,OH-A100,A350,2025-06-03 06:55:00,231,None,0,False,201
FL003460,2025-06-03,HEL,ARN,OH-A139,A350,2025-06-03 17:31:00,270,Weather,83,False,257
FL003461,2025-06-03,HEL,FCO,OH-A112,A350,2025-06-03 07:28:00,582,None,0,False,273
FL003462,2025-06-03,HEL,JFK,OH-A104,A321,2025-06-03 10:46:00,200,None,0,False,169
FL003463,2025-06-03,HEL,LHR,OH-A128,A321,2025-06-03 18:22:00,569,None,0,False,175
FL003464,2025-06-03,HEL,JFK,OH-A104,A321,2025-06-03 19:36:00,294,None,0,False,147
FL003465,2025-06-03,HEL,BCN,OH-A146,A320,2025-06-03 20:58:00,387,Crew,27,False,98
FL003466,2025-06-03,HEL,NRT,OH-A110,A320,2025-06-03 08:06:00,124,ATC,12,False,135
FL003467,2025-06-03,HEL,BCN,OH-A140,A320,2025-06-03 15:45:00,286,None,0,False,152
FL003468,2025-06-03,HEL,CPH,OH-A122,E190,2025-06-03 18:03:00,206,None,0,False,89
FL003469,2025-06-03,HEL,MAD,OH-A132,A321,2025-06-03 10:18:00,453,ATC,107,False,149
FL003470,2025-06-04,HEL,MAD,OH-A135,A321,2025-06-04 20:24:00,75,Ground Handling,58,False,137
FL003471,2025-06-04,HEL,AMS,OH-A107,A350,2025-06-04 06:00:00,426,None,0,False,193
FL003472,2025-06-04,HEL,BCN,OH-A105,E190,2025-06-04 12:54:00,613,None,0,False,72
FL003473,2025-06-04,HEL,ARN,OH-A119,A350,2025-06-04 10:24:00,506,None,0,False,271
FL003474,2025-06-04,HEL,OSL,OH-A112,A350,2025-06-04 05:20:00,570,Ground Handling,34,False,229
FL003475,2025-06-04,HEL,MUC,OH-A127,A321,2025-06-04 15:06:00,96,None,0,False,121
FL003476,2025-06-04,HEL,BKK,OH-A145,A350,2025-06-04 13:38:00,506,None,0,False,264
FL003477,2025-06-04,HEL,FCO,OH-A122,E190,2025-06-04 15:51:00,60,None,0,False,95
FL003478,2025-06-04,HEL,AMS,OH-A107,A350,2025-06-04 21:32:00,512,None,0,False,231
FL003479,2025-06-04,HEL,BKK,OH-A101,A320,2025-06-04 18:00:00,489,None,0,False,137
FL003480,2025-06-04,HEL,LHR,OH-A117,A321,2025-06-04 15:33:00,213,None,0,False,152
FL003481,2025-06-04,HEL,NRT,OH-A138,A321,2025-06-04 07:06:00,442,None,0,False,117
FL003482,2025-06-04,HEL,AMS,OH-A112,A350,2025-06-04 14:54:00,120,Crew,47,False,192
FL003483,2025-06-04,HEL,CPH,OH-A126,A320,2025-06-04 10:57:00,270,Technical,8,False,149
FL003484,2025-06-04,HEL,ARN,OH-A106,A350,2025-06-04 17:29:00,492,None,0,False,248
FL003485,2025-06-04,HEL,BKK,OH-A106,A350,2025-06-04 05:40:00,384,Weather,17,False,282
FL003486,2025-06-04,HEL,BCN,OH-A141,A350,2025-06-04 11:32:00,106,None,0,False,291
FL003487,2025-06-04,HEL,OSL,OH-A113,A350,2025-06-04 16:47:00,489,None,0,False,195
FL003488,2025-06-04,HEL,BKK,OH-A109,A320,2025-06-04 19:04:00,365,ATC,41,False,155
FL003489,2025-06-04,HEL,ARN,OH-A147,A321,2025-06-04 07:24:00,498,Technical,5,False,157
FL003490,2025-06-04,HEL,CDG,OH-A114,A320,2025-06-04 10:02:00,255,None,0,False,124
FL003491,2025-06-05,HEL,MAD,OH-A110,A320,2025-06-05 18:34:00,45,None,0,False,145
FL003492,2025-06-05,HEL,BKK,OH-A144,A350,2025-06-05 20:09:00,235,None,0,False,180
FL003493,2025-06-05,HEL,JFK,OH-A113,A350,2025-06-05 13:45:00,531,Weather,56,False,180
FL003494,2025-06-05,HEL,LHR,OH-A134,A320,2025-06-05 06:38:00,608,Crew,87,False,118
FL003495,2025-06-05,HEL,MUC,OH-A125,A321,2025-06-05 19:37:00,336,Ground Handling,17,False,117
FL003496,2025-06-05,HEL,ARN,OH-A141,A350,2025-06-05 21:47:00,488,None,0,False,262
FL003497,2025-06-05,HEL,AMS,OH-A141,A350,2025-06-05 05:03:00,380,None,0,False,286
FL003498,2025-06-05,HEL,LHR,OH-A125,A321,2025-06-05 17:27:00,164,None,0,False,198
FL003499,2025-06-05,HEL,MUC,OH-A113,A350,2025-06-05 19:00:00,345,None,0,False,256
FL003500,2025-06-05,HEL,AMS,OH-A146,A320,2025-06-05 18:16:00,390,None,0,False,112
FL003501,2025-06-05,HEL,MAD,OH-A128,A321,2025-06-05 21:47:00,416,None,0,False,189
FL003502,2025-06-05,HEL,MUC,OH-A115,A321,2025-06-05 16:58:00,602,None,0,False,130
FL003503,2025-06-05,HEL,BKK,OH-A144,A350,2025-06-05 07:47:00,163,Ground Handling,72,False,164
FL003504,2025-06-05,HEL,ARN,OH-A144,A350,2025-06-05 16:11:00,198,None,0,False,297
FL003505,2025-06-05,HEL,BKK,OH-A108,A321,2025-06-05 19:51:00,557,None,0,False,125
FL003506,2025-06-05,HEL,JFK,OH-A103,A350,2025-06-05 16:48:00,511,Ground Handling,62,False,203
FL003507,2025-06-05,HEL,MAD,OH-A111,E190,2025-06-05 07:03:00,458,ATC,71,False,72
FL003508,2025-06-05,HEL,JFK,OH-A117,A321,2025-06-05 21:55:00,314,None,0,False,114
FL003509,2025-06-05,HEL,ARN,OH-A144,A350,2025-06-05 21:29:00,307,None,0,False,164
FL003510,2025-06-06,HEL,OSL,OH-A138,A321,2025-06-06 17:10:00,259,None,0,False,148
FL003511,2025-06-06,HEL,AMS,OH-A144,A350,2025-06-06 20:39:00,540,Weather,50,False,167
FL003512,2025-06-06,HEL,ARN,OH-A140,A320,2025-06-06 14:53:00,88,None,0,False,139
FL003513,2025-06-06,HEL,ARN,OH-A134,A320,2025-06-06 12:43:00,602,None,0,False,103
FL003514,2025-06-06,HEL,FCO,OH-A109,A320,2025-06-06 21:58:00,340,None,0,False,116
FL003515,2025-06-06,HEL,FCO,OH-A112,A350,2025-06-06 15:01:00,543,None,0,False,239
FL003516,2025-06-06,HEL,NRT,OH-A100,A350,2025-06-06 05:47:00,566,None,0,False,282
FL003517,2025-06-06,HEL,MAD,OH-A126,A320,2025-06-06 10:06:00,132,Crew,28,False,111
FL003518,2025-06-06,HEL,BCN,OH-A115,A321,2025-06-06 18:44:00,547,Technical,12,False,183
FL003519,2025-06-06,HEL,CPH,OH-A146,A320,2025-06-06 14:06:00,589,None,0,False,111
FL003520,2025-06-06,HEL,FCO,OH-A102,E190,2025-06-06 21:07:00,517,None,0,False,58
FL003521,2025-06-06,HEL,LHR,OH-A116,A320,2025-06-06 11:53:00,224,None,0,False,114
FL003522,2025-06-06,HEL,CPH,OH-A137,A320,2025-06-06 11:48:00,209,None,0,False,127
FL003523,2025-06-06,HEL,FCO,OH-A117,A321,2025-06-06 11:38:00,501,ATC,5,False,131
FL003524,2025-06-06,HEL,BCN,OH-A136,A321,2025-06-06 15:13:00,342,Weather,31,False,120
FL003525,2025-06-06,HEL,OSL,OH-A103,A350,2025-06-06 08:32:00,50,None,0,False,194
FL003526,2025-06-06,HEL,MUC,OH-A104,A321,2025-06-06 20:53:00,421,None,0,False,192
FL003527,2025-06-06,HEL,MAD,OH-A108,A321,2025-06-06 08:07:00,125,Technical,37,False,148
FL003528,2025-06-06,HEL,FRA,OH-A100,A350,2025-06-06 17:21:00,616,Weather,14,False,190
FL003529,2025-06-06,HEL,FCO,OH-A123,E190,2025-06-06 20:21:00,232,None,0,False,70
FL003530,2025-06-06,HEL,MUC,OH-A124,A350,2025-06-06 09:22:00,228,None,0,False,179
FL003531,2025-06-06,HEL,CDG,OH-A138,A321,2025-06-06 06:46:00,366,None,0,False,114
FL003532,2025-06-06,HEL,LHR,OH-A117,A321,2025-06-06 08:32:00,471,None,0,False,114
FL003533,2025-06-06,HEL,LHR,OH-A146,A320,2025-06-06 17:26:00,420,None,0,False,104
FL003534,2025-06-07,HEL,AMS,OH-A117,A321,2025-06-07 13:59:00,118,None,0,False,166
FL003535,2025-06-07,HEL,BKK,OH-A147,A321,2025-06-07 08:27:00,95,None,0,False,115
FL003536,2025-06-07,HEL,CDG,OH-A120,A350,2025-06-07 11:46:00,234,None,0,False,180
FL003537,2025-06-07,HEL,MUC,OH-A112,A350,2025-06-07 11:41:00,520,None,0,False,174
FL003538,2025-06-07,HEL,ARN,OH-A142,A350,2025-06-07 20:29:00,538,None,0,False,223
FL003539,2025-06-07,HEL,OSL,OH-A141,A350,2025-06-07 20:46:00,417,Weather,52,False,285
FL003540,2025-06-07,HEL,ARN,OH-A143,A321,2025-06-07 13:37:00,47,ATC,54,False,208
FL003541,2025-06-07,HEL,AMS,OH-A118,A350,2025-06-07 21:27:00,485,None,0,False,288
FL003542,2025-06-07,HEL,BKK,OH-A146,A320,2025-06-07 06:46:00,459,None,0,False,109
FL003543,2025-06-07,HEL,ARN,OH-A140,A320,2025-06-07 13:36:00,613,None,0,False,117
FL003544,2025-06-07,HEL,BKK,OH-A118,A350,2025-06-07 10:28:00,293,None,0,False,238
FL003545,2025-06-07,HEL,NRT,OH-A101,A320,2025-06-07 19:05:00,233,ATC,34,False,158
FL003546,2025-06-07,HEL,ARN,OH-A107,A350,2025-06-07 14:39:00,247,None,0,False,188
FL003547,2025-06-07,HEL,ARN,OH-A127,A321,2025-06-07 05:01:00,102,None,0,False,160
FL003548,2025-06-07,HEL,NRT,OH-A121,A320,2025-06-07 07:28:00,297,None,0,False,146
FL003549,2025-06-07,HEL,BCN,OH-A126,A320,2025-06-07 14:05:00,266,None,0,False,147
FL003550,2025-06-07,HEL,OSL,OH-A147,A321,2025-06-07 14:56:00,564,None,0,False,201
FL003551,2025-06-07,HEL,BKK,OH-A142,A350,2025-06-07 21:04:00,335,None,0,False,292
FL003552,2025-06-07,HEL,MUC,OH-A105,E190,2025-06-07 18:07:00,352,None,0,False,55
FL003553,2025-06-07,HEL,BCN,OH-A100,A350,2025-06-07 15:14:00,577,None,0,False,191
FL003554,2025-06-07,HEL,MAD,OH-A121,A320,2025-06-07 17:43:00,593,None,0,False,144
FL003555,2025-06-07,HEL,OSL,OH-A135,A321,2025-06-07 20:44:00,519,Technical,81,False,206
FL003556,2025-06-08,HEL,LHR,OH-A127,A321,2025-06-08 20:20:00,374,None,0,False,197
FL003557,2025-06-08,HEL,FRA,OH-A138,A321,2025-06-08 06:48:00,319,Crew,29,False,205
FL003558,2025-06-08,HEL,NRT,OH-A111,E190,2025-06-08 09:53:00,62,None,0,False,82
FL003559,2025-06-08,HEL,BKK,OH-A115,A321,2025-06-08 20:49:00,419,Weather,68,False,168
FL003560,2025-06-08,HEL,CDG,OH-A100,A350,2025-06-08 09:09:00,401,None,0,False,170
FL003561,2025-06-08,HEL,JFK,OH-A105,E190,2025-06-08 18:16:00,166,None,0,False,61
FL003562,2025-06-08,HEL,JFK,OH-A126,A320,2025-06-08 15:48:00,188,None,0,False,127
FL003563,2025-06-08,HEL,OSL,OH-A142,A350,2025-06-08 20:47:00,87,None,0,False,210
FL003564,2025-06-08,HEL,ARN,OH-A127,A321,2025-06-08 10:22:00,460,None,0,False,196
FL003565,2025-06-08,HEL,ARN,OH-A108,A321,2025-06-08 10:37:00,426,None,0,False,158
FL003566,2025-06-08,HEL,OSL,OH-A123,E190,2025-06-08 12:16:00,248,None,0,False,100
FL003567,2025-06-08,HEL,FCO,OH-A102,E190,2025-06-08 09:04:00,466,None,0,False,92
FL003568,2025-06-08,HEL,AMS,OH-A138,A321,2025-06-08 11:58:00,417,None,0,False,143
FL003569,2025-06-08,HEL,MAD,OH-A127,A321,2025-06-08 10:55:00,200,None,0,False,187
FL003570,2025-06-08,HEL,CPH,OH-A145,A350,2025-06-08 06:01:00,437,None,0,False,274
FL003571,2025-06-08,HEL,BCN,OH-A135,A321,2025-06-08 14:49:00,333,None,0,False,209
FL003572,2025-06-08,HEL,FCO,OH-A138,A321,2025-06-08 09:15:00,254,Ground Handling,11,False,200
FL003573,2025-06-08,HEL,BKK,OH-A126,A320,2025-06-08 07:25:00,362,None,0,False,122
FL003574,2025-06-08,HEL,CDG,OH-A110,A320,2025-06-08 21:22:00,597,None,0,False,143
FL003575,2025-06-08,HEL,MUC,OH-A129,A350,2025-06-08 13:00:00,486,None,0,False,167
FL003576,2025-06-08,HEL,FRA,OH-A129,A350,2025-06-08 14:31:00,605,None,0,False,297
FL003577,2025-06-08,HEL,CDG,OH-A103,A350,2025-06-08 07:42:00,513,None,0,False,202
FL003578,2025-06-08,HEL,BCN,OH-A101,A320,2025-06-08 14:14:00,191,None,0,False,148
FL003579,2025-06-08,HEL,MUC,OH-A135,A321,2025-06-08 17:30:00,280,Weather,22,False,156
FL003580,2025-06-08,HEL,JFK,OH-A124,A350,2025-06-08 09:27:00,315,ATC,24,False,171
FL003581,2025-06-08,HEL,ARN,OH-A111,E190,2025-06-08 12:44:00,528,Ground Handling,5,False,83
FL003582,2025-06-08,HEL,LHR,OH-A116,A320,2025-06-08 15:59:00,520,None,0,False,111
FL003583,2025-06-09,HEL,FCO,OH-A123,E190,2025-06-09 15:34:00,500,None,0,False,85
FL003584,2025-06-09,HEL,CPH,OH-A119,A350,2025-06-09 21:01:00,527,ATC,24,False,262
FL003585,2025-06-09,HEL,NRT,OH-A132,A321,2025-06-09 17:50:00,46,None,0,False,206
FL003586,2025-06-09,HEL,JFK,OH-A107,A350,2025-06-09 17:55:00,132,Weather,22,False,175
FL003587,2025-06-09,HEL,FRA,OH-A136,A321,2025-06-09 21:05:00,538,None,0,False,174
FL003588,2025-06-09,HEL,OSL,OH-A116,A320,2025-06-09 15:37:00,170,None,0,False,110
FL003589,2025-06-09,HEL,AMS,OH-A137,A320,2025-06-09 14:12:00,349,None,0,False,131
FL003590,2025-06-09,HEL,BCN,OH-A106,A350,2025-06-09 11:09:00,561,None,0,False,254
FL003591,2025-06-09,HEL,BCN,OH-A102,E190,2025-06-09 19:59:00,475,ATC,35,False,87
FL003592,2025-06-09,HEL,CDG,OH-A104,A321,2025-06-09 18:46:00,438,ATC,5,False,157
FL003593,2025-06-09,HEL,CPH,OH-A117,A321,2025-06-09 09:14:00,493,None,0,False,208
FL003594,2025-06-09,HEL,BCN,OH-A132,A321,2025-06-09 12:59:00,582,None,0,False,184
FL003595,2025-06-09,HEL,MAD,OH-A138,A321,2025-06-09 15:00:00,483,None,0,False,194
FL003596,2025-06-09,HEL,LHR,OH-A100,A350,2025-06-09 15:29:00,295,None,0,False,163
FL003597,2025-06-09,HEL,BCN,OH-A147,A321,2025-06-09 11:51:00,539,None,0,False,177
FL003598,2025-06-09,HEL,MUC,OH-A147,A321,2025-06-09 19:33:00,530,None,0,False,123
FL003599,2025-06-09,HEL,MUC,OH-A107,A350,2025-06-09 17:10:00,369,None,0,False,241
FL003600,2025-06-09,HEL,ARN,OH-A126,A320,2025-06-09 20:28:00,476,None,0,False,161
FL003601,2025-06-09,HEL,CDG,OH-A145,A350,2025-06-09 07:24:00,102,None,0,False,251
FL003602,2025-06-09,HEL,AMS,OH-A111,E190,2025-06-09 08:00:00,231,None,0,False,78
FL003603,2025-06-09,HEL,JFK,OH-A124,A350,2025-06-09 19:18:00,77,None,0,False,246
FL003604,2025-06-09,HEL,JFK,OH-A119,A350,2025-06-09 05:35:00,277,None,0,False,214
FL003605,2025-06-09,HEL,NRT,OH-A129,A350,2025-06-09 10:56:00,213,None,0,False,237
FL003606,2025-06-09,HEL,FRA,OH-A111,E190,2025-06-09 20:58:00,481,None,0,False,88
FL003607,2025-06-09,HEL,CDG,OH-A109,A320,2025-06-09 18:51:00,265,None,0,False,101
FL003608,2025-06-10,HEL,BCN,OH-A146,A320,2025-06-10 19:48:00,76,Weather,43,False,97
FL003609,2025-06-10,HEL,AMS,OH-A142,A350,2025-06-10 07:46:00,450,None,0,False,288
FL003610,2025-06-10,HEL,JFK,OH-A115,A321,2025-06-10 12:21:00,52,Technical,45,False,167
FL003611,2025-06-10,HEL,NRT,OH-A104,A321,2025-06-10 19:24:00,206,None,0,False,193
FL003612,2025-06-10,HEL,ARN,OH-A128,A321,2025-06-10 11:33:00,328,None,0,False,185
FL003613,2025-06-10,HEL,BKK,OH-A116,A320,2025-06-10 08:24:00,338,None,0,False,119
FL003614,2025-06-10,HEL,LHR,OH-A110,A320,2025-06-10 08:47:00,493,None,0,False,116
FL003615,2025-06-10,HEL,JFK,OH-A124,A350,2025-06-10 16:17:00,245,None,0,False,223
FL003616,2025-06-10,HEL,JFK,OH-A118,A350,2025-06-10 09:31:00,599,Weather,5,False,187
FL003617,2025-06-10,HEL,MUC,OH-A128,A321,2025-06-10 15:46:00,484,None,0,False,147
FL003618,2025-06-10,HEL,NRT,OH-A120,A350,2025-06-10 12:15:00,538,ATC,8,False,225
FL003619,2025-06-10,HEL,JFK,OH-A112,A350,2025-06-10 09:09:00,369,Technical,45,True,209
FL003620,2025-06-10,HEL,MUC,OH-A100,A350,2025-06-10 21:37:00,118,None,0,False,244
FL003621,2025-06-10,HEL,OSL,OH-A144,A350,2025-06-10 10:58:00,90,Technical,68,False,166
FL003622,2025-06-10,HEL,FRA,OH-A137,A320,2025-06-10 21:25:00,559,None,0,False,99
FL003623,2025-06-10,HEL,NRT,OH-A139,A350,2025-06-10 11:51:00,595,None,0,False,203
FL003624,2025-06-10,HEL,OSL,OH-A140,A320,2025-06-10 17:15:00,296,Ground Handling,15,False,159
FL003625,2025-06-10,HEL,BKK,OH-A124,A350,2025-06-10 15:33:00,198,None,0,False,169
FL003626,2025-06-10,HEL,OSL,OH-A127,A321,2025-06-10 08:47:00,538,None,0,False,131
FL003627,2025-06-10,HEL,MAD,OH-A101,A320,2025-06-10 16:54:00,590,None,0,False,138
FL003628,2025-06-10,HEL,BCN,OH-A133,A320,2025-06-10 08:39:00,228,Ground Handling,80,False,131
FL003629,2025-06-10,HEL,OSL,OH-A119,A350,2025-06-10 06:20:00,270,Technical,45,False,226
FL003630,2025-06-10,HEL,FRA,OH-A147,A321,2025-06-10 07:04:00,137,Weather,63,False,143
FL003631,2025-06-10,HEL,OSL,OH-A108,A321,2025-06-10 17:17:00,95,None,0,False,192
FL003632,2025-06-10,HEL,AMS,OH-A121,A320,2025-06-10 15:47:00,77,ATC,53,False,120
FL003633,2025-06-11,HEL,CDG,OH-A102,E190,2025-06-11 11:47:00,337,None,0,False,97
FL003634,2025-06-11,HEL,FRA,OH-A122,E190,2025-06-11 08:04:00,234,None,0,False,73
FL003635,2025-06-11,HEL,BKK,OH-A133,A320,2025-06-11 19:51:00,361,None,0,False,167
FL003636,2025-06-11,HEL,CDG,OH-A138,A321,2025-06-11 19:50:00,176,None,0,False,190
FL003637,2025-06-11,HEL,FRA,OH-A110,A320,2025-06-11 08:12:00,217,None,0,False,100
FL003638,2025-06-11,HEL,BKK,OH-A113,A350,2025-06-11 18:41:00,558,Late Aircraft,5,False,198
FL003639,2025-06-11,HEL,OSL,OH-A120,A350,2025-06-11 17:15:00,270,Crew,66,False,187
FL003640,2025-06-11,HEL,LHR,OH-A120,A350,2025-06-11 14:11:00,71,None,0,False,203
FL003641,2025-06-11,HEL,FRA,OH-A130,A350,2025-06-11 08:44:00,339,None,0,False,289
FL003642,2025-06-11,HEL,AMS,OH-A106,A350,2025-06-11 11:15:00,482,Crew,48,False,241
FL003643,2025-06-11,HEL,CDG,OH-A118,A350,2025-06-11 13:16:00,143,None,0,False,297
FL003644,2025-06-11,HEL,FCO,OH-A105,E190,2025-06-11 16:44:00,167,Crew,35,False,90
FL003645,2025-06-11,HEL,FRA,OH-A130,A350,2025-06-11 15:18:00,291,None,0,False,275
FL003646,2025-06-11,HEL,AMS,OH-A112,A350,2025-06-11 19:58:00,180,None,0,False,223
FL003647,2025-06-11,HEL,FRA,OH-A142,A350,2025-06-11 14:32:00,157,Crew,14,False,217
FL003648,2025-06-11,HEL,NRT,OH-A110,A320,2025-06-11 06:32:00,178,None,0,False,130
FL003649,2025-06-11,HEL,BKK,OH-A129,A350,2025-06-11 06:02:00,438,None,0,False,183
FL003650,2025-06-11,HEL,LHR,OH-A103,A350,2025-06-11 21:38:00,406,None,0,False,275
FL003651,2025-06-11,HEL,ARN,OH-A121,A320,2025-06-11 14:32:00,328,None,0,False,152
FL003652,2025-06-11,HEL,ARN,OH-A124,A350,2025-06-11 12:22:00,496,Weather,15,False,234
FL003653,2025-06-11,HEL,FRA,OH-A126,A320,2025-06-11 13:11:00,89,None,0,False,102
FL003654,2025-06-11,HEL,BCN,OH-A100,A350,2025-06-11 16:06:00,412,None,0,False,193
FL003655,2025-06-12,HEL,CDG,OH-A146,A320,2025-06-12 15:43:00,389,None,0,False,118
FL003656,2025-06-12,HEL,OSL,OH-A124,A350,2025-06-12 07:31:00,488,ATC,52,False,286
FL003657,2025-06-12,HEL,FCO,OH-A108,A321,2025-06-12 16:03:00,103,None,0,False,123
FL003658,2025-06-12,HEL,LHR,OH-A123,E190,2025-06-12 13:42:00,132,None,0,False,77
FL003659,2025-06-12,HEL,BCN,OH-A143,A321,2025-06-12 10:16:00,354,None,0,False,114
FL003660,2025-06-12,HEL,AMS,OH-A123,E190,2025-06-12 14:13:00,506,Crew,35,False,87
FL003661,2025-06-12,HEL,CPH,OH-A121,A320,2025-06-12 18:41:00,275,None,0,False,172
FL003662,2025-06-12,HEL,NRT,OH-A123,E190,2025-06-12 21:34:00,587,None,0,False,98
FL003663,2025-06-12,HEL,MAD,OH-A108,A321,2025-06-12 18:54:00,292,None,0,False,161
FL003664,2025-06-12,HEL,LHR,OH-A126,A320,2025-06-12 15:47:00,151,None,0,False,156
FL003665,2025-06-12,HEL,NRT,OH-A135,A321,2025-06-12 11:30:00,420,ATC,34,False,186
FL003666,2025-06-12,HEL,MAD,OH-A135,A321,2025-06-12 06:02:00,190,None,0,False,209
FL003667,2025-06-12,HEL,JFK,OH-A139,A350,2025-06-12 09:04:00,333,None,0,False,216
FL003668,2025-06-12,HEL,OSL,OH-A102,E190,2025-06-12 06:08:00,182,ATC,5,False,97
FL003669,2025-06-12,HEL,ARN,OH-A144,A350,2025-06-12 08:50:00,284,ATC,34,False,215
FL003670,2025-06-12,HEL,ARN,OH-A116,A320,2025-06-12 06:28:00,279,Ground Handling,74,False,101
FL003671,2025-06-12,HEL,MUC,OH-A117,A321,2025-06-12 11:33:00,110,None,0,False,176
FL003672,2025-06-12,HEL,JFK,OH-A144,A350,2025-06-12 08:52:00,348,None,0,False,180
FL003673,2025-06-12,HEL,NRT,OH-A110,A320,2025-06-12 10:26:00,461,None,0,False,161
FL003674,2025-06-13,HEL,LHR,OH-A135,A321,2025-06-13 12:03:00,489,None,0,False,172
FL003675,2025-06-13,HEL,FCO,OH-A117,A321,2025-06-13 11:50:00,271,None,0,False,200
FL003676,2025-06-13,HEL,NRT,OH-A140,A320,2025-06-13 10:39:00,571,None,0,False,139
FL003677,2025-06-13,HEL,MUC,OH-A110,A320,2025-06-13 07:49:00,510,None,0,False,144
FL003678,2025-06-13,HEL,BKK,OH-A140,A320,2025-06-13 15:40:00,574,None,0,False,165
FL003679,2025-06-13,HEL,FCO,OH-A117,A321,2025-06-13 13:39:00,548,Late Aircraft,5,False,124
FL003680,2025-06-13,HEL,FCO,OH-A119,A350,2025-06-13 15:43:00,482,None,0,False,250
FL003681,2025-06-13,HEL,BKK,OH-A141,A350,2025-06-13 16:27:00,204,Crew,35,False,255
FL003682,2025-06-13,HEL,CPH,OH-A130,A350,2025-06-13 05:54:00,432,None,0,False,201
FL003683,2025-06-13,HEL,LHR,OH-A108,A321,2025-06-13 19:18:00,411,Crew,58,False,171
FL003684,2025-06-13,HEL,FRA,OH-A117,A321,2025-06-13 15:20:00,504,None,0,False,208
FL003685,2025-06-13,HEL,BCN,OH-A130,A350,2025-06-13 13:33:00,483,None,0,False,286
FL003686,2025-06-13,HEL,BKK,OH-A129,A350,2025-06-13 08:50:00,113,Crew,58,False,266
FL003687,2025-06-13,HEL,CPH,OH-A137,A320,2025-06-13 20:10:00,83,ATC,24,False,142
FL003688,2025-06-13,HEL,LHR,OH-A140,A320,2025-06-13 09:46:00,356,Crew,64,False,166
FL003689,2025-06-13,HEL,CDG,OH-A114,A320,2025-06-13 05:09:00,532,None,0,False,169
FL003690,2025-06-13,HEL,MAD,OH-A134,A320,2025-06-13 07:10:00,365,None,0,False,148
FL003691,2025-06-13,HEL,BKK,OH-A123,E190,2025-06-13 21:21:00,176,None,0,True,96
FL003692,2025-06-13,HEL,BKK,OH-A114,A320,2025-06-13 16:07:00,357,Crew,29,False,145
FL003693,2025-06-14,HEL,NRT,OH-A125,A321,2025-06-14 05:30:00,113,None,0,False,131
FL003694,2025-06-14,HEL,MAD,OH-A126,A320,2025-06-14 19:13:00,542,Weather,32,False,160
FL003695,2025-06-14,HEL,MUC,OH-A140,A320,2025-06-14 08:22:00,272,Weather,51,False,153
FL003696,2025-06-14,HEL,AMS,OH-A140,A320,2025-06-14 12:48:00,577,Weather,45,False,116
FL003697,2025-06-14,HEL,LHR,OH-A101,A320,2025-06-14 12:35:00,267,Technical,17,False,131
FL003698,2025-06-14,HEL,MUC,OH-A142,A350,2025-06-14 19:27:00,172,ATC,89,False,296
FL003699,2025-06-14,HEL,NRT,OH-A129,A350,2025-06-14 06:20:00,440,None,0,False,292
FL003700,2025-06-14,HEL,FRA,OH-A115,A321,2025-06-14 12:53:00,553,None,0,False,154
FL003701,2025-06-14,HEL,CPH,OH-A112,A350,2025-06-14 13:12:00,407,None,0,False,209
FL003702,2025-06-14,HEL,FRA,OH-A124,A350,2025-06-14 17:37:00,117,None,0,False,193
FL003703,2025-06-14,HEL,CPH,OH-A103,A350,2025-06-14 05:52:00,285,None,0,False,214
FL003704,2025-06-14,HEL,BKK,OH-A115,A321,2025-06-14 14:50:00,263,None,0,False,133
FL003705,2025-06-14,HEL,MUC,OH-A128,A321,2025-06-14 16:27:00,302,Crew,74,False,171
FL003706,2025-06-14,HEL,OSL,OH-A119,A350,2025-06-14 21:58:00,435,None,0,False,210
FL003707,2025-06-14,HEL,BCN,OH-A126,A320,2025-06-14 06:39:00,204,None,0,False,105
FL003708,2025-06-14,HEL,MUC,OH-A134,A320,2025-06-14 18:39:00,442,None,0,False,120
FL003709,2025-06-14,HEL,MUC,OH-A136,A321,2025-06-14 16:44:00,334,None,0,False,162
FL003710,2025-06-14,HEL,BCN,OH-A138,A321,2025-06-14 06:23:00,608,None,0,True,165
FL003711,2025-06-14,HEL,BKK,OH-A109,A320,2025-06-14 05:53:00,149,Ground Handling,43,False,123
FL003712,2025-06-14,HEL,JFK,OH-A110,A320,2025-06-14 16:08:00,614,None,0,False,133
FL003713,2025-06-14,HEL,LHR,OH-A144,A350,2025-06-14 08:08:00,330,None,0,False,292
FL003714,2025-06-14,HEL,LHR,OH-A112,A350,2025-06-14 09:55:00,205,Crew,86,False,271
FL003715,2025-06-14,HEL,BKK,OH-A147,A321,2025-06-14 21:14:00,457,None,0,False,127
FL003716,2025-06-14,HEL,MAD,OH-A146,A320,2025-06-14 17:57:00,329,Weather,75,False,119
FL003717,2025-06-14,HEL,ARN,OH-A116,A320,2025-06-14 17:35:00,275,Weather,55,False,157
FL003718,2025-06-15,HEL,LHR,OH-A120,A350,2025-06-15 05:23:00,62,None,0,False,168
FL003719,2025-06-15,HEL,FCO,OH-A101,A320,2025-06-15 08:50:00,532,None,0,False,127
FL003720,2025-06-15,HEL,ARN,OH-A100,A350,2025-06-15 05:45:00,523,None,0,False,248
FL003721,2025-06-15,HEL,BCN,OH-A104,A321,2025-06-15 05:44:00,364,Crew,17,False,165
FL003722,2025-06-15,HEL,BKK,OH-A124,A350,2025-06-15 06:38:00,174,None,0,False,215
FL003723,2025-06-15,HEL,BKK,OH-A107,A350,2025-06-15 12:40:00,68,Crew,5,False,171
FL003724,2025-06-15,HEL,FCO,OH-A127,A321,2025-06-15 19:08:00,221,None,0,False,143
FL003725,2025-06-15,HEL,FRA,OH-A143,A321,2025-06-15 05:20:00,249,ATC,50,False,194
FL003726,2025-06-15,HEL,JFK,OH-A102,E190,2025-06-15 14:34:00,136,None,0,False,90
FL003727,2025-06-15,HEL,ARN,OH-A122,E190,2025-06-15 07:17:00,556,None,0,False,95
FL003728,2025-06-15,HEL,JFK,OH-A121,A320,2025-06-15 13:37:00,264,None,0,False,113
FL003729,2025-06-15,HEL,OSL,OH-A134,A320,2025-06-15 14:59:00,126,None,0,False,166
FL003730,2025-06-15,HEL,FCO,OH-A144,A350,2025-06-15 18:37:00,74,None,0,False,211
FL003731,2025-06-15,HEL,CDG,OH-A137,A320,2025-06-15 07:43:00,90,Technical,79,False,122
FL003732,2025-06-15,HEL,FCO,OH-A127,A321,2025-06-15 12:39:00,444,None,0,False,176
FL003733,2025-06-15,HEL,BCN,OH-A142,A350,2025-06-15 13:15:00,61,None,0,False,222
FL003734,2025-06-15,HEL,BKK,OH-A139,A350,2025-06-15 15:51:00,311,Technical,22,False,187
FL003735,2025-06-15,HEL,JFK,OH-A134,A320,2025-06-15 06:11:00,577,None,0,False,117
FL003736,2025-06-15,HEL,NRT,OH-A107,A350,2025-06-15 16:42:00,358,Crew,20,False,190
FL003737,2025-06-15,HEL,OSL,OH-A112,A350,2025-06-15 21:22:00,349,Weather,48,False,204
FL003738,2025-06-15,HEL,AMS,OH-A135,A321,2025-06-15 12:43:00,393,None,0,False,158
FL003739,2025-06-16,HEL,AMS,OH-A123,E190,2025-06-16 19:44:00,196,None,0,False,59
FL003740,2025-06-16,HEL,FCO,OH-A125,A321,2025-06-16 18:44:00,263,None,0,False,188
FL003741,2025-06-16,HEL,FRA,OH-A116,A320,2025-06-16 21:55:00,518,Crew,5,False,97
FL003742,2025-06-16,HEL,AMS,OH-A111,E190,2025-06-16 06:49:00,566,Late Aircraft,24,False,70
FL003743,2025-06-16,HEL,OSL,OH-A127,A321,2025-06-16 05:16:00,240,None,0,False,191
FL003744,2025-06-16,HEL,LHR,OH-A130,A350,2025-06-16 09:15:00,119,None,0,False,190
FL003745,2025-06-16,HEL,MAD,OH-A137,A320,2025-06-16 06:47:00,470,None,0,False,143
FL003746,2025-06-16,HEL,LHR,OH-A137,A320,2025-06-16 21:31:00,186,None,0,False,117
FL003747,2025-06-16,HEL,CPH,OH-A106,A350,2025-06-16 16:56:00,164,Weather,47,False,168
FL003748,2025-06-16,HEL,LHR,OH-A137,A320,2025-06-16 19:51:00,246,ATC,21,False,95
FL003749,2025-06-16,HEL,BKK,OH-A129,A350,2025-06-16 11:28:00,295,None,0,False,210
FL003750,2025-06-16,HEL,OSL,OH-A112,A350,2025-06-16 14:55:00,364,None,0,False,200
FL003751,2025-06-16,HEL,OSL,OH-A146,A320,2025-06-16 05:36:00,494,Late Aircraft,33,False,122
FL003752,2025-06-16,HEL,AMS,OH-A108,A321,2025-06-16 07:09:00,220,Technical,8,False,180
FL003753,2025-06-16,HEL,AMS,OH-A101,A320,2025-06-16 20:27:00,473,None,0,False,110
FL003754,2025-06-16,HEL,NRT,OH-A132,A321,2025-06-16 18:34:00,199,Weather,45,False,176
FL003755,2025-06-16,HEL,LHR,OH-A108,A321,2025-06-16 16:17:00,371,None,0,True,157
FL003756,2025-06-16,HEL,AMS,OH-A119,A350,2025-06-16 21:43:00,56,None,0,False,195
FL003757,2025-06-16,HEL,CDG,OH-A117,A321,2025-06-16 12:08:00,391,None,0,False,172
FL003758,2025-06-16,HEL,LHR,OH-A125,A321,2025-06-16 08:30:00,128,Late Aircraft,49,False,150
FL003759,2025-06-16,HEL,CDG,OH-A119,A350,2025-06-16 07:33:00,244,None,0,False,253
FL003760,2025-06-16,HEL,LHR,OH-A130,A350,2025-06-16 18:57:00,289,None,0,False,165
FL003761,2025-06-16,HEL,FCO,OH-A133,A320,2025-06-16 20:48:00,307,ATC,29,False,169
FL003762,2025-06-16,HEL,JFK,OH-A110,A320,2025-06-16 06:10:00,224,None,0,False,143
FL003763,2025-06-16,HEL,OSL,OH-A129,A350,2025-06-16 10:23:00,591,Technical,5,False,204
FL003764,2025-06-17,HEL,LHR,OH-A104,A321,2025-06-17 05:54:00,593,None,0,False,209
FL003765,2025-06-17,HEL,ARN,OH-A117,A321,2025-06-17 12:43:00,576,None,0,False,181
FL003766,2025-06-17,HEL,LHR,OH-A138,A321,2025-06-17 15:37:00,250,Late Aircraft,40,True,132
FL003767,2025-06-17,HEL,LHR,OH-A124,A350,2025-06-17 09:31:00,198,Weather,23,False,185
FL003768,2025-06-17,HEL,NRT,OH-A144,A350,2025-06-17 05:30:00,204,Weather,31,False,192
FL003769,2025-06-17,HEL,FCO,OH-A104,A321,2025-06-17 20:55:00,456,Ground Handling,40,False,199
FL003770,2025-06-17,HEL,CDG,OH-A130,A350,2025-06-17 14:51:00,60,None,0,False,279
FL003771,2025-06-17,HEL,BKK,OH-A141,A350,2025-06-17 15:23:00,603,None,0,False,168
FL003772,2025-06-17,HEL,JFK,OH-A110,A320,2025-06-17 07:48:00,435,Late Aircraft,5,False,158
FL003773,2025-06-17,HEL,LHR,OH-A126,A320,2025-06-17 19:03:00,355,None,0,False,171
FL003774,2025-06-17,HEL,FRA,OH-A103,A350,2025-06-17 12:17:00,286,None,0,False,233
FL003775,2025-06-17,HEL,NRT,OH-A144,A350,2025-06-17 15:47:00,277,Crew,38,False,293
FL003776,2025-06-17,HEL,FRA,OH-A135,A321,2025-06-17 10:13:00,328,Crew,29,False,169
FL003777,2025-06-17,HEL,AMS,OH-A118,A350,2025-06-17 10:07:00,307,None,0,False,178
FL003778,2025-06-17,HEL,NRT,OH-A123,E190,2025-06-17 09:33:00,535,None,0,False,77
FL003779,2025-06-17,HEL,MAD,OH-A120,A350,2025-06-17 12:30:00,475,Technical,61,False,196
FL003780,2025-06-17,HEL,FRA,OH-A130,A350,2025-06-17 09:03:00,294,Ground Handling,55,False,192
FL003781,2025-06-17,HEL,NRT,OH-A105,E190,2025-06-17 15:49:00,340,None,0,False,77
FL003782,2025-06-17,HEL,FCO,OH-A132,A321,2025-06-17 18:32:00,610,None,0,False,175
FL003783,2025-06-17,HEL,CDG,OH-A110,A320,2025-06-17 14:34:00,527,None,0,False,136
FL003784,2025-06-17,HEL,AMS,OH-A142,A350,2025-06-17 05:11:00,211,ATC,39,False,168
FL003785,2025-06-17,HEL,ARN,OH-A104,A321,2025-06-17 15:54:00,386,ATC,21,False,128
FL003786,2025-06-18,HEL,MAD,OH-A119,A350,2025-06-18 17:55:00,517,Weather,5,False,250
FL003787,2025-06-18,HEL,MAD,OH-A115,A321,2025-06-18 11:45:00,441,None,0,False,184
FL003788,2025-06-18,HEL,CPH,OH-A106,A350,2025-06-18 14:16:00,167,None,0,False,203
FL003789,2025-06-18,HEL,CPH,OH-A114,A320,2025-06-18 15:46:00,83,None,0,False,104
FL003790,2025-06-18,HEL,FCO,OH-A143,A321,2025-06-18 06:26:00,140,Crew,52,False,130
FL003791,2025-06-18,HEL,MAD,OH-A114,A320,2025-06-18 18:45:00,508,None,0,False,168
FL003792,2025-06-18,HEL,ARN,OH-A134,A320,2025-06-18 17:01:00,183,Weather,49,False,96
FL003793,2025-06-18,HEL,MAD,OH-A130,A350,2025-06-18 07:07:00,502,Technical,50,False,184
FL003794,2025-06-18,HEL,BKK,OH-A132,A321,2025-06-18 10:42:00,142,None,0,False,115
FL003795,2025-06-18,HEL,FCO,OH-A140,A320,2025-06-18 19:14:00,457,None,0,False,113
FL003796,2025-06-18,HEL,LHR,OH-A115,A321,2025-06-18 17:49:00,212,None,0,False,203
FL003797,2025-06-18,HEL,CDG,OH-A114,A320,2025-06-18 05:06:00,184,None,0,False,174
FL003798,2025-06-18,HEL,FCO,OH-A130,A350,2025-06-18 09:33:00,552,Technical,13,False,202
FL003799,2025-06-18,HEL,AMS,OH-A129,A350,2025-06-18 12:04:00,272,None,0,False,250
FL003800,2025-06-18,HEL,FCO,OH-A124,A350,2025-06-18 16:01:00,217,None,0,False,217
FL003801,2025-06-18,HEL,BKK,OH-A116,A320,2025-06-18 08:49:00,187,Technical,8,False,113
FL003802,2025-06-18,HEL,AMS,OH-A120,A350,2025-06-18 10:02:00,277,None,0,False,246
FL003803,2025-06-18,HEL,BCN,OH-A104,A321,2025-06-18 05:05:00,133,None,0,False,204
FL003804,2025-06-18,HEL,FRA,OH-A120,A350,2025-06-18 08:57:00,510,None,0,False,165
FL003805,2025-06-18,HEL,MUC,OH-A108,A321,2025-06-18 10:22:00,136,None,0,False,152
FL003806,2025-06-18,HEL,CPH,OH-A144,A350,2025-06-18 09:26:00,312,None,0,False,199
FL003807,2025-06-18,HEL,BKK,OH-A123,E190,2025-06-18 05:48:00,335,Technical,54,False,84
FL003808,2025-06-18,HEL,MUC,OH-A145,A350,2025-06-18 14:55:00,541,Weather,26,False,186
FL003809,2025-06-18,HEL,LHR,OH-A126,A320,2025-06-18 10:32:00,492,None,0,False,172
FL003810,2025-06-18,HEL,BCN,OH-A125,A321,2025-06-18 18:48:00,212,None,0,False,134
FL003811,2025-06-19,HEL,FCO,OH-A102,E190,2025-06-19 07:17:00,454,ATC,21,False,56
FL003812,2025-06-19,HEL,BCN,OH-A123,E190,2025-06-19 05:57:00,510,Late Aircraft,25,False,81
FL003813,2025-06-19,HEL,MAD,OH-A137,A320,2025-06-19 16:44:00,449,None,0,False,118
FL003814,2025-06-19,HEL,AMS,OH-A109,A320,2025-06-19 19:08:00,236,None,0,False,166
FL003815,2025-06-19,HEL,CPH,OH-A100,A350,2025-06-19 15:55:00,429,Crew,14,False,268
FL003816,2025-06-19,HEL,CDG,OH-A128,A321,2025-06-19 16:54:00,395,None,0,False,193
FL003817,2025-06-19,HEL,FRA,OH-A111,E190,2025-06-19 07:20:00,346,None,0,False,81
FL003818,2025-06-19,HEL,FRA,OH-A103,A350,2025-06-19 17:48:00,427,None,0,False,211
FL003819,2025-06-19,HEL,NRT,OH-A140,A320,2025-06-19 09:46:00,545,None,0,False,142
FL003820,2025-06-19,HEL,LHR,OH-A109,A320,2025-06-19 06:07:00,427,None,0,False,117
FL003821,2025-06-19,HEL,CDG,OH-A136,A321,2025-06-19 06:21:00,58,None,0,False,174
FL003822,2025-06-19,HEL,OSL,OH-A141,A350,2025-06-19 21:59:00,413,None,0,False,289
FL003823,2025-06-19,HEL,MUC,OH-A104,A321,2025-06-19 16:24:00,338,None,0,False,200
FL003824,2025-06-19,HEL,JFK,OH-A104,A321,2025-06-19 21:22:00,458,None,0,False,162
FL003825,2025-06-19,HEL,NRT,OH-A130,A350,2025-06-19 08:38:00,232,None,0,False,253
FL003826,2025-06-19,HEL,LHR,OH-A128,A321,2025-06-19 17:05:00,508,None,0,False,140
FL003827,2025-06-19,HEL,FRA,OH-A140,A320,2025-06-19 10:42:00,285,Weather,50,False,139
FL003828,2025-06-19,HEL,FCO,OH-A122,E190,2025-06-19 16:21:00,104,None,0,False,74
FL003829,2025-06-20,HEL,NRT,OH-A107,A350,2025-06-20 20:57:00,173,Technical,48,False,201
FL003830,2025-06-20,HEL,MAD,OH-A104,A321,2025-06-20 16:56:00,222,Weather,5,False,128
FL003831,2025-06-20,HEL,JFK,OH-A131,E190,2025-06-20 20:15:00,73,None,0,False,94
FL003832,2025-06-20,HEL,FRA,OH-A144,A350,2025-06-20 20:42:00,524,None,0,False,196
FL003833,2025-06-20,HEL,FRA,OH-A133,A320,2025-06-20 10:28:00,140,None,0,False,139
FL003834,2025-06-20,HEL,FRA,OH-A101,A320,2025-06-20 12:34:00,497,Ground Handling,22,False,110
FL003835,2025-06-20,HEL,FRA,OH-A119,A350,2025-06-20 10:53:00,372,None,0,False,276
FL003836,2025-06-20,HEL,OSL,OH-A116,A320,2025-06-20 19:23:00,137,ATC,26,False,95
FL003837,2025-06-20,HEL,ARN,OH-A130,A350,2025-06-20 13:14:00,227,None,0,False,193
FL003838,2025-06-20,HEL,JFK,OH-A110,A320,2025-06-20 13:55:00,113,None,0,False,95
FL003839,2025-06-20,HEL,MUC,OH-A114,A320,2025-06-20 12:15:00,597,None,0,False,100
FL003840,2025-06-20,HEL,MUC,OH-A142,A350,2025-06-20 16:35:00,512,ATC,7,False,194
FL003841,2025-06-20,HEL,BCN,OH-A111,E190,2025-06-20 14:15:00,577,None,0,False,98
FL003842,2025-06-20,HEL,AMS,OH-A106,A350,2025-06-20 09:38:00,591,None,0,False,225
FL003843,2025-06-20,HEL,NRT,OH-A127,A321,2025-06-20 21:14:00,409,None,0,False,194
FL003844,2025-06-20,HEL,FRA,OH-A114,A320,2025-06-20 07:39:00,460,Weather,33,False,137
FL003845,2025-06-20,HEL,MUC,OH-A141,A350,2025-06-20 13:20:00,86,ATC,35,False,207
FL003846,2025-06-20,HEL,MUC,OH-A113,A350,2025-06-20 21:56:00,461,None,0,False,192
FL003847,2025-06-20,HEL,OSL,OH-A144,A350,2025-06-20 11:17:00,591,None,0,False,193
FL003848,2025-06-20,HEL,OSL,OH-A107,A350,2025-06-20 11:02:00,592,None,0,False,286
FL003849,2025-06-20,HEL,OSL,OH-A139,A350,2025-06-20 05:13:00,189,Crew,13,False,256
FL003850,2025-06-20,HEL,LHR,OH-A136,A321,2025-06-20 20:21:00,208,None,0,False,167
FL003851,2025-06-21,HEL,NRT,OH-A120,A350,2025-06-21 19:54:00,516,Technical,9,False,173
FL003852,2025-06-21,HEL,FCO,OH-A109,A320,2025-06-21 17:18:00,377,None,0,False,121
FL003853,2025-06-21,HEL,OSL,OH-A102,E190,2025-06-21 13:58:00,501,Weather,49,False,58
FL003854,2025-06-21,HEL,CPH,OH-A105,E190,2025-06-21 10:07:00,83,None,0,False,55
FL003855,2025-06-21,HEL,CPH,OH-A143,A321,2025-06-21 21:12:00,182,None,0,False,204
FL003856,2025-06-21,HEL,BCN,OH-A122,E190,2025-06-21 15:54:00,140,Weather,52,False,84
FL003857,2025-06-21,HEL,MAD,OH-A126,A320,2025-06-21 21:19:00,604,None,0,False,116
FL003858,2025-06-21,HEL,JFK,OH-A134,A320,2025-06-21 07:22:00,188,ATC,72,False,112
FL003859,2025-06-21,HEL,CPH,OH-A106,A350,2025-06-21 07:22:00,193,Weather,56,False,274
FL003860,2025-06-21,HEL,LHR,OH-A119,A350,2025-06-21 05:05:00,282,Weather,57,False,205
FL003861,2025-06-21,HEL,CDG,OH-A126,A320,2025-06-21 05:55:00,112,None,0,False,154
FL003862,2025-06-21,HEL,BCN,OH-A123,E190,2025-06-21 10:45:00,97,None,0,False,96
FL003863,2025-06-21,HEL,ARN,OH-A128,A321,2025-06-21 10:56:00,484,Weather,5,False,138
FL003864,2025-06-21,HEL,JFK,OH-A132,A321,2025-06-21 18:19:00,298,None,0,False,149
FL003865,2025-06-21,HEL,CPH,OH-A137,A320,2025-06-21 06:56:00,246,ATC,27,False,143
FL003866,2025-06-21,HEL,MUC,OH-A143,A321,2025-06-21 21:49:00,559,None,0,False,185
FL003867,2025-06-21,HEL,BKK,OH-A112,A350,2025-06-21 09:55:00,539,Crew,31,False,260
FL003868,2025-06-21,HEL,OSL,OH-A102,E190,2025-06-21 08:42:00,528,None,0,False,58
FL003869,2025-06-21,HEL,MAD,OH-A103,A350,2025-06-21 10:50:00,496,Late Aircraft,13,False,204
FL003870,2025-06-21,HEL,MUC,OH-A106,A350,2025-06-21 11:11:00,176,Weather,39,False,178
FL003871,2025-06-21,HEL,JFK,OH-A144,A350,2025-06-21 06:23:00,500,ATC,57,False,210
FL003872,2025-06-21,HEL,BCN,OH-A109,A320,2025-06-21 20:49:00,443,None,0,False,106
FL003873,2025-06-21,HEL,JFK,OH-A117,A321,2025-06-21 19:50:00,163,None,0,False,187
FL003874,2025-06-21,HEL,AMS,OH-A136,A321,2025-06-21 18:09:00,64,Weather,5,False,127
FL003875,2025-06-21,HEL,OSL,OH-A112,A350,2025-06-21 21:56:00,360,None,0,False,207
FL003876,2025-06-21,HEL,MAD,OH-A115,A321,2025-06-21 14:45:00,275,None,0,False,205
FL003877,2025-06-21,HEL,BKK,OH-A132,A321,2025-06-21 08:37:00,379,None,0,False,114
FL003878,2025-06-22,HEL,OSL,OH-A127,A321,2025-06-22 06:53:00,323,Technical,48,False,207
FL003879,2025-06-22,HEL,AMS,OH-A107,A350,2025-06-22 19:31:00,141,None,0,False,223
FL003880,2025-06-22,HEL,CDG,OH-A110,A320,2025-06-22 08:32:00,107,None,0,False,143
FL003881,2025-06-22,HEL,NRT,OH-A126,A320,2025-06-22 18:15:00,543,Weather,41,False,104
FL003882,2025-06-22,HEL,FCO,OH-A121,A320,2025-06-22 06:36:00,58,Technical,95,False,95
FL003883,2025-06-22,HEL,ARN,OH-A139,A350,2025-06-22 19:59:00,242,None,0,False,231
FL003884,2025-06-22,HEL,JFK,OH-A121,A320,2025-06-22 10:33:00,349,Technical,23,False,143
FL003885,2025-06-22,HEL,MAD,OH-A100,A350,2025-06-22 16:54:00,317,None,0,False,224
FL003886,2025-06-22,HEL,ARN,OH-A100,A350,2025-06-22 15:14:00,51,Ground Handling,29,False,295
FL003887,2025-06-22,HEL,FCO,OH-A129,A350,2025-06-22 13:51:00,488,None,0,False,287
FL003888,2025-06-22,HEL,ARN,OH-A137,A320,2025-06-22 20:14:00,436,None,0,False,102
FL003889,2025-06-22,HEL,AMS,OH-A120,A350,2025-06-22 16:11:00,413,None,0,False,188
FL003890,2025-06-22,HEL,OSL,OH-A135,A321,2025-06-22 05:06:00,217,None,0,False,131
FL003891,2025-06-22,HEL,ARN,OH-A111,E190,2025-06-22 11:17:00,312,None,0,False,85
FL003892,2025-06-22,HEL,MUC,OH-A127,A321,2025-06-22 20:05:00,337,None,0,False,122
FL003893,2025-06-22,HEL,MAD,OH-A127,A321,2025-06-22 11:29:00,523,Technical,18,False,177
FL003894,2025-06-22,HEL,FRA,OH-A101,A320,2025-06-22 19:16:00,612,None,0,False,147
FL003895,2025-06-22,HEL,CDG,OH-A116,A320,2025-06-22 11:09:00,384,None,0,False,156
FL003896,2025-06-22,HEL,MUC,OH-A126,A320,2025-06-22 07:09:00,458,None,0,False,130
FL003897,2025-06-22,HEL,OSL,OH-A120,A350,2025-06-22 05:39:00,376,None,0,False,201
FL003898,2025-06-22,HEL,ARN,OH-A143,A321,2025-06-22 18:05:00,288,None,0,False,129
FL003899,2025-06-22,HEL,OSL,OH-A123,E190,2025-06-22 19:23:00,45,None,0,False,79
FL003900,2025-06-22,HEL,ARN,OH-A133,A320,2025-06-22 20:06:00,239,None,0,False,120
FL003901,2025-06-22,HEL,FCO,OH-A106,A350,2025-06-22 20:26:00,314,None,0,False,297
FL003902,2025-06-22,HEL,BCN,OH-A112,A350,2025-06-22 19:10:00,360,ATC,37,False,265
FL003903,2025-06-22,HEL,OSL,OH-A134,A320,2025-06-22 05:44:00,587,Late Aircraft,38,True,169
FL003904,2025-06-23,HEL,FRA,OH-A114,A320,2025-06-23 12:27:00,541,Crew,57,False,134
FL003905,2025-06-23,HEL,FRA,OH-A134,A320,2025-06-23 08:06:00,107,None,0,False,99
FL003906,2025-06-23,HEL,FCO,OH-A123,E190,2025-06-23 05:31:00,555,None,0,False,55
FL003907,2025-06-23,HEL,JFK,OH-A119,A350,2025-06-23 15:33:00,331,None,0,False,254
FL003908,2025-06-23,HEL,CPH,OH-A105,E190,2025-06-23 16:14:00,297,None,0,False,64
FL003909,2025-06-23,HEL,NRT,OH-A109,A320,2025-06-23 07:02:00,313,None,0,False,138
FL003910,2025-06-23,HEL,AMS,OH-A123,E190,2025-06-23 06:40:00,330,None,0,False,100
FL003911,2025-06-23,HEL,FCO,OH-A114,A320,2025-06-23 16:22:00,196,None,0,False,146
FL003912,2025-06-23,HEL,BCN,OH-A110,A320,2025-06-23 21:43:00,195,None,0,False,103
FL003913,2025-06-23,HEL,FRA,OH-A140,A320,2025-06-23 07:20:00,245,None,0,False,141
FL003914,2025-06-23,HEL,OSL,OH-A133,A320,2025-06-23 11:59:00,480,Crew,64,False,172
FL003915,2025-06-23,HEL,OSL,OH-A111,E190,2025-06-23 18:28:00,443,Crew,64,False,92
FL003916,2025-06-23,HEL,FCO,OH-A133,A320,2025-06-23 16:58:00,172,Ground Handling,38,False,173
FL003917,2025-06-23,HEL,CDG,OH-A133,A320,2025-06-23 19:56:00,257,Weather,10,False,102
FL003918,2025-06-23,HEL,LHR,OH-A107,A350,2025-06-23 11:10:00,470,Technical,32,False,295
FL003919,2025-06-23,HEL,ARN,OH-A147,A321,2025-06-23 20:12:00,605,None,0,False,206
FL003920,2025-06-23,HEL,JFK,OH-A105,E190,2025-06-23 13:28:00,123,None,0,False,96
FL003921,2025-06-23,HEL,AMS,OH-A113,A350,2025-06-23 06:48:00,489,Weather,63,False,177
FL003922,2025-06-23,HEL,CDG,OH-A123,E190,2025-06-23 19:23:00,145,None,0,False,64
FL003923,2025-06-23,HEL,AMS,OH-A134,A320,2025-06-23 09:31:00,602,None,0,False,120
FL003924,2025-06-23,HEL,BCN,OH-A111,E190,2025-06-23 16:51:00,92,None,0,False,76
FL003925,2025-06-23,HEL,FRA,OH-A110,A320,2025-06-23 15:05:00,420,None,0,False,125
FL003926,2025-06-23,HEL,MUC,OH-A123,E190,2025-06-23 19:56:00,246,Weather,52,False,90
FL003927,2025-06-23,HEL,LHR,OH-A130,A350,2025-06-23 14:34:00,382,Ground Handling,20,False,178
FL003928,2025-06-24,HEL,MUC,OH-A115,A321,2025-06-24 17:51:00,515,Ground Handling,37,False,143
FL003929,2025-06-24,HEL,BKK,OH-A104,A321,2025-06-24 10:49:00,607,None,0,False,161
FL003930,2025-06-24,HEL,OSL,OH-A118,A350,2025-06-24 18:00:00,573,Late Aircraft,16,False,257
FL003931,2025-06-24,HEL,FRA,OH-A138,A321,2025-06-24 20:15:00,61,None,0,False,147
FL003932,2025-06-24,HEL,MAD,OH-A123,E190,2025-06-24 07:18:00,378,None,0,False,57
FL003933,2025-06-24,HEL,CPH,OH-A129,A350,2025-06-24 21:56:00,104,Technical,9,False,259
FL003934,2025-06-24,HEL,BKK,OH-A146,A320,2025-06-24 08:17:00,593,None,0,False,97
FL003935,2025-06-24,HEL,BCN,OH-A145,A350,2025-06-24 17:36:00,279,Weather,9,False,247
FL003936,2025-06-24,HEL,OSL,OH-A128,A321,2025-06-24 08:48:00,492,None,0,False,171
FL003937,2025-06-24,HEL,FCO,OH-A104,A321,2025-06-24 20:16:00,349,None,0,False,182
FL003938,2025-06-24,HEL,NRT,OH-A101,A320,2025-06-24 07:09:00,192,None,0,False,140
FL003939,2025-06-24,HEL,AMS,OH-A140,A320,2025-06-24 13:34:00,47,None,0,False,120
FL003940,2025-06-24,HEL,BCN,OH-A126,A320,2025-06-24 13:54:00,175,None,0,False,135
FL003941,2025-06-24,HEL,FCO,OH-A127,A321,2025-06-24 09:21:00,233,ATC,18,False,123
FL003942,2025-06-24,HEL,OSL,OH-A115,A321,2025-06-24 19:32:00,378,None,0,False,116
FL003943,2025-06-24,HEL,MUC,OH-A115,A321,2025-06-24 17:47:00,469,None,0,True,135
FL003944,2025-06-24,HEL,MUC,OH-A139,A350,2025-06-24 15:20:00,58,None,0,False,217
FL003945,2025-06-24,HEL,CDG,OH-A130,A350,2025-06-24 11:08:00,308,Technical,18,False,225
FL003946,2025-06-24,HEL,CDG,OH-A137,A320,2025-06-24 12:46:00,536,None,0,False,150
FL003947,2025-06-24,HEL,BCN,OH-A115,A321,2025-06-24 08:42:00,123,Crew,5,False,117
FL003948,2025-06-24,HEL,FCO,OH-A124,A350,2025-06-24 19:25:00,136,None,0,False,200
FL003949,2025-06-24,HEL,AMS,OH-A108,A321,2025-06-24 09:59:00,274,Weather,44,False,198
FL003950,2025-06-24,HEL,OSL,OH-A143,A321,2025-06-24 16:49:00,574,None,0,False,208
FL003951,2025-06-24,HEL,JFK,OH-A127,A321,2025-06-24 09:02:00,139,Weather,74,False,174
FL003952,2025-06-24,HEL,OSL,OH-A106,A350,2025-06-24 13:37:00,495,None,0,False,247
FL003953,2025-06-24,HEL,ARN,OH-A136,A321,2025-06-24 19:55:00,335,None,0,False,129
FL003954,2025-06-25,HEL,LHR,OH-A134,A320,2025-06-25 11:56:00,234,Technical,37,False,170
FL003955,2025-06-25,HEL,FCO,OH-A145,A350,2025-06-25 19:34:00,122,Weather,40,False,193
FL003956,2025-06-25,HEL,FRA,OH-A118,A350,2025-06-25 19:42:00,279,None,0,False,226
FL003957,2025-06-25,HEL,FRA,OH-A137,A320,2025-06-25 05:55:00,151,Technical,59,False,147
FL003958,2025-06-25,HEL,BCN,OH-A101,A320,2025-06-25 17:07:00,559,None,0,False,96
FL003959,2025-06-25,HEL,CPH,OH-A100,A350,2025-06-25 08:54:00,244,None,0,False,193
FL003960,2025-06-25,HEL,AMS,OH-A127,A321,2025-06-25 19:25:00,431,Ground Handling,75,False,134
FL003961,2025-06-25,HEL,OSL,OH-A104,A321,2025-06-25 19:43:00,611,None,0,False,193
FL003962,2025-06-25,HEL,BKK,OH-A142,A350,2025-06-25 15:40:00,521,None,0,False,223
FL003963,2025-06-25,HEL,AMS,OH-A136,A321,2025-06-25 16:36:00,144,None,0,False,119
FL003964,2025-06-25,HEL,ARN,OH-A118,A350,2025-06-25 21:05:00,598,None,0,False,243
FL003965,2025-06-25,HEL,ARN,OH-A101,A320,2025-06-25 19:29:00,590,None,0,False,108
FL003966,2025-06-25,HEL,NRT,OH-A101,A320,2025-06-25 20:11:00,611,None,0,False,149
FL003967,2025-06-25,HEL,OSL,OH-A114,A320,2025-06-25 10:17:00,93,None,0,False,127
FL003968,2025-06-25,HEL,ARN,OH-A122,E190,2025-06-25 12:42:00,153,None,0,False,81
FL003969,2025-06-25,HEL,OSL,OH-A120,A350,2025-06-25 06:30:00,58,Crew,47,False,171
FL003970,2025-06-25,HEL,LHR,OH-A144,A350,2025-06-25 18:02:00,197,None,0,False,196
FL003971,2025-06-25,HEL,CPH,OH-A140,A320,2025-06-25 19:00:00,478,None,0,False,144
FL003972,2025-06-25,HEL,BKK,OH-A141,A350,2025-06-25 18:39:00,411,None,0,False,163
FL003973,2025-06-25,HEL,ARN,OH-A124,A350,2025-06-25 09:22:00,275,None,0,False,289
FL003974,2025-06-25,HEL,FCO,OH-A114,A320,2025-06-25 10:43:00,494,Crew,5,False,160
FL003975,2025-06-25,HEL,JFK,OH-A143,A321,2025-06-25 21:11:00,364,None,0,False,197
FL003976,2025-06-25,HEL,MAD,OH-A138,A321,2025-06-25 15:46:00,475,None,0,False,138
FL003977,2025-06-25,HEL,CPH,OH-A116,A320,2025-06-25 20:25:00,107,None,0,False,159
FL003978,2025-06-26,HEL,CDG,OH-A111,E190,2025-06-26 07:33:00,590,Technical,53,False,100
FL003979,2025-06-26,HEL,FCO,OH-A140,A320,2025-06-26 15:29:00,147,ATC,32,False,140
FL003980,2025-06-26,HEL,BCN,OH-A141,A350,2025-06-26 06:22:00,452,None,0,False,203
FL003981,2025-06-26,HEL,BCN,OH-A104,A321,2025-06-26 09:44:00,308,None,0,False,120
FL003982,2025-06-26,HEL,OSL,OH-A120,A350,2025-06-26 13:29:00,184,Weather,74,False,293
FL003983,2025-06-26,HEL,BCN,OH-A108,A321,2025-06-26 16:26:00,491,None,0,False,155
FL003984,2025-06-26,HEL,OSL,OH-A114,A320,2025-06-26 15:55:00,539,None,0,False,150
FL003985,2025-06-26,HEL,LHR,OH-A138,A321,2025-06-26 15:47:00,317,None,0,False,189
FL003986,2025-06-26,HEL,CDG,OH-A109,A320,2025-06-26 14:51:00,539,ATC,47,False,120
FL003987,2025-06-26,HEL,LHR,OH-A126,A320,2025-06-26 12:39:00,125,None,0,False,167
FL003988,2025-06-26,HEL,NRT,OH-A146,A320,2025-06-26 18:47:00,217,Ground Handling,74,False,119
FL003989,2025-06-26,HEL,ARN,OH-A102,E190,2025-06-26 16:14:00,525,ATC,45,False,65
FL003990,2025-06-26,HEL,NRT,OH-A131,E190,2025-06-26 16:41:00,379,Ground Handling,43,False,100
FL003991,2025-06-26,HEL,OSL,OH-A110,A320,2025-06-26 20:20:00,392,None,0,False,111
FL003992,2025-06-26,HEL,NRT,OH-A141,A350,2025-06-26 21:05:00,239,Crew,5,False,219
FL003993,2025-06-26,HEL,CDG,OH-A142,A350,2025-06-26 16:15:00,49,Late Aircraft,58,False,183
FL003994,2025-06-26,HEL,NRT,OH-A126,A320,2025-06-26 11:03:00,600,None,0,False,97
FL003995,2025-06-26,HEL,MUC,OH-A116,A320,2025-06-26 07:25:00,489,Weather,5,False,110
FL003996,2025-06-26,HEL,FRA,OH-A120,A350,2025-06-26 10:45:00,198,None,0,False,272
FL003997,2025-06-26,HEL,CPH,OH-A107,A350,2025-06-26 19:59:00,585,Technical,45,False,278
FL003998,2025-06-26,HEL,FRA,OH-A117,A321,2025-06-26 19:39:00,375,Weather,64,False,117
FL003999,2025-06-26,HEL,MUC,OH-A105,E190,2025-06-26 19:54:00,141,None,0,False,95
FL004000,2025-06-26,HEL,BKK,OH-A134,A320,2025-06-26 07:07:00,371,Weather,24,False,101
FL004001,2025-06-26,HEL,LHR,OH-A128,A321,2025-06-26 07:59:00,142,None,0,False,133
FL004002,2025-06-26,HEL,CPH,OH-A144,A350,2025-06-26 10:45:00,557,None,0,False,271
FL004003,2025-06-26,HEL,LHR,OH-A133,A320,2025-06-26 15:29:00,495,None,0,False,95
FL004004,2025-06-27,HEL,BCN,OH-A109,A320,2025-06-27 11:41:00,471,None,0,False,145
FL004005,2025-06-27,HEL,CPH,OH-A102,E190,2025-06-27 10:29:00,169,None,0,False,73
FL004006,2025-06-27,HEL,BKK,OH-A123,E190,2025-06-27 10:51:00,215,None,0,False,82
FL004007,2025-06-27,HEL,FRA,OH-A143,A321,2025-06-27 14:49:00,227,None,0,False,157
FL004008,2025-06-27,HEL,OSL,OH-A145,A350,2025-06-27 14:03:00,217,None,0,False,201
FL004009,2025-06-27,HEL,ARN,OH-A115,A321,2025-06-27 14:40:00,307,None,0,False,137
FL004010,2025-06-27,HEL,BKK,OH-A139,A350,2025-06-27 17:04:00,288,Late Aircraft,61,False,295
FL004011,2025-06-27,HEL,BCN,OH-A133,A320,2025-06-27 16:08:00,370,ATC,80,False,171
FL004012,2025-06-27,HEL,NRT,OH-A143,A321,2025-06-27 13:28:00,132,None,0,False,192
FL004013,2025-06-27,HEL,FCO,OH-A132,A321,2025-06-27 11:21:00,231,ATC,49,False,140
FL004014,2025-06-27,HEL,BKK,OH-A146,A320,2025-06-27 21:03:00,453,Weather,55,False,145
FL004015,2025-06-27,HEL,NRT,OH-A123,E190,2025-06-27 05:48:00,46,Weather,44,False,57
FL004016,2025-06-27,HEL,FCO,OH-A123,E190,2025-06-27 20:49:00,494,Late Aircraft,56,False,88
FL004017,2025-06-27,HEL,JFK,OH-A119,A350,2025-06-27 10:26:00,485,Weather,65,False,273
FL004018,2025-06-27,HEL,JFK,OH-A137,A320,2025-06-27 10:05:00,441,None,0,False,116
FL004019,2025-06-27,HEL,LHR,OH-A107,A350,2025-06-27 11:00:00,133,None,0,False,167
FL004020,2025-06-27,HEL,BCN,OH-A128,A321,2025-06-27 08:17:00,225,None,0,False,155
FL004021,2025-06-27,HEL,BKK,OH-A144,A350,2025-06-27 17:42:00,206,ATC,33,False,240
FL004022,2025-06-27,HEL,NRT,OH-A141,A350,2025-06-27 16:10:00,450,None,0,False,183
FL004023,2025-06-27,HEL,CPH,OH-A104,A321,2025-06-27 17:17:00,298,None,0,False,199
FL004024,2025-06-27,HEL,CPH,OH-A122,E190,2025-06-27 15:40:00,165,Ground Handling,25,False,69
FL004025,2025-06-28,HEL,ARN,OH-A142,A350,2025-06-28 14:40:00,317,None,0,False,291
FL004026,2025-06-28,HEL,LHR,OH-A103,A350,2025-06-28 13:04:00,106,None,0,False,278
FL004027,2025-06-28,HEL,CPH,OH-A121,A320,2025-06-28 15:52:00,208,ATC,70,False,131
FL004028,2025-06-28,HEL,BKK,OH-A136,A321,2025-06-28 09:45:00,274,None,0,True,168
FL004029,2025-06-28,HEL,CDG,OH-A103,A350,2025-06-28 15:36:00,401,None,0,False,252
FL004030,2025-06-28,HEL,FRA,OH-A130,A350,2025-06-28 06:04:00,361,None,0,False,290
FL004031,2025-06-28,HEL,NRT,OH-A134,A320,2025-06-28 18:52:00,186,None,0,False,107
FL004032,2025-06-28,HEL,BKK,OH-A117,A321,2025-06-28 05:07:00,307,None,0,False,142
FL004033,2025-06-28,HEL,LHR,OH-A105,E190,2025-06-28 09:23:00,411,Crew,44,False,69
FL004034,2025-06-28,HEL,NRT,OH-A114,A320,2025-06-28 12:45:00,608,Technical,13,False,128
FL004035,2025-06-28,HEL,FCO,OH-A111,E190,2025-06-28 14:43:00,571,None,0,False,100
FL004036,2025-06-28,HEL,BCN,OH-A101,A320,2025-06-28 17:30:00,214,None,0,False,142
FL004037,2025-06-28,HEL,OSL,OH-A115,A321,2025-06-28 21:16:00,315,None,0,False,206
FL004038,2025-06-28,HEL,MAD,OH-A130,A350,2025-06-28 21:13:00,496,None,0,False,266
FL004039,2025-06-28,HEL,BCN,OH-A118,A350,2025-06-28 18:36:00,517,None,0,False,237
FL004040,2025-06-28,HEL,FRA,OH-A110,A320,2025-06-28 15:49:00,80,None,0,False,96
FL004041,2025-06-28,HEL,BCN,OH-A113,A350,2025-06-28 17:49:00,551,None,0,False,165
FL004042,2025-06-28,HEL,OSL,OH-A110,A320,2025-06-28 20:20:00,142,None,0,False,116
FL004043,2025-06-28,HEL,BCN,OH-A105,E190,2025-06-28 09:18:00,193,Weather,50,False,90
FL004044,2025-06-28,HEL,OSL,OH-A127,A321,2025-06-28 14:40:00,526,Crew,46,False,154
FL004045,2025-06-28,HEL,CDG,OH-A117,A321,2025-06-28 10:35:00,466,Technical,38,False,148
FL004046,2025-06-28,HEL,FRA,OH-A103,A350,2025-06-28 13:42:00,383,None,0,True,227
FL004047,2025-06-28,HEL,OSL,OH-A107,A350,2025-06-28 10:08:00,537,None,0,False,289
FL004048,2025-06-28,HEL,NRT,OH-A108,A321,2025-06-28 19:23:00,272,Weather,57,False,153
FL004049,2025-06-29,HEL,MUC,OH-A104,A321,2025-06-29 08:23:00,532,Weather,49,False,131
FL004050,2025-06-29,HEL,CDG,OH-A147,A321,2025-06-29 09:19:00,181,None,0,False,166
FL004051,2025-06-29,HEL,NRT,OH-A144,A350,2025-06-29 17:29:00,437,Weather,29,False,172
FL004052,2025-06-29,HEL,AMS,OH-A129,A350,2025-06-29 05:41:00,116,None,0,False,227
FL004053,2025-06-29,HEL,JFK,OH-A142,A350,2025-06-29 17:22:00,407,Weather,5,False,174
FL004054,2025-06-29,HEL,NRT,OH-A105,E190,2025-06-29 12:36:00,262,Ground Handling,51,False,90
FL004055,2025-06-29,HEL,JFK,OH-A131,E190,2025-06-29 12:50:00,79,None,0,False,93
FL004056,2025-06-29,HEL,FCO,OH-A107,A350,2025-06-29 10:34:00,607,None,0,False,188
FL004057,2025-06-29,HEL,BCN,OH-A135,A321,2025-06-29 09:35:00,418,None,0,False,204
FL004058,2025-06-29,HEL,FRA,OH-A121,A320,2025-06-29 12:12:00,507,Ground Handling,69,False,155
FL004059,2025-06-29,HEL,CPH,OH-A135,A321,2025-06-29 08:57:00,231,Late Aircraft,5,False,139
FL004060,2025-06-29,HEL,CPH,OH-A106,A350,2025-06-29 17:57:00,594,Crew,32,False,211
FL004061,2025-06-29,HEL,AMS,OH-A127,A321,2025-06-29 15:49:00,457,Crew,31,False,175
FL004062,2025-06-29,HEL,MAD,OH-A130,A350,2025-06-29 09:52:00,150,Weather,35,False,189
FL004063,2025-06-29,HEL,ARN,OH-A143,A321,2025-06-29 10:10:00,202,None,0,False,119
FL004064,2025-06-29,HEL,BKK,OH-A128,A321,2025-06-29 14:24:00,603,None,0,False,196
FL004065,2025-06-29,HEL,BKK,OH-A114,A320,2025-06-29 07:03:00,168,None,0,False,168
FL004066,2025-06-29,HEL,CPH,OH-A119,A350,2025-06-29 07:58:00,379,None,0,False,268
FL004067,2025-06-30,HEL,FCO,OH-A104,A321,2025-06-30 10:15:00,548,None,0,False,130
FL004068,2025-06-30,HEL,JFK,OH-A106,A350,2025-06-30 14:15:00,176,Technical,47,False,291
FL004069,2025-06-30,HEL,BKK,OH-A134,A320,2025-06-30 19:09:00,284,None,0,False,144
FL004070,2025-06-30,HEL,CDG,OH-A102,E190,2025-06-30 09:55:00,392,None,0,False,87
FL004071,2025-06-30,HEL,BCN,OH-A145,A350,2025-06-30 08:33:00,244,None,0,False,229
FL004072,2025-06-30,HEL,LHR,OH-A129,A350,2025-06-30 08:33:00,609,Ground Handling,78,False,295
FL004073,2025-06-30,HEL,CPH,OH-A120,A350,2025-06-30 09:05:00,429,Technical,79,False,173
FL004074,2025-06-30,HEL,MUC,OH-A101,A320,2025-06-30 20:47:00,217,None,0,False,150
FL004075,2025-06-30,HEL,MAD,OH-A103,A350,2025-06-30 19:50:00,53,Crew,53,False,192
FL004076,2025-06-30,HEL,FCO,OH-A129,A350,2025-06-30 15:30:00,276,None,0,False,291
FL004077,2025-06-30,HEL,CPH,OH-A146,A320,2025-06-30 21:55:00,400,None,0,False,105
FL004078,2025-06-30,HEL,FCO,OH-A106,A350,2025-06-30 17:14:00,280,Late Aircraft,11,False,168
FL004079,2025-06-30,HEL,CDG,OH-A116,A320,2025-06-30 11:32:00,537,Late Aircraft,14,False,135
FL004080,2025-06-30,HEL,LHR,OH-A116,A320,2025-06-30 05:49:00,113,None,0,False,152
FL004081,2025-06-30,HEL,ARN,OH-A102,E190,2025-06-30 10:42:00,64,ATC,5,False,60
FL004082,2025-06-30,HEL,OSL,OH-A123,E190,2025-06-30 21:52:00,101,Weather,57,False,71
FL004083,2025-06-30,HEL,FRA,OH-A110,A320,2025-06-30 05:31:00,84,Crew,15,False,97
FL004084,2025-06-30,HEL,OSL,OH-A146,A320,2025-06-30 21:14:00,469,None,0,False,154
FL004085,2025-06-30,HEL,CDG,OH-A132,A321,2025-06-30 05:04:00,305,Weather,5,False,191
FL004086,2025-06-30,HEL,MUC,OH-A140,A320,2025-06-30 20:23:00,298,Technical,18,False,107
FL004087,2025-07-01,HEL,FCO,OH-A120,A350,2025-07-01 14:06:00,147,None,0,False,178
FL004088,2025-07-01,HEL,CDG,OH-A109,A320,2025-07-01 19:37:00,373,Technical,28,False,114
FL004089,2025-07-01,HEL,BKK,OH-A132,A321,2025-07-01 07:24:00,67,Weather,25,False,190
FL004090,2025-07-01,HEL,MAD,OH-A128,A321,2025-07-01 12:03:00,339,None,0,False,135
FL004091,2025-07-01,HEL,ARN,OH-A137,A320,2025-07-01 06:12:00,157,None,0,False,150
FL004092,2025-07-01,HEL,CDG,OH-A117,A321,2025-07-01 13:33:00,462,None,0,False,192
FL004093,2025-07-01,HEL,BKK,OH-A122,E190,2025-07-01 11:46:00,304,Weather,53,False,71
FL004094,2025-07-01,HEL,OSL,OH-A141,A350,2025-07-01 09:06:00,181,None,0,False,265
FL004095,2025-07-01,HEL,BKK,OH-A115,A321,2025-07-01 10:54:00,224,None,0,False,179
FL004096,2025-07-01,HEL,MUC,OH-A113,A350,2025-07-01 08:00:00,537,None,0,False,219
FL004097,2025-07-01,HEL,MAD,OH-A112,A350,2025-07-01 17:16:00,438,None,0,False,281
FL004098,2025-07-01,HEL,MAD,OH-A117,A321,2025-07-01 07:28:00,601,None,0,False,146
FL004099,2025-07-01,HEL,MUC,OH-A104,A321,2025-07-01 21:17:00,400,None,0,False,194
FL004100,2025-07-01,HEL,MUC,OH-A129,A350,2025-07-01 19:14:00,465,None,0,False,290
FL004101,2025-07-01,HEL,MUC,OH-A130,A350,2025-07-01 09:58:00,155,None,0,False,259
FL004102,2025-07-01,HEL,BCN,OH-A103,A350,2025-07-01 19:21:00,207,None,0,False,238
FL004103,2025-07-01,HEL,FCO,OH-A146,A320,2025-07-01 16:20:00,110,Late Aircraft,56,False,152
FL004104,2025-07-01,HEL,FRA,OH-A100,A350,2025-07-01 05:21:00,548,None,0,False,222
FL004105,2025-07-01,HEL,FRA,OH-A123,E190,2025-07-01 16:30:00,334,None,0,False,90
FL004106,2025-07-01,HEL,FCO,OH-A110,A320,2025-07-01 21:52:00,294,None,0,False,145
FL004107,2025-07-01,HEL,FCO,OH-A107,A350,2025-07-01 21:46:00,592,None,0,False,249
FL004108,2025-07-01,HEL,MAD,OH-A102,E190,2025-07-01 06:07:00,453,Weather,37,False,56
FL004109,2025-07-01,HEL,FRA,OH-A111,E190,2025-07-01 21:44:00,116,None,0,False,100
FL004110,2025-07-01,HEL,BCN,OH-A107,A350,2025-07-01 11:53:00,271,None,0,False,229
FL004111,2025-07-01,HEL,MUC,OH-A135,A321,2025-07-01 13:16:00,263,None,0,False,147
FL004112,2025-07-02,HEL,OSL,OH-A101,A320,2025-07-02 21:46:00,370,Weather,29,True,133
FL004113,2025-07-02,HEL,JFK,OH-A142,A350,2025-07-02 20:22:00,566,None,0,False,212
FL004114,2025-07-02,HEL,JFK,OH-A115,A321,2025-07-02 05:50:00,439,None,0,False,150
FL004115,2025-07-02,HEL,CDG,OH-A141,A350,2025-07-02 11:05:00,284,Crew,61,False,183
FL004116,2025-07-02,HEL,BKK,OH-A110,A320,2025-07-02 20:21:00,438,Ground Handling,67,False,155
FL004117,2025-07-02,HEL,CPH,OH-A119,A350,2025-07-02 14:28:00,68,None,0,False,176
FL004118,2025-07-02,HEL,ARN,OH-A129,A350,2025-07-02 08:04:00,523,Weather,100,True,197
FL004119,2025-07-02,HEL,CDG,OH-A131,E190,2025-07-02 19:18:00,76,None,0,False,81
FL004120,2025-07-02,HEL,LHR,OH-A126,A320,2025-07-02 19:09:00,48,Technical,17,False,140
FL004121,2025-07-02,HEL,CPH,OH-A117,A321,2025-07-02 18:21:00,409,None,0,False,160
FL004122,2025-07-02,HEL,JFK,OH-A110,A320,2025-07-02 09:03:00,319,Crew,85,False,126
FL004123,2025-07-02,HEL,BKK,OH-A107,A350,2025-07-02 18:18:00,521,Technical,58,False,179
FL004124,2025-07-02,HEL,LHR,OH-A117,A321,2025-07-02 11:47:00,257,None,0,False,119
FL004125,2025-07-02,HEL,CDG,OH-A120,A350,2025-07-02 10:42:00,333,None,0,False,266
FL004126,2025-07-02,HEL,FCO,OH-A128,A321,2025-07-02 13:04:00,369,Weather,23,False,150
FL004127,2025-07-02,HEL,BKK,OH-A104,A321,2025-07-02 17:36:00,284,ATC,63,False,166
FL004128,2025-07-02,HEL,CDG,OH-A111,E190,2025-07-02 10:48:00,218,None,0,False,89
FL004129,2025-07-02,HEL,MAD,OH-A128,A321,2025-07-02 18:27:00,551,None,0,False,200
FL004130,2025-07-03,HEL,CPH,OH-A123,E190,2025-07-03 07:51:00,217,ATC,66,False,61
FL004131,2025-07-03,HEL,JFK,OH-A146,A320,2025-07-03 07:30:00,497,None,0,False,172
FL004132,2025-07-03,HEL,FRA,OH-A130,A350,2025-07-03 21:39:00,412,Weather,31,False,286
FL004133,2025-07-03,HEL,JFK,OH-A105,E190,2025-07-03 06:01:00,478,Late Aircraft,5,False,73
FL004134,2025-07-03,HEL,MAD,OH-A131,E190,2025-07-03 15:14:00,587,Technical,31,False,56
FL004135,2025-07-03,HEL,ARN,OH-A139,A350,2025-07-03 16:24:00,550,Technical,22,False,274
FL004136,2025-07-03,HEL,FRA,OH-A110,A320,2025-07-03 18:50:00,278,Crew,26,False,104
FL004137,2025-07-03,HEL,CPH,OH-A110,A320,2025-07-03 19:38:00,186,None,0,False,144
FL004138,2025-07-03,HEL,CDG,OH-A129,A350,2025-07-03 05:45:00,541,Technical,19,False,234
FL004139,2025-07-03,HEL,FCO,OH-A138,A321,2025-07-03 08:17:00,407,None,0,False,183
FL004140,2025-07-03,HEL,MAD,OH-A103,A350,2025-07-03 19:57:00,353,None,0,False,171
FL004141,2025-07-03,HEL,MAD,OH-A132,A321,2025-07-03 07:18:00,575,None,0,True,144
FL004142,2025-07-03,HEL,MAD,OH-A118,A350,2025-07-03 15:27:00,114,None,0,False,264
FL004143,2025-07-03,HEL,ARN,OH-A118,A350,2025-07-03 05:41:00,581,None,0,False,269
FL004144,2025-07-03,HEL,BCN,OH-A115,A321,2025-07-03 20:22:00,533,Ground Handling,45,False,180
FL004145,2025-07-03,HEL,FRA,OH-A104,A321,2025-07-03 15:18:00,88,Technical,5,True,146
FL004146,2025-07-03,HEL,MUC,OH-A112,A350,2025-07-03 10:30:00,161,None,0,False,268
FL004147,2025-07-03,HEL,OSL,OH-A109,A320,2025-07-03 14:51:00,150,Crew,9,False,103
FL004148,2025-07-03,HEL,MAD,OH-A133,A320,2025-07-03 16:43:00,443,None,0,False,99
FL004149,2025-07-03,HEL,BCN,OH-A140,A320,2025-07-03 18:00:00,524,Technical,53,False,158
FL004150,2025-07-03,HEL,AMS,OH-A114,A320,2025-07-03 13:32:00,407,None,0,False,125
FL004151,2025-07-03,HEL,ARN,OH-A103,A350,2025-07-03 14:01:00,189,ATC,19,False,203
FL004152,2025-07-03,HEL,ARN,OH-A131,E190,2025-07-03 20:50:00,331,Weather,47,False,98
FL004153,2025-07-03,HEL,AMS,OH-A147,A321,2025-07-03 16:04:00,185,None,0,False,201
FL004154,2025-07-03,HEL,MUC,OH-A134,A320,2025-07-03 15:53:00,198,None,0,False,133
FL004155,2025-07-03,HEL,BKK,OH-A139,A350,2025-07-03 21:00:00,285,None,0,False,283
FL004156,2025-07-03,HEL,FCO,OH-A110,A320,2025-07-03 19:35:00,137,Crew,29,False,116
FL004157,2025-07-04,HEL,NRT,OH-A146,A320,2025-07-04 17:38:00,382,None,0,False,99
FL004158,2025-07-04,HEL,CDG,OH-A141,A350,2025-07-04 17:15:00,556,Crew,42,False,196
FL004159,2025-07-04,HEL,JFK,OH-A107,A350,2025-07-04 09:07:00,609,None,0,False,196
FL004160,2025-07-04,HEL,OSL,OH-A141,A350,2025-07-04 10:20:00,327,None,0,False,209
FL004161,2025-07-04,HEL,CPH,OH-A142,A350,2025-07-04 21:00:00,97,Late Aircraft,47,False,187
FL004162,2025-07-04,HEL,MUC,OH-A143,A321,2025-07-04 18:12:00,56,ATC,26,False,144
FL004163,2025-07-04,HEL,BCN,OH-A129,A350,2025-07-04 10:24:00,520,None,0,False,179
FL004164,2025-07-04,HEL,BCN,OH-A112,A350,2025-07-04 16:28:00,277,None,0,False,251
FL004165,2025-07-04,HEL,JFK,OH-A104,A321,2025-07-04 15:58:00,309,None,0,False,178
FL004166,2025-07-04,HEL,AMS,OH-A101,A320,2025-07-04 06:29:00,494,None,0,False,139
FL004167,2025-07-04,HEL,JFK,OH-A127,A321,2025-07-04 19:36:00,465,Crew,105,False,126
FL004168,2025-07-04,HEL,NRT,OH-A112,A350,2025-07-04 17:03:00,594,None,0,False,167
FL004169,2025-07-04,HEL,CPH,OH-A127,A321,2025-07-04 05:56:00,355,None,0,False,192
FL004170,2025-07-04,HEL,FRA,OH-A104,A321,2025-07-04 15:12:00,586,None,0,False,209
FL004171,2025-07-04,HEL,LHR,OH-A126,A320,2025-07-04 06:15:00,115,None,0,False,137
FL004172,2025-07-04,HEL,MAD,OH-A120,A350,2025-07-04 05:58:00,66,None,0,False,195
FL004173,2025-07-04,HEL,AMS,OH-A133,A320,2025-07-04 09:09:00,380,None,0,False,151
FL004174,2025-07-04,HEL,LHR,OH-A144,A350,2025-07-04 08:45:00,53,None,0,False,177
FL004175,2025-07-04,HEL,LHR,OH-A126,A320,2025-07-04 21:04:00,188,Crew,50,False,150
FL004176,2025-07-04,HEL,CDG,OH-A102,E190,2025-07-04 14:30:00,580,None,0,False,82
FL004177,2025-07-04,HEL,CPH,OH-A125,A321,2025-07-04 19:21:00,182,None,0,False,192
FL004178,2025-07-04,HEL,CPH,OH-A109,A320,2025-07-04 05:57:00,537,None,0,False,144
FL004179,2025-07-04,HEL,BCN,OH-A140,A320,2025-07-04 15:02:00,549,ATC,37,False,145
FL004180,2025-07-04,HEL,BKK,OH-A143,A321,2025-07-04 06:40:00,540,None,0,False,187
FL004181,2025-07-04,HEL,MUC,OH-A106,A350,2025-07-04 15:41:00,551,None,0,False,269
FL004182,2025-07-04,HEL,NRT,OH-A136,A321,2025-07-04 13:20:00,162,None,0,False,153
FL004183,2025-07-04,HEL,OSL,OH-A107,A350,2025-07-04 09:25:00,531,Technical,89,False,211
FL004184,2025-07-05,HEL,AMS,OH-A133,A320,2025-07-05 17:16:00,371,None,0,False,163
FL004185,2025-07-05,HEL,AMS,OH-A102,E190,2025-07-05 17:30:00,360,Ground Handling,24,False,94
FL004186,2025-07-05,HEL,OSL,OH-A139,A350,2025-07-05 17:38:00,610,Ground Handling,49,False,185
FL004187,2025-07-05,HEL,CPH,OH-A132,A321,2025-07-05 12:00:00,524,None,0,False,198
FL004188,2025-07-05,HEL,MAD,OH-A118,A350,2025-07-05 18:39:00,335,Ground Handling,10,False,241
FL004189,2025-07-05,HEL,JFK,OH-A127,A321,2025-07-05 14:47:00,574,None,0,False,149
FL004190,2025-07-05,HEL,NRT,OH-A117,A321,2025-07-05 21:01:00,53,None,0,False,194
FL004191,2025-07-05,HEL,LHR,OH-A143,A321,2025-07-05 17:30:00,359,None,0,False,186
FL004192,2025-07-05,HEL,FCO,OH-A146,A320,2025-07-05 06:17:00,89,None,0,False,141
FL004193,2025-07-05,HEL,CPH,OH-A137,A320,2025-07-05 17:41:00,370,None,0,False,124
FL004194,2025-07-05,HEL,FCO,OH-A140,A320,2025-07-05 10:35:00,221,None,0,True,162
FL004195,2025-07-05,HEL,MUC,OH-A129,A350,2025-07-05 09:59:00,555,Crew,23,False,241
FL004196,2025-07-05,HEL,NRT,OH-A146,A320,2025-07-05 21:24:00,370,Weather,13,False,141
FL004197,2025-07-05,HEL,ARN,OH-A122,E190,2025-07-05 08:28:00,550,None,0,False,70
FL004198,2025-07-05,HEL,FCO,OH-A140,A320,2025-07-05 05:04:00,152,None,0,False,98
FL004199,2025-07-05,HEL,FRA,OH-A128,A321,2025-07-05 10:02:00,195,None,0,False,183
FL004200,2025-07-05,HEL,MUC,OH-A121,A320,2025-07-05 12:33:00,496,None,0,False,167
FL004201,2025-07-05,HEL,MUC,OH-A124,A350,2025-07-05 05:28:00,215,None,0,False,202
FL004202,2025-07-05,HEL,MAD,OH-A142,A350,2025-07-05 18:26:00,464,None,0,False,220
FL004203,2025-07-05,HEL,BCN,OH-A129,A350,2025-07-05 13:10:00,139,Weather,5,False,174
FL004204,2025-07-05,HEL,AMS,OH-A124,A350,2025-07-05 13:42:00,521,None,0,False,223
FL004205,2025-07-05,HEL,FRA,OH-A130,A350,2025-07-05 05:45:00,271,Weather,45,False,165
FL004206,2025-07-05,HEL,ARN,OH-A147,A321,2025-07-05 19:05:00,162,None,0,False,164
FL004207,2025-07-05,HEL,FCO,OH-A139,A350,2025-07-05 07:20:00,492,None,0,False,246
FL004208,2025-07-06,HEL,CDG,OH-A134,A320,2025-07-06 06:45:00,318,None,0,False,106
FL004209,2025-07-06,HEL,BKK,OH-A143,A321,2025-07-06 10:01:00,135,None,0,False,128
FL004210,2025-07-06,HEL,LHR,OH-A133,A320,2025-07-06 06:51:00,63,None,0,False,129
FL004211,2025-07-06,HEL,FRA,OH-A116,A320,2025-07-06 18:25:00,616,None,0,False,129
FL004212,2025-07-06,HEL,JFK,OH-A128,A321,2025-07-06 14:37:00,322,None,0,False,188
FL004213,2025-07-06,HEL,CPH,OH-A120,A350,2025-07-06 20:26:00,581,ATC,79,False,163
FL004214,2025-07-06,HEL,AMS,OH-A142,A350,2025-07-06 21:45:00,303,None,0,False,198
FL004215,2025-07-06,HEL,FRA,OH-A133,A320,2025-07-06 11:59:00,403,None,0,False,164
FL004216,2025-07-06,HEL,FCO,OH-A125,A321,2025-07-06 12:08:00,238,None,0,False,136
FL004217,2025-07-06,HEL,JFK,OH-A143,A321,2025-07-06 05:01:00,548,None,0,False,161
FL004218,2025-07-06,HEL,JFK,OH-A100,A350,2025-07-06 12:40:00,397,None,0,False,255
FL004219,2025-07-06,HEL,AMS,OH-A147,A321,2025-07-06 21:36:00,88,Weather,59,False,207
FL004220,2025-07-06,HEL,FRA,OH-A132,A321,2025-07-06 11:08:00,352,ATC,27,False,144
FL004221,2025-07-06,HEL,ARN,OH-A106,A350,2025-07-06 08:55:00,145,None,0,False,177
FL004222,2025-07-06,HEL,JFK,OH-A105,E190,2025-07-06 07:56:00,530,None,0,False,100
FL004223,2025-07-06,HEL,CDG,OH-A140,A320,2025-07-06 09:47:00,497,Technical,39,False,100
FL004224,2025-07-06,HEL,FRA,OH-A103,A350,2025-07-06 16:57:00,58,None,0,False,190
FL004225,2025-07-06,HEL,MAD,OH-A136,A321,2025-07-06 19:11:00,412,None,0,False,162
FL004226,2025-07-06,HEL,FCO,OH-A116,A320,2025-07-06 20:36:00,231,None,0,False,102
FL004227,2025-07-06,HEL,CPH,OH-A131,E190,2025-07-06 05:17:00,232,None,0,False,75
FL004228,2025-07-06,HEL,FCO,OH-A143,A321,2025-07-06 21:36:00,532,Ground Handling,7,False,209
FL004229,2025-07-06,HEL,AMS,OH-A124,A350,2025-07-06 09:06:00,446,Late Aircraft,33,False,165
FL004230,2025-07-06,HEL,AMS,OH-A120,A350,2025-07-06 12:14:00,429,None,0,False,286
FL004231,2025-07-06,HEL,CPH,OH-A143,A321,2025-07-06 19:46:00,217,Weather,31,False,170
FL004232,2025-07-07,HEL,ARN,OH-A118,A350,2025-07-07 11:59:00,138,Ground Handling,57,False,280
FL004233,2025-07-07,HEL,NRT,OH-A146,A320,2025-07-07 14:17:00,541,None,0,False,109
FL004234,2025-07-07,HEL,CDG,OH-A140,A320,2025-07-07 16:12:00,253,None,0,False,123
FL004235,2025-07-07,HEL,ARN,OH-A131,E190,2025-07-07 19:47:00,367,None,0,False,81
FL004236,2025-07-07,HEL,BKK,OH-A133,A320,2025-07-07 18:11:00,493,None,0,False,173
FL004237,2025-07-07,HEL,OSL,OH-A136,A321,2025-07-07 21:52:00,559,None,0,False,197
FL004238,2025-07-07,HEL,CDG,OH-A122,E190,2025-07-07 08:47:00,50,None,0,False,96
FL004239,2025-07-07,HEL,CPH,OH-A131,E190,2025-07-07 12:04:00,98,None,0,False,61
FL004240,2025-07-07,HEL,BCN,OH-A122,E190,2025-07-07 18:34:00,395,None,0,False,93
FL004241,2025-07-07,HEL,NRT,OH-A139,A350,2025-07-07 09:33:00,428,None,0,False,232
FL004242,2025-07-07,HEL,MUC,OH-A121,A320,2025-07-07 18:09:00,249,None,0,False,144
FL004243,2025-07-07,HEL,NRT,OH-A147,A321,2025-07-07 08:02:00,240,None,0,False,148
FL004244,2025-07-07,HEL,BKK,OH-A147,A321,2025-07-07 07:43:00,140,None,0,False,206
FL004245,2025-07-07,HEL,NRT,OH-A136,A321,2025-07-07 13:57:00,599,Late Aircraft,30,False,196
FL004246,2025-07-07,HEL,OSL,OH-A129,A350,2025-07-07 10:27:00,278,ATC,25,False,217
FL004247,2025-07-07,HEL,OSL,OH-A104,A321,2025-07-07 06:49:00,349,ATC,34,False,205
FL004248,2025-07-07,HEL,CDG,OH-A105,E190,2025-07-07 21:43:00,182,Crew,11,False,95
FL004249,2025-07-07,HEL,BCN,OH-A138,A321,2025-07-07 06:19:00,269,None,0,False,165
FL004250,2025-07-07,HEL,NRT,OH-A143,A321,2025-07-07 18:03:00,578,ATC,7,False,170
FL004251,2025-07-07,HEL,CDG,OH-A116,A320,2025-07-07 18:20:00,445,None,0,False,103
FL004252,2025-07-07,HEL,MAD,OH-A147,A321,2025-07-07 12:59:00,429,None,0,False,182
FL004253,2025-07-07,HEL,OSL,OH-A112,A350,2025-07-07 10:36:00,320,Late Aircraft,30,False,177
FL004254,2025-07-07,HEL,MUC,OH-A127,A321,2025-07-07 20:07:00,177,Technical,16,False,183
FL004255,2025-07-07,HEL,FCO,OH-A134,A320,2025-07-07 07:44:00,273,None,0,False,114
FL004256,2025-07-08,HEL,BCN,OH-A114,A320,2025-07-08 21:24:00,434,None,0,False,167
FL004257,2025-07-08,HEL,BKK,OH-A103,A350,2025-07-08 16:10:00,383,Technical,17,False,297
FL004258,2025-07-08,HEL,BKK,OH-A146,A320,2025-07-08 11:49:00,549,None,0,False,135
FL004259,2025-07-08,HEL,BKK,OH-A103,A350,2025-07-08 13:14:00,390,None,0,False,228
FL004260,2025-07-08,HEL,MAD,OH-A147,A321,2025-07-08 13:37:00,516,ATC,56,False,148
FL004261,2025-07-08,HEL,FCO,OH-A115,A321,2025-07-08 18:07:00,140,None,0,False,161
FL004262,2025-07-08,HEL,ARN,OH-A133,A320,2025-07-08 06:56:00,502,ATC,5,False,138
FL004263,2025-07-08,HEL,OSL,OH-A133,A320,2025-07-08 16:04:00,96,None,0,False,113
FL004264,2025-07-08,HEL,MAD,OH-A115,A321,2025-07-08 15:31:00,438,None,0,False,178
FL004265,2025-07-08,HEL,BKK,OH-A147,A321,2025-07-08 12:16:00,209,Crew,47,False,150
FL004266,2025-07-08,HEL,NRT,OH-A145,A350,2025-07-08 06:55:00,431,None,0,False,230
FL004267,2025-07-08,HEL,BCN,OH-A134,A320,2025-07-08 15:36:00,125,None,0,False,100
FL004268,2025-07-08,HEL,CPH,OH-A118,A350,2025-07-08 20:22:00,111,None,0,False,178
FL004269,2025-07-08,HEL,BKK,OH-A144,A350,2025-07-08 16:23:00,161,None,0,False,164
FL004270,2025-07-08,HEL,CDG,OH-A129,A350,2025-07-08 10:18:00,238,None,0,False,191
FL004271,2025-07-08,HEL,ARN,OH-A101,A320,2025-07-08 09:07:00,366,ATC,43,False,127
FL004272,2025-07-08,HEL,FCO,OH-A147,A321,2025-07-08 17:33:00,169,None,0,False,159
FL004273,2025-07-08,HEL,OSL,OH-A133,A320,2025-07-08 06:24:00,61,None,0,False,147
FL004274,2025-07-09,HEL,CDG,OH-A130,A350,2025-07-09 05:15:00,317,None,0,False,277
FL004275,2025-07-09,HEL,BKK,OH-A104,A321,2025-07-09 17:40:00,423,None,0,False,131
FL004276,2025-07-09,HEL,AMS,OH-A138,A321,2025-07-09 19:42:00,400,None,0,False,132
FL004277,2025-07-09,HEL,LHR,OH-A100,A350,2025-07-09 17:15:00,484,None,0,False,273
FL004278,2025-07-09,HEL,MAD,OH-A118,A350,2025-07-09 10:58:00,114,Crew,29,False,245
FL004279,2025-07-09,HEL,ARN,OH-A119,A350,2025-07-09 15:08:00,351,None,0,False,231
FL004280,2025-07-09,HEL,BCN,OH-A118,A350,2025-07-09 15:42:00,105,ATC,12,False,277
FL004281,2025-07-09,HEL,MUC,OH-A122,E190,2025-07-09 07:00:00,418,Technical,37,False,84
FL004282,2025-07-09,HEL,LHR,OH-A145,A350,2025-07-09 12:57:00,351,None,0,False,289
FL004283,2025-07-09,HEL,FCO,OH-A146,A320,2025-07-09 14:52:00,487,None,0,False,159
FL004284,2025-07-09,HEL,ARN,OH-A128,A321,2025-07-09 21:08:00,266,Technical,34,False,191
FL004285,2025-07-09,HEL,BKK,OH-A124,A350,2025-07-09 17:52:00,185,None,0,False,281
FL004286,2025-07-09,HEL,JFK,OH-A147,A321,2025-07-09 20:34:00,198,Ground Handling,9,False,171
FL004287,2025-07-09,HEL,OSL,OH-A143,A321,2025-07-09 06:31:00,242,None,0,False,164
FL004288,2025-07-09,HEL,FRA,OH-A142,A350,2025-07-09 13:48:00,175,None,0,False,252
FL004289,2025-07-09,HEL,OSL,OH-A105,E190,2025-07-09 17:25:00,88,None,0,False,96
FL004290,2025-07-09,HEL,BCN,OH-A121,A320,2025-07-09 10:00:00,377,None,0,False,104
FL004291,2025-07-09,HEL,CDG,OH-A119,A350,2025-07-09 13:25:00,526,None,0,False,243
FL004292,2025-07-09,HEL,FRA,OH-A138,A321,2025-07-09 06:37:00,443,None,0,False,160
FL004293,2025-07-09,HEL,BKK,OH-A138,A321,2025-07-09 21:57:00,614,Weather,5,False,157
FL004294,2025-07-09,HEL,BCN,OH-A117,A321,2025-07-09 15:56:00,186,Weather,68,False,195
FL004295,2025-07-09,HEL,NRT,OH-A105,E190,2025-07-09 08:40:00,293,ATC,29,False,96
FL004296,2025-07-10,HEL,OSL,OH-A111,E190,2025-07-10 09:54:00,148,Ground Handling,6,False,83
FL004297,2025-07-10,HEL,MAD,OH-A128,A321,2025-07-10 20:42:00,232,Crew,36,False,159
FL004298,2025-07-10,HEL,NRT,OH-A114,A320,2025-07-10 12:29:00,85,Crew,58,False,127
FL004299,2025-07-10,HEL,NRT,OH-A132,A321,2025-07-10 21:59:00,132,None,0,False,162
FL004300,2025-07-10,HEL,FRA,OH-A125,A321,2025-07-10 11:58:00,68,Weather,65,False,180
FL004301,2025-07-10,HEL,FCO,OH-A135,A321,2025-07-10 21:44:00,429,Technical,16,False,200
FL004302,2025-07-10,HEL,BKK,OH-A131,E190,2025-07-10 06:31:00,459,None,0,False,70
FL004303,2025-07-10,HEL,JFK,OH-A109,A320,2025-07-10 12:23:00,445,None,0,False,160
FL004304,2025-07-10,HEL,FRA,OH-A142,A350,2025-07-10 07:52:00,323,Technical,27,False,180
FL004305,2025-07-10,HEL,LHR,OH-A125,A321,2025-07-10 07:36:00,443,None,0,False,184
FL004306,2025-07-10,HEL,AMS,OH-A110,A320,2025-07-10 18:42:00,238,None,0,False,136
FL004307,2025-07-10,HEL,AMS,OH-A117,A321,2025-07-10 19:35:00,197,None,0,False,119
FL004308,2025-07-10,HEL,BKK,OH-A104,A321,2025-07-10 20:49:00,355,None,0,False,200
FL004309,2025-07-10,HEL,FCO,OH-A127,A321,2025-07-10 11:10:00,557,Weather,32,False,203
FL004310,2025-07-10,HEL,NRT,OH-A109,A320,2025-07-10 15:48:00,519,ATC,5,False,125
FL004311,2025-07-10,HEL,FCO,OH-A139,A350,2025-07-10 06:18:00,56,None,0,False,230
FL004312,2025-07-10,HEL,FRA,OH-A105,E190,2025-07-10 17:53:00,198,None,0,False,91
FL004313,2025-07-10,HEL,JFK,OH-A134,A320,2025-07-10 09:58:00,309,ATC,26,False,169
FL004314,2025-07-10,HEL,BCN,OH-A125,A321,2025-07-10 09:24:00,517,Late Aircraft,31,False,192
FL004315,2025-07-10,HEL,FCO,OH-A146,A320,2025-07-10 14:06:00,62,Weather,61,False,103
FL004316,2025-07-10,HEL,CDG,OH-A145,A350,2025-07-10 12:45:00,201,ATC,54,False,297
FL004317,2025-07-11,HEL,AMS,OH-A111,E190,2025-07-11 15:49:00,403,None,0,False,80
FL004318,2025-07-11,HEL,OSL,OH-A120,A350,2025-07-11 20:48:00,222,Technical,31,False,195
FL004319,2025-07-11,HEL,NRT,OH-A135,A321,2025-07-11 12:19:00,350,Ground Handling,67,False,159
FL004320,2025-07-11,HEL,OSL,OH-A147,A321,2025-07-11 15:36:00,340,None,0,False,155
FL004321,2025-07-11,HEL,NRT,OH-A116,A320,2025-07-11 14:01:00,292,None,0,False,120
FL004322,2025-07-11,HEL,FCO,OH-A139,A350,2025-07-11 16:52:00,345,ATC,5,False,183
FL004323,2025-07-11,HEL,FCO,OH-A101,A320,2025-07-11 19:13:00,299,ATC,47,False,170
FL004324,2025-07-11,HEL,ARN,OH-A113,A350,2025-07-11 18:16:00,96,None,0,False,174
FL004325,2025-07-11,HEL,FCO,OH-A101,A320,2025-07-11 15:42:00,50,Late Aircraft,53,False,136
FL004326,2025-07-11,HEL,BKK,OH-A125,A321,2025-07-11 15:15:00,348,None,0,False,130
FL004327,2025-07-11,HEL,AMS,OH-A122,E190,2025-07-11 09:16:00,618,None,0,False,66
FL004328,2025-07-11,HEL,FRA,OH-A134,A320,2025-07-11 16:39:00,301,None,0,False,102
FL004329,2025-07-11,HEL,CPH,OH-A131,E190,2025-07-11 07:46:00,180,Technical,25,False,93
FL004330,2025-07-11,HEL,FRA,OH-A108,A321,2025-07-11 20:57:00,522,ATC,24,False,129
FL004331,2025-07-11,HEL,MAD,OH-A112,A350,2025-07-11 09:17:00,124,None,0,False,272
FL004332,2025-07-11,HEL,CDG,OH-A108,A321,2025-07-11 08:53:00,380,Technical,15,False,115
FL004333,2025-07-11,HEL,FCO,OH-A115,A321,2025-07-11 12:24:00,235,Crew,61,False,186
FL004334,2025-07-11,HEL,CPH,OH-A124,A350,2025-07-11 19:14:00,572,None,0,False,256
FL004335,2025-07-11,HEL,MAD,OH-A101,A320,2025-07-11 19:11:00,177,None,0,False,131
FL004336,2025-07-11,HEL,BCN,OH-A117,A321,2025-07-11 21:48:00,395,None,0,True,174
FL004337,2025-07-11,HEL,LHR,OH-A115,A321,2025-07-11 21:23:00,498,Ground Handling,39,False,166
FL004338,2025-07-11,HEL,CDG,OH-A133,A320,2025-07-11 13:25:00,446,None,0,False,151
FL004339,2025-07-12,HEL,OSL,OH-A113,A350,2025-07-12 07:48:00,306,Ground Handling,53,False,217
FL004340,2025-07-12,HEL,BKK,OH-A124,A350,2025-07-12 09:32:00,204,None,0,False,214
FL004341,2025-07-12,HEL,LHR,OH-A106,A350,2025-07-12 08:47:00,551,None,0,False,233
FL004342,2025-07-12,HEL,ARN,OH-A122,E190,2025-07-12 13:50:00,612,None,0,False,80
FL004343,2025-07-12,HEL,ARN,OH-A120,A350,2025-07-12 21:23:00,485,None,0,False,168
FL004344,2025-07-12,HEL,LHR,OH-A109,A320,2025-07-12 11:22:00,280,None,0,False,128
FL004345,2025-07-12,HEL,BCN,OH-A146,A320,2025-07-12 13:23:00,530,None,0,False,158
FL004346,2025-07-12,HEL,FRA,OH-A110,A320,2025-07-12 13:37:00,478,Crew,51,False,107
FL004347,2025-07-12,HEL,FCO,OH-A105,E190,2025-07-12 05:57:00,445,Late Aircraft,19,False,64
FL004348,2025-07-12,HEL,LHR,OH-A124,A350,2025-07-12 11:21:00,325,None,0,False,288
FL004349,2025-07-12,HEL,LHR,OH-A123,E190,2025-07-12 12:27:00,359,Technical,56,False,97
FL004350,2025-07-12,HEL,AMS,OH-A113,A350,2025-07-12 10:37:00,238,Ground Handling,9,False,283
FL004351,2025-07-12,HEL,JFK,OH-A118,A350,2025-07-12 19:19:00,168,None,0,False,204
FL004352,2025-07-12,HEL,MUC,OH-A125,A321,2025-07-12 19:05:00,200,None,0,False,140
FL004353,2025-07-12,HEL,FCO,OH-A146,A320,2025-07-12 06:58:00,500,Technical,35,False,136
FL004354,2025-07-12,HEL,CPH,OH-A126,A320,2025-07-12 09:29:00,200,None,0,False,110
FL004355,2025-07-12,HEL,AMS,OH-A122,E190,2025-07-12 05:06:00,180,None,0,False,72
FL004356,2025-07-12,HEL,FRA,OH-A132,A321,2025-07-12 11:49:00,214,None,0,False,148
FL004357,2025-07-12,HEL,ARN,OH-A114,A320,2025-07-12 06:15:00,446,None,0,False,144
FL004358,2025-07-12,HEL,CDG,OH-A146,A320,2025-07-12 15:04:00,390,None,0,False,109
FL004359,2025-07-13,HEL,LHR,OH-A137,A320,2025-07-13 07:59:00,412,Technical,61,False,170
FL004360,2025-07-13,HEL,BKK,OH-A114,A320,2025-07-13 06:01:00,151,Technical,53,False,128
FL004361,2025-07-13,HEL,CDG,OH-A138,A321,2025-07-13 06:27:00,338,Weather,79,False,150
FL004362,2025-07-13,HEL,CDG,OH-A135,A321,2025-07-13 06:07:00,590,ATC,32,False,198
FL004363,2025-07-13,HEL,JFK,OH-A126,A320,2025-07-13 09:47:00,516,Crew,55,False,117
FL004364,2025-07-13,HEL,NRT,OH-A115,A321,2025-07-13 12:07:00,356,None,0,False,194
FL004365,2025-07-13,HEL,ARN,OH-A123,E190,2025-07-13 12:38:00,577,None,0,False,74
FL004366,2025-07-13,HEL,NRT,OH-A134,A320,2025-07-13 20:51:00,384,None,0,False,143
FL004367,2025-07-13,HEL,MAD,OH-A131,E190,2025-07-13 11:57:00,60,Weather,10,False,96
FL004368,2025-07-13,HEL,NRT,OH-A107,A350,2025-07-13 20:00:00,138,Weather,29,False,271
FL004369,2025-07-13,HEL,CPH,OH-A117,A321,2025-07-13 19:11:00,538,None,0,False,146
FL004370,2025-07-13,HEL,ARN,OH-A127,A321,2025-07-13 06:03:00,614,None,0,False,167
FL004371,2025-07-13,HEL,CDG,OH-A126,A320,2025-07-13 20:31:00,147,None,0,False,127
FL004372,2025-07-13,HEL,JFK,OH-A102,E190,2025-07-13 21:49:00,133,ATC,61,False,75
FL004373,2025-07-13,HEL,FRA,OH-A132,A321,2025-07-13 18:51:00,192,None,0,False,131
FL004374,2025-07-13,HEL,FCO,OH-A109,A320,2025-07-13 13:16:00,509,Crew,49,False,152
FL004375,2025-07-13,HEL,LHR,OH-A136,A321,2025-07-13 12:31:00,486,None,0,False,129
FL004376,2025-07-13,HEL,CDG,OH-A124,A350,2025-07-13 19:22:00,152,None,0,False,173
FL004377,2025-07-13,HEL,NRT,OH-A131,E190,2025-07-13 15:16:00,77,None,0,False,81
FL004378,2025-07-13,HEL,FRA,OH-A109,A320,2025-07-13 20:35:00,335,None,0,False,96
FL004379,2025-07-14,HEL,BKK,OH-A114,A320,2025-07-14 20:40:00,613,None,0,False,141
FL004380,2025-07-14,HEL,JFK,OH-A134,A320,2025-07-14 17:25:00,230,None,0,False,141
FL004381,2025-07-14,HEL,AMS,OH-A117,A321,2025-07-14 19:58:00,596,Weather,5,False,123
FL004382,2025-07-14,HEL,BKK,OH-A126,A320,2025-07-14 15:51:00,186,Crew,5,False,126
FL004383,2025-07-14,HEL,FRA,OH-A109,A320,2025-07-14 12:00:00,192,None,0,False,132
FL004384,2025-07-14,HEL,BKK,OH-A146,A320,2025-07-14 05:35:00,59,Weather,88,False,157
FL004385,2025-07-14,HEL,BKK,OH-A105,E190,2025-07-14 18:14:00,391,None,0,False,90
FL004386,2025-07-14,HEL,LHR,OH-A117,A321,2025-07-14 19:15:00,101,None,0,False,172
FL004387,2025-07-14,HEL,FCO,OH-A129,A350,2025-07-14 16:12:00,524,Late Aircraft,50,False,260
FL004388,2025-07-14,HEL,MAD,OH-A137,A320,2025-07-14 13:39:00,89,None,0,False,160
FL004389,2025-07-14,HEL,FCO,OH-A118,A350,2025-07-14 07:14:00,112,Technical,5,False,189
FL004390,2025-07-14,HEL,OSL,OH-A100,A350,2025-07-14 17:19:00,102,None,0,False,214
FL004391,2025-07-14,HEL,MUC,OH-A127,A321,2025-07-14 20:53:00,182,None,0,False,171
FL004392,2025-07-14,HEL,OSL,OH-A140,A320,2025-07-14 12:20:00,118,None,0,False,174
FL004393,2025-07-14,HEL,NRT,OH-A122,E190,2025-07-14 16:01:00,491,None,0,False,66
FL004394,2025-07-14,HEL,NRT,OH-A100,A350,2025-07-14 14:21:00,407,None,0,False,260
FL004395,2025-07-14,HEL,BCN,OH-A121,A320,2025-07-14 19:00:00,576,None,0,False,108
FL004396,2025-07-14,HEL,CPH,OH-A125,A321,2025-07-14 06:40:00,569,None,0,False,130
FL004397,2025-07-14,HEL,MAD,OH-A145,A350,2025-07-14 17:48:00,238,None,0,False,261
FL004398,2025-07-14,HEL,FRA,OH-A126,A320,2025-07-14 08:08:00,281,Technical,5,False,150
FL004399,2025-07-14,HEL,JFK,OH-A124,A350,2025-07-14 17:12:00,248,Technical,34,False,248
FL004400,2025-07-14,HEL,CPH,OH-A106,A350,2025-07-14 05:29:00,349,None,0,False,281
FL004401,2025-07-14,HEL,AMS,OH-A126,A320,2025-07-14 21:43:00,355,Technical,52,False,156
FL004402,2025-07-14,HEL,AMS,OH-A101,A320,2025-07-14 19:08:00,557,None,0,False,170
FL004403,2025-07-14,HEL,BKK,OH-A142,A350,2025-07-14 18:02:00,496,None,0,False,251
FL004404,2025-07-15,HEL,FCO,OH-A102,E190,2025-07-15 05:40:00,253,Weather,40,True,88
FL004405,2025-07-15,HEL,CPH,OH-A103,A350,2025-07-15 08:19:00,76,None,0,False,245
FL004406,2025-07-15,HEL,BCN,OH-A127,A321,2025-07-15 11:41:00,68,None,0,False,208
FL004407,2025-07-15,HEL,ARN,OH-A133,A320,2025-07-15 21:28:00,183,None,0,False,99
FL004408,2025-07-15,HEL,BKK,OH-A130,A350,2025-07-15 07:34:00,196,None,0,False,276
FL004409,2025-07-15,HEL,JFK,OH-A129,A350,2025-07-15 08:42:00,357,Crew,77,False,191
FL004410,2025-07-15,HEL,LHR,OH-A135,A321,2025-07-15 15:26:00,526,None,0,False,139
FL004411,2025-07-15,HEL,OSL,OH-A131,E190,2025-07-15 19:51:00,188,None,0,False,60
FL004412,2025-07-15,HEL,BCN,OH-A136,A321,2025-07-15 09:24:00,436,Technical,43,False,139
FL004413,2025-07-15,HEL,NRT,OH-A135,A321,2025-07-15 15:40:00,289,None,0,False,127
FL004414,2025-07-15,HEL,CDG,OH-A138,A321,2025-07-15 21:56:00,121,None,0,False,153
FL004415,2025-07-15,HEL,BKK,OH-A117,A321,2025-07-15 13:19:00,302,None,0,False,205
FL004416,2025-07-15,HEL,FRA,OH-A125,A321,2025-07-15 12:04:00,255,None,0,False,172
FL004417,2025-07-15,HEL,FRA,OH-A124,A350,2025-07-15 13:05:00,304,None,0,False,243
FL004418,2025-07-15,HEL,CDG,OH-A119,A350,2025-07-15 14:43:00,342,ATC,68,False,172
FL004419,2025-07-15,HEL,LHR,OH-A141,A350,2025-07-15 11:05:00,198,None,0,False,211
FL004420,2025-07-15,HEL,CDG,OH-A128,A321,2025-07-15 20:52:00,427,None,0,False,142
FL004421,2025-07-15,HEL,OSL,OH-A102,E190,2025-07-15 08:21:00,231,None,0,False,76
FL004422,2025-07-15,HEL,AMS,OH-A121,A320,2025-07-15 09:48:00,69,None,0,False,108
FL004423,2025-07-15,HEL,CDG,OH-A131,E190,2025-07-15 10:44:00,456,Technical,28,False,95
FL004424,2025-07-16,HEL,MUC,OH-A135,A321,2025-07-16 20:03:00,172,None,0,False,114
FL004425,2025-07-16,HEL,NRT,OH-A113,A350,2025-07-16 14:57:00,238,None,0,False,234
FL004426,2025-07-16,HEL,MAD,OH-A123,E190,2025-07-16 19:23:00,411,None,0,False,77
FL004427,2025-07-16,HEL,AMS,OH-A141,A350,2025-07-16 18:25:00,384,None,0,False,280
FL004428,2025-07-16,HEL,MAD,OH-A140,A320,2025-07-16 07:36:00,102,None,0,False,97
FL004429,2025-07-16,HEL,AMS,OH-A122,E190,2025-07-16 15:41:00,248,Crew,5,False,64
FL004430,2025-07-16,HEL,BKK,OH-A128,A321,2025-07-16 15:16:00,551,None,0,False,180
FL004431,2025-07-16,HEL,JFK,OH-A127,A321,2025-07-16 17:15:00,326,None,0,False,128
FL004432,2025-07-16,HEL,JFK,OH-A117,A321,2025-07-16 12:27:00,68,None,0,False,125
FL004433,2025-07-16,HEL,MUC,OH-A115,A321,2025-07-16 19:46:00,58,Technical,61,False,142
FL004434,2025-07-16,HEL,MUC,OH-A123,E190,2025-07-16 09:42:00,436,Crew,5,False,79
FL004435,2025-07-16,HEL,CPH,OH-A105,E190,2025-07-16 21:29:00,130,Technical,48,False,77
FL004436,2025-07-16,HEL,MAD,OH-A122,E190,2025-07-16 07:31:00,408,None,0,False,67
FL004437,2025-07-16,HEL,CPH,OH-A141,A350,2025-07-16 13:18:00,201,Weather,5,False,224
FL004438,2025-07-16,HEL,MUC,OH-A128,A321,2025-07-16 12:10:00,541,None,0,False,174
FL004439,2025-07-16,HEL,CPH,OH-A125,A321,2025-07-16 13:50:00,300,None,0,False,124
FL004440,2025-07-16,HEL,FRA,OH-A133,A320,2025-07-16 19:28:00,450,None,0,False,170
FL004441,2025-07-16,HEL,FCO,OH-A137,A320,2025-07-16 18:51:00,565,None,0,False,165
FL004442,2025-07-16,HEL,CDG,OH-A137,A320,2025-07-16 13:09:00,342,None,0,False,105
FL004443,2025-07-16,HEL,BCN,OH-A121,A320,2025-07-16 13:35:00,293,ATC,47,False,147
FL004444,2025-07-16,HEL,LHR,OH-A146,A320,2025-07-16 09:06:00,260,None,0,False,115
FL004445,2025-07-16,HEL,CDG,OH-A145,A350,2025-07-16 16:35:00,592,None,0,False,173
FL004446,2025-07-16,HEL,OSL,OH-A139,A350,2025-07-16 20:03:00,591,None,0,False,276
FL004447,2025-07-16,HEL,OSL,OH-A129,A350,2025-07-16 05:32:00,497,None,0,False,243
FL004448,2025-07-16,HEL,AMS,OH-A145,A350,2025-07-16 12:15:00,109,Weather,34,False,166
FL004449,2025-07-16,HEL,CPH,OH-A123,E190,2025-07-16 20:42:00,119,None,0,False,69
FL004450,2025-07-16,HEL,NRT,OH-A130,A350,2025-07-16 13:50:00,215,Ground Handling,12,False,236
FL004451,2025-07-17,HEL,CPH,OH-A109,A320,2025-07-17 13:00:00,87,None,0,False,156
FL004452,2025-07-17,HEL,MAD,OH-A135,A321,2025-07-17 12:35:00,229,None,0,False,208
FL004453,2025-07-17,HEL,JFK,OH-A122,E190,2025-07-17 15:07:00,242,None,0,False,74
FL004454,2025-07-17,HEL,NRT,OH-A145,A350,2025-07-17 18:44:00,80,None,0,False,163
FL004455,2025-07-17,HEL,LHR,OH-A108,A321,2025-07-17 14:29:00,296,None,0,False,163
FL004456,2025-07-17,HEL,NRT,OH-A135,A321,2025-07-17 08:02:00,490,Crew,26,False,191
FL004457,2025-07-17,HEL,JFK,OH-A147,A321,2025-07-17 07:44:00,522,None,0,False,204
FL004458,2025-07-17,HEL,FRA,OH-A137,A320,2025-07-17 14:23:00,484,None,0,False,174
FL004459,2025-07-17,HEL,AMS,OH-A123,E190,2025-07-17 16:29:00,524,None,0,False,87
FL004460,2025-07-17,HEL,FRA,OH-A100,A350,2025-07-17 17:49:00,363,Technical,15,False,261
FL004461,2025-07-17,HEL,MAD,OH-A132,A321,2025-07-17 17:20:00,472,None,0,False,125
FL004462,2025-07-17,HEL,JFK,OH-A131,E190,2025-07-17 10:01:00,240,None,0,False,91
FL004463,2025-07-17,HEL,OSL,OH-A107,A350,2025-07-17 13:03:00,416,ATC,61,False,231
FL004464,2025-07-17,HEL,CDG,OH-A128,A321,2025-07-17 05:24:00,152,None,0,False,209
FL004465,2025-07-17,HEL,CPH,OH-A112,A350,2025-07-17 06:28:00,141,None,0,False,218
FL004466,2025-07-17,HEL,BKK,OH-A132,A321,2025-07-17 08:27:00,80,Weather,53,False,114
FL004467,2025-07-17,HEL,AMS,OH-A101,A320,2025-07-17 16:00:00,584,None,0,False,148
FL004468,2025-07-17,HEL,LHR,OH-A104,A321,2025-07-17 13:52:00,326,Crew,73,False,168
FL004469,2025-07-18,HEL,FCO,OH-A113,A350,2025-07-18 07:44:00,184,ATC,39,False,275
FL004470,2025-07-18,HEL,CPH,OH-A103,A350,2025-07-18 20:25:00,592,Crew,5,False,251
FL004471,2025-07-18,HEL,BKK,OH-A127,A321,2025-07-18 20:26:00,442,Crew,33,False,127
FL004472,2025-07-18,HEL,ARN,OH-A115,A321,2025-07-18 05:28:00,331,Ground Handling,5,False,190
FL004473,2025-07-18,HEL,MUC,OH-A121,A320,2025-07-18 12:18:00,156,Weather,26,False,167
FL004474,2025-07-18,HEL,FRA,OH-A124,A350,2025-07-18 11:10:00,461,None,0,False,263
FL004475,2025-07-18,HEL,MAD,OH-A140,A320,2025-07-18 21:34:00,520,None,0,False,122
FL004476,2025-07-18,HEL,FCO,OH-A143,A321,2025-07-18 14:17:00,401,ATC,32,False,158
FL004477,2025-07-18,HEL,FCO,OH-A104,A321,2025-07-18 13:36:00,327,Late Aircraft,44,False,118
FL004478,2025-07-18,HEL,LHR,OH-A127,A321,2025-07-18 20:03:00,576,Technical,35,False,203
FL004479,2025-07-18,HEL,FCO,OH-A124,A350,2025-07-18 05:35:00,478,None,0,False,286
FL004480,2025-07-18,HEL,FCO,OH-A121,A320,2025-07-18 08:13:00,134,None,0,False,133
FL004481,2025-07-18,HEL,ARN,OH-A101,A320,2025-07-18 05:29:00,414,None,0,False,146
FL004482,2025-07-18,HEL,BCN,OH-A106,A350,2025-07-18 16:50:00,122,None,0,False,169
FL004483,2025-07-18,HEL,CPH,OH-A105,E190,2025-07-18 05:05:00,198,None,0,False,99
FL004484,2025-07-18,HEL,MUC,OH-A145,A350,2025-07-18 16:12:00,511,None,0,False,287
FL004485,2025-07-18,HEL,LHR,OH-A120,A350,2025-07-18 08:00:00,249,None,0,False,193
FL004486,2025-07-18,HEL,AMS,OH-A128,A321,2025-07-18 11:44:00,270,Technical,69,False,165
FL004487,2025-07-18,HEL,LHR,OH-A106,A350,2025-07-18 14:47:00,508,None,0,False,167
FL004488,2025-07-18,HEL,NRT,OH-A128,A321,2025-07-18 20:27:00,364,None,0,False,171
FL004489,2025-07-18,HEL,NRT,OH-A134,A320,2025-07-18 21:28:00,349,Crew,5,False,110
FL004490,2025-07-18,HEL,JFK,OH-A107,A350,2025-07-18 07:42:00,260,None,0,False,269
FL004491,2025-07-18,HEL,FCO,OH-A135,A321,2025-07-18 19:06:00,585,None,0,False,131
FL004492,2025-07-18,HEL,AMS,OH-A107,A350,2025-07-18 14:00:00,382,None,0,False,243
FL004493,2025-07-18,HEL,OSL,OH-A143,A321,2025-07-18 14:42:00,184,None,0,False,205
FL004494,2025-07-18,HEL,MUC,OH-A123,E190,2025-07-18 05:57:00,371,None,0,False,64
FL004495,2025-07-18,HEL,AMS,OH-A105,E190,2025-07-18 14:16:00,291,None,0,False,63
FL004496,2025-07-19,HEL,CDG,OH-A107,A350,2025-07-19 05:27:00,566,None,0,False,173
FL004497,2025-07-19,HEL,AMS,OH-A103,A350,2025-07-19 06:01:00,490,None,0,False,215
FL004498,2025-07-19,HEL,OSL,OH-A100,A350,2025-07-19 21:29:00,436,None,0,False,245
FL004499,2025-07-19,HEL,JFK,OH-A122,E190,2025-07-19 13:48:00,462,None,0,False,57
FL004500,2025-07-19,HEL,JFK,OH-A116,A320,2025-07-19 10:28:00,88,None,0,False,172
FL004501,2025-07-19,HEL,LHR,OH-A129,A350,2025-07-19 16:22:00,454,Ground Handling,78,False,235
FL004502,2025-07-19,HEL,FCO,OH-A121,A320,2025-07-19 13:07:00,78,None,0,False,172
FL004503,2025-07-19,HEL,FRA,OH-A110,A320,2025-07-19 13:40:00,265,None,0,False,165
FL004504,2025-07-19,HEL,OSL,OH-A138,A321,2025-07-19 12:53:00,291,None,0,False,127
FL004505,2025-07-19,HEL,JFK,OH-A144,A350,2025-07-19 21:15:00,103,None,0,False,178
FL004506,2025-07-19,HEL,CPH,OH-A117,A321,2025-07-19 10:11:00,484,Technical,15,False,184
FL004507,2025-07-19,HEL,NRT,OH-A117,A321,2025-07-19 19:46:00,119,None,0,False,193
FL004508,2025-07-19,HEL,ARN,OH-A123,E190,2025-07-19 15:03:00,473,ATC,49,False,95
FL004509,2025-07-19,HEL,CDG,OH-A118,A350,2025-07-19 10:31:00,177,None,0,False,234
FL004510,2025-07-19,HEL,LHR,OH-A140,A320,2025-07-19 06:20:00,292,None,0,False,119
FL004511,2025-07-19,HEL,LHR,OH-A135,A321,2025-07-19 20:51:00,145,Technical,19,False,122
FL004512,2025-07-19,HEL,FRA,OH-A111,E190,2025-07-19 20:42:00,549,None,0,False,97
FL004513,2025-07-19,HEL,FCO,OH-A139,A350,2025-07-19 17:05:00,541,Technical,58,False,247
FL004514,2025-07-19,HEL,AMS,OH-A118,A350,2025-07-19 08:05:00,325,Weather,5,False,264
FL004515,2025-07-19,HEL,MUC,OH-A142,A350,2025-07-19 07:38:00,313,None,0,False,210
FL004516,2025-07-19,HEL,BKK,OH-A105,E190,2025-07-19 16:43:00,505,Weather,5,False,72
FL004517,2025-07-19,HEL,FRA,OH-A140,A320,2025-07-19 15:17:00,426,Late Aircraft,11,False,120
FL004518,2025-07-19,HEL,JFK,OH-A105,E190,2025-07-19 19:09:00,203,None,0,False,70
FL004519,2025-07-19,HEL,AMS,OH-A122,E190,2025-07-19 10:37:00,495,None,0,False,65
FL004520,2025-07-19,HEL,CPH,OH-A138,A321,2025-07-19 16:05:00,98,Ground Handling,73,False,209
FL004521,2025-07-19,HEL,LHR,OH-A137,A320,2025-07-19 14:47:00,96,None,0,False,101
FL004522,2025-07-20,HEL,MAD,OH-A101,A320,2025-07-20 10:24:00,597,None,0,False,129
FL004523,2025-07-20,HEL,CPH,OH-A121,A320,2025-07-20 20:50:00,396,Crew,53,False,148
FL004524,2025-07-20,HEL,CDG,OH-A142,A350,2025-07-20 19:40:00,71,None,0,False,218
FL004525,2025-07-20,HEL,JFK,OH-A109,A320,2025-07-20 06:24:00,87,None,0,False,174
FL004526,2025-07-20,HEL,MAD,OH-A138,A321,2025-07-20 20:30:00,324,None,0,False,117
FL004527,2025-07-20,HEL,CPH,OH-A107,A350,2025-07-20 08:18:00,588,None,0,False,224
FL004528,2025-07-20,HEL,OSL,OH-A106,A350,2025-07-20 17:51:00,58,None,0,False,280
FL004529,2025-07-20,HEL,BKK,OH-A141,A350,2025-07-20 20:54:00,425,None,0,False,246
FL004530,2025-07-20,HEL,OSL,OH-A112,A350,2025-07-20 18:40:00,164,None,0,False,194
FL004531,2025-07-20,HEL,BCN,OH-A134,A320,2025-07-20 19:15:00,480,Crew,13,False,146
FL004532,2025-07-20,HEL,BKK,OH-A115,A321,2025-07-20 08:58:00,459,None,0,False,186
FL004533,2025-07-20,HEL,OSL,OH-A105,E190,2025-07-20 16:28:00,65,None,0,False,55
FL004534,2025-07-20,HEL,ARN,OH-A106,A350,2025-07-20 16:58:00,239,None,0,False,197
FL004535,2025-07-20,HEL,JFK,OH-A130,A350,2025-07-20 20:57:00,83,Late Aircraft,57,False,297
FL004536,2025-07-20,HEL,BKK,OH-A129,A350,2025-07-20 20:24:00,72,None,0,False,213
FL004537,2025-07-20,HEL,MUC,OH-A103,A350,2025-07-20 18:40:00,296,None,0,False,178
FL004538,2025-07-20,HEL,LHR,OH-A128,A321,2025-07-20 21:16:00,204,None,0,False,116
FL004539,2025-07-20,HEL,ARN,OH-A109,A320,2025-07-20 20:32:00,116,None,0,False,108
FL004540,2025-07-20,HEL,NRT,OH-A121,A320,2025-07-20 08:50:00,562,None,0,False,122
FL004541,2025-07-20,HEL,JFK,OH-A110,A320,2025-07-20 05:08:00,179,None,0,True,100
FL004542,2025-07-20,HEL,NRT,OH-A143,A321,2025-07-20 15:34:00,58,None,0,False,144
FL004543,2025-07-20,HEL,JFK,OH-A139,A350,2025-07-20 18:47:00,401,ATC,19,False,268
FL004544,2025-07-20,HEL,FRA,OH-A105,E190,2025-07-20 18:31:00,108,None,0,False,91
FL004545,2025-07-20,HEL,FRA,OH-A101,A320,2025-07-20 18:13:00,76,None,0,False,104
FL004546,2025-07-20,HEL,AMS,OH-A108,A321,2025-07-20 18:25:00,119,None,0,False,200
FL004547,2025-07-20,HEL,FCO,OH-A137,A320,2025-07-20 11:33:00,141,None,0,False,143
FL004548,2025-07-20,HEL,CPH,OH-A114,A320,2025-07-20 15:45:00,369,None,0,False,107
FL004549,2025-07-21,HEL,CDG,OH-A139,A350,2025-07-21 05:17:00,224,None,0,False,252
FL004550,2025-07-21,HEL,LHR,OH-A129,A350,2025-07-21 15:11:00,111,None,0,False,223
FL004551,2025-07-21,HEL,ARN,OH-A132,A321,2025-07-21 15:09:00,172,None,0,False,192
FL004552,2025-07-21,HEL,OSL,OH-A146,A320,2025-07-21 18:38:00,235,Weather,67,False,169
FL004553,2025-07-21,HEL,NRT,OH-A105,E190,2025-07-21 20:38:00,424,None,0,False,92
FL004554,2025-07-21,HEL,FCO,OH-A113,A350,2025-07-21 12:17:00,403,None,0,False,198
FL004555,2025-07-21,HEL,FRA,OH-A109,A320,2025-07-21 21:01:00,339,Technical,27,False,172
FL004556,2025-07-21,HEL,ARN,OH-A100,A350,2025-07-21 21:31:00,564,None,0,False,262
FL004557,2025-07-21,HEL,AMS,OH-A126,A320,2025-07-21 19:12:00,277,None,0,False,108
FL004558,2025-07-21,HEL,NRT,OH-A114,A320,2025-07-21 19:40:00,144,ATC,68,False,112
FL004559,2025-07-21,HEL,JFK,OH-A103,A350,2025-07-21 08:31:00,82,Technical,27,False,295
FL004560,2025-07-21,HEL,FCO,OH-A135,A321,2025-07-21 18:22:00,409,None,0,False,148
FL004561,2025-07-21,HEL,LHR,OH-A129,A350,2025-07-21 07:49:00,73,ATC,14,False,167
FL004562,2025-07-21,HEL,AMS,OH-A126,A320,2025-07-21 16:25:00,159,None,0,False,124
FL004563,2025-07-21,HEL,ARN,OH-A136,A321,2025-07-21 17:18:00,520,None,0,False,198
FL004564,2025-07-21,HEL,NRT,OH-A132,A321,2025-07-21 20:07:00,526,None,0,False,122
FL004565,2025-07-21,HEL,CPH,OH-A129,A350,2025-07-21 21:54:00,499,None,0,False,208
FL004566,2025-07-21,HEL,BCN,OH-A145,A350,2025-07-21 09:26:00,584,Weather,50,False,251
FL004567,2025-07-21,HEL,LHR,OH-A131,E190,2025-07-21 05:53:00,498,None,0,False,76
FL004568,2025-07-21,HEL,MUC,OH-A103,A350,2025-07-21 19:38:00,438,None,0,False,202
FL004569,2025-07-22,HEL,LHR,OH-A102,E190,2025-07-22 10:55:00,357,None,0,False,73
FL004570,2025-07-22,HEL,CDG,OH-A134,A320,2025-07-22 17:54:00,174,None,0,False,130
FL004571,2025-07-22,HEL,FCO,OH-A139,A350,2025-07-22 20:21:00,85,None,0,False,276
FL004572,2025-07-22,HEL,JFK,OH-A140,A320,2025-07-22 09:15:00,459,ATC,12,False,168
FL004573,2025-07-22,HEL,CPH,OH-A127,A321,2025-07-22 14:56:00,360,ATC,5,False,146
FL004574,2025-07-22,HEL,AMS,OH-A135,A321,2025-07-22 21:02:00,431,None,0,False,146
FL004575,2025-07-22,HEL,BCN,OH-A135,A321,2025-07-22 05:30:00,338,None,0,False,198
FL004576,2025-07-22,HEL,CPH,OH-A124,A350,2025-07-22 06:22:00,441,None,0,False,200
FL004577,2025-07-22,HEL,BKK,OH-A133,A320,2025-07-22 11:26:00,388,None,0,False,166
FL004578,2025-07-22,HEL,OSL,OH-A103,A350,2025-07-22 14:50:00,317,None,0,False,200
FL004579,2025-07-22,HEL,NRT,OH-A108,A321,2025-07-22 06:17:00,280,None,0,False,195
FL004580,2025-07-22,HEL,ARN,OH-A128,A321,2025-07-22 10:58:00,273,None,0,False,138
FL004581,2025-07-22,HEL,NRT,OH-A125,A321,2025-07-22 09:05:00,592,None,0,False,118
FL004582,2025-07-22,HEL,ARN,OH-A145,A350,2025-07-22 14:08:00,94,None,0,False,274
FL004583,2025-07-22,HEL,MAD,OH-A112,A350,2025-07-22 18:40:00,362,Weather,47,False,183
FL004584,2025-07-22,HEL,AMS,OH-A146,A320,2025-07-22 08:44:00,509,None,0,False,141
FL004585,2025-07-22,HEL,FRA,OH-A134,A320,2025-07-22 15:16:00,348,None,0,False,148
FL004586,2025-07-22,HEL,CPH,OH-A108,A321,2025-07-22 21:57:00,480,Weather,37,False,188
FL004587,2025-07-22,HEL,MAD,OH-A115,A321,2025-07-22 05:10:00,293,Technical,5,False,192
FL004588,2025-07-22,HEL,BCN,OH-A136,A321,2025-07-22 17:20:00,475,None,0,False,197
FL004589,2025-07-22,HEL,CDG,OH-A103,A350,2025-07-22 16:45:00,105,None,0,False,244
FL004590,2025-07-22,HEL,FRA,OH-A102,E190,2025-07-22 06:22:00,348,Crew,34,False,91
FL004591,2025-07-22,HEL,MUC,OH-A110,A320,2025-07-22 10:12:00,392,None,0,False,161
FL004592,2025-07-22,HEL,MAD,OH-A114,A320,2025-07-22 13:26:00,560,None,0,False,149
FL004593,2025-07-22,HEL,MUC,OH-A130,A350,2025-07-22 19:41:00,231,None,0,False,180
FL004594,2025-07-23,HEL,ARN,OH-A133,A320,2025-07-23 08:50:00,542,None,0,True,107
FL004595,2025-07-23,HEL,NRT,OH-A122,E190,2025-07-23 07:10:00,601,Crew,51,False,69
FL004596,2025-07-23,HEL,NRT,OH-A100,A350,2025-07-23 21:52:00,278,None,0,False,256
FL004597,2025-07-23,HEL,LHR,OH-A124,A350,2025-07-23 19:45:00,163,None,0,False,169
FL004598,2025-07-23,HEL,MAD,OH-A138,A321,2025-07-23 05:36:00,609,None,0,False,179
FL004599,2025-07-23,HEL,LHR,OH-A104,A321,2025-07-23 09:48:00,107,None,0,False,206
FL004600,2025-07-23,HEL,JFK,OH-A133,A320,2025-07-23 13:24:00,611,None,0,False,135
FL004601,2025-07-23,HEL,FCO,OH-A119,A350,2025-07-23 13:22:00,412,ATC,33,False,194
FL004602,2025-07-23,HEL,FRA,OH-A140,A320,2025-07-23 15:33:00,437,None,0,False,158
FL004603,2025-07-23,HEL,NRT,OH-A128,A321,2025-07-23 17:21:00,379,Technical,63,True,180
FL004604,2025-07-23,HEL,LHR,OH-A137,A320,2025-07-23 15:16:00,345,Late Aircraft,44,False,160
FL004605,2025-07-23,HEL,BKK,OH-A132,A321,2025-07-23 15:28:00,565,None,0,False,190
FL004606,2025-07-23,HEL,CDG,OH-A109,A320,2025-07-23 06:29:00,199,Weather,32,False,119
FL004607,2025-07-23,HEL,NRT,OH-A123,E190,2025-07-23 18:45:00,151,Weather,39,False,64
FL004608,2025-07-23,HEL,JFK,OH-A146,A320,2025-07-23 11:53:00,46,Technical,47,False,106
FL004609,2025-07-23,HEL,MUC,OH-A130,A350,2025-07-23 12:58:00,229,None,0,False,253
FL004610,2025-07-23,HEL,CPH,OH-A107,A350,2025-07-23 21:46:00,614,None,0,False,266
FL004611,2025-07-23,HEL,FCO,OH-A136,A321,2025-07-23 15:13:00,530,Weather,8,False,173
FL004612,2025-07-24,HEL,AMS,OH-A125,A321,2025-07-24 08:14:00,190,None,0,False,189
FL004613,2025-07-24,HEL,FCO,OH-A128,A321,2025-07-24 21:59:00,214,None,0,False,184
FL004614,2025-07-24,HEL,CPH,OH-A141,A350,2025-07-24 16:33:00,547,Technical,78,False,242
FL004615,2025-07-24,HEL,FCO,OH-A133,A320,2025-07-24 07:28:00,487,None,0,False,97
FL004616,2025-07-24,HEL,LHR,OH-A123,E190,2025-07-24 19:19:00,587,Late Aircraft,37,False,73
FL004617,2025-07-24,HEL,FCO,OH-A108,A321,2025-07-24 14:13:00,291,None,0,False,126
FL004618,2025-07-24,HEL,FCO,OH-A110,A320,2025-07-24 19:57:00,291,Ground Handling,7,False,114
FL004619,2025-07-24,HEL,ARN,OH-A144,A350,2025-07-24 16:16:00,260,None,0,False,181
FL004620,2025-07-24,HEL,LHR,OH-A110,A320,2025-07-24 10:48:00,402,Crew,35,False,129
FL004621,2025-07-24,HEL,JFK,OH-A114,A320,2025-07-24 11:48:00,79,Ground Handling,65,True,164
FL004622,2025-07-24,HEL,CDG,OH-A120,A350,2025-07-24 12:53:00,347,None,0,False,274
FL004623,2025-07-24,HEL,FRA,OH-A109,A320,2025-07-24 08:58:00,315,None,0,False,101
FL004624,2025-07-24,HEL,ARN,OH-A113,A350,2025-07-24 15:43:00,415,None,0,False,215
FL004625,2025-07-24,HEL,MAD,OH-A106,A350,2025-07-24 12:57:00,575,None,0,False,238
FL004626,2025-07-24,HEL,CPH,OH-A111,E190,2025-07-24 18:20:00,405,None,0,False,74
FL004627,2025-07-24,HEL,LHR,OH-A145,A350,2025-07-24 14:35:00,367,ATC,38,False,190
FL004628,2025-07-24,HEL,FRA,OH-A102,E190,2025-07-24 08:05:00,412,None,0,False,59
FL004629,2025-07-24,HEL,FCO,OH-A105,E190,2025-07-24 10:41:00,486,None,0,False,87
FL004630,2025-07-24,HEL,FRA,OH-A126,A320,2025-07-24 05:07:00,51,None,0,True,143
FL004631,2025-07-24,HEL,BKK,OH-A133,A320,2025-07-24 18:20:00,123,None,0,True,95
FL004632,2025-07-25,HEL,AMS,OH-A121,A320,2025-07-25 11:34:00,127,Technical,5,False,116
FL004633,2025-07-25,HEL,OSL,OH-A121,A320,2025-07-25 21:16:00,488,None,0,False,174
FL004634,2025-07-25,HEL,FRA,OH-A136,A321,2025-07-25 09:29:00,139,None,0,False,195
FL004635,2025-07-25,HEL,LHR,OH-A138,A321,2025-07-25 10:12:00,348,None,0,False,168
FL004636,2025-07-25,HEL,FRA,OH-A139,A350,2025-07-25 17:45:00,478,None,0,False,208
FL004637,2025-07-25,HEL,AMS,OH-A124,A350,2025-07-25 18:39:00,577,Weather,46,False,296
FL004638,2025-07-25,HEL,OSL,OH-A120,A350,2025-07-25 05:56:00,459,ATC,21,False,294
FL004639,2025-07-25,HEL,JFK,OH-A118,A350,2025-07-25 15:00:00,510,None,0,False,246
FL004640,2025-07-25,HEL,MUC,OH-A107,A350,2025-07-25 17:36:00,319,None,0,False,269
FL004641,2025-07-25,HEL,JFK,OH-A117,A321,2025-07-25 12:20:00,432,None,0,False,189
FL004642,2025-07-25,HEL,JFK,OH-A132,A321,2025-07-25 12:12:00,534,None,0,False,196
FL004643,2025-07-25,HEL,LHR,OH-A125,A321,2025-07-25 19:54:00,363,None,0,False,138
FL004644,2025-07-25,HEL,CDG,OH-A107,A350,2025-07-25 17:31:00,107,Weather,50,False,222
FL004645,2025-07-25,HEL,BKK,OH-A101,A320,2025-07-25 17:36:00,158,None,0,False,172
FL004646,2025-07-25,HEL,CDG,OH-A102,E190,2025-07-25 08:12:00,209,ATC,20,False,65
FL004647,2025-07-25,HEL,CPH,OH-A109,A320,2025-07-25 15:44:00,121,Weather,20,False,165
FL004648,2025-07-25,HEL,MUC,OH-A113,A350,2025-07-25 06:12:00,334,None,0,False,180
FL004649,2025-07-25,HEL,BKK,OH-A146,A320,2025-07-25 06:20:00,178,None,0,False,142
FL004650,2025-07-25,HEL,LHR,OH-A127,A321,2025-07-25 16:04:00,491,None,0,False,196
FL004651,2025-07-25,HEL,BCN,OH-A123,E190,2025-07-25 11:29:00,229,Weather,48,False,97
FL004652,2025-07-25,HEL,CDG,OH-A146,A320,2025-07-25 14:02:00,366,None,0,False,144
FL004653,2025-07-25,HEL,AMS,OH-A111,E190,2025-07-25 17:46:00,95,None,0,False,66
FL004654,2025-07-26,HEL,AMS,OH-A144,A350,2025-07-26 17:59:00,222,ATC,41,False,268
FL004655,2025-07-26,HEL,AMS,OH-A127,A321,2025-07-26 11:19:00,73,None,0,False,141
FL004656,2025-07-26,HEL,FRA,OH-A132,A321,2025-07-26 10:32:00,496,None,0,False,139
FL004657,2025-07-26,HEL,BKK,OH-A127,A321,2025-07-26 11:05:00,174,ATC,47,False,140
FL004658,2025-07-26,HEL,BKK,OH-A135,A321,2025-07-26 20:23:00,122,Technical,22,False,163
FL004659,2025-07-26,HEL,BCN,OH-A131,E190,2025-07-26 18:53:00,586,Late Aircraft,64,False,95
FL004660,2025-07-26,HEL,CPH,OH-A114,A320,2025-07-26 06:29:00,543,None,0,False,166
FL004661,2025-07-26,HEL,LHR,OH-A124,A350,2025-07-26 11:20:00,603,None,0,False,167
FL004662,2025-07-26,HEL,OSL,OH-A108,A321,2025-07-26 16:27:00,411,None,0,True,136
FL004663,2025-07-26,HEL,ARN,OH-A146,A320,2025-07-26 05:27:00,359,None,0,False,124
FL004664,2025-07-26,HEL,AMS,OH-A117,A321,2025-07-26 11:28:00,361,Weather,12,False,203
FL004665,2025-07-26,HEL,ARN,OH-A142,A350,2025-07-26 06:50:00,609,None,0,False,178
FL004666,2025-07-26,HEL,BCN,OH-A101,A320,2025-07-26 21:38:00,363,Weather,59,False,97
FL004667,2025-07-26,HEL,LHR,OH-A110,A320,2025-07-26 16:38:00,501,None,0,False,124
FL004668,2025-07-26,HEL,FCO,OH-A109,A320,2025-07-26 10:56:00,598,Ground Handling,31,False,126
FL004669,2025-07-26,HEL,MUC,OH-A123,E190,2025-07-26 20:01:00,184,None,0,False,84
FL004670,2025-07-26,HEL,BKK,OH-A131,E190,2025-07-26 20:39:00,459,None,0,False,98
FL004671,2025-07-26,HEL,FRA,OH-A122,E190,2025-07-26 17:23:00,449,None,0,False,63
FL004672,2025-07-26,HEL,OSL,OH-A131,E190,2025-07-26 12:39:00,120,Ground Handling,61,False,84
FL004673,2025-07-27,HEL,CPH,OH-A100,A350,2025-07-27 14:01:00,260,None,0,False,194
FL004674,2025-07-27,HEL,CPH,OH-A132,A321,2025-07-27 16:40:00,358,None,0,False,194
FL004675,2025-07-27,HEL,BCN,OH-A135,A321,2025-07-27 16:23:00,611,Crew,26,False,172
FL004676,2025-07-27,HEL,FRA,OH-A122,E190,2025-07-27 12:29:00,120,None,0,False,68
FL004677,2025-07-27,HEL,JFK,OH-A118,A350,2025-07-27 06:53:00,596,Crew,36,False,186
FL004678,2025-07-27,HEL,ARN,OH-A145,A350,2025-07-27 21:08:00,158,Crew,41,False,237
FL004679,2025-07-27,HEL,OSL,OH-A121,A320,2025-07-27 17:13:00,229,None,0,False,121
FL004680,2025-07-27,HEL,JFK,OH-A136,A321,2025-07-27 21:07:00,171,None,0,False,167
FL004681,2025-07-27,HEL,BKK,OH-A139,A350,2025-07-27 10:44:00,60,Technical,5,False,223
FL004682,2025-07-27,HEL,FCO,OH-A147,A321,2025-07-27 12:17:00,294,None,0,False,206
FL004683,2025-07-27,HEL,ARN,OH-A117,A321,2025-07-27 09:01:00,82,None,0,False,183
FL004684,2025-07-27,HEL,ARN,OH-A109,A320,2025-07-27 06:06:00,445,Technical,6,False,137
FL004685,2025-07-27,HEL,NRT,OH-A105,E190,2025-07-27 13:35:00,262,None,0,False,78
FL004686,2025-07-27,HEL,FRA,OH-A116,A320,2025-07-27 10:17:00,201,None,0,False,127
FL004687,2025-07-27,HEL,FRA,OH-A123,E190,2025-07-27 07:21:00,138,None,0,False,77
FL004688,2025-07-27,HEL,BKK,OH-A138,A321,2025-07-27 12:38:00,104,None,0,False,150
FL004689,2025-07-27,HEL,LHR,OH-A119,A350,2025-07-27 10:04:00,403,None,0,False,196
FL004690,2025-07-27,HEL,LHR,OH-A117,A321,2025-07-27 07:19:00,231,ATC,5,False,194
FL004691,2025-07-27,HEL,MAD,OH-A143,A321,2025-07-27 07:53:00,180,None,0,False,197
FL004692,2025-07-27,HEL,NRT,OH-A144,A350,2025-07-27 08:45:00,183,Technical,42,False,195
FL004693,2025-07-27,HEL,AMS,OH-A117,A321,2025-07-27 06:34:00,332,Weather,32,False,184
FL004694,2025-07-27,HEL,OSL,OH-A102,E190,2025-07-27 18:11:00,578,Weather,41,False,88
FL004695,2025-07-27,HEL,ARN,OH-A116,A320,2025-07-27 10:49:00,487,None,0,False,114
FL004696,2025-07-28,HEL,JFK,OH-A101,A320,2025-07-28 18:21:00,530,Crew,72,False,160
FL004697,2025-07-28,HEL,ARN,OH-A105,E190,2025-07-28 17:23:00,364,Weather,44,False,82
FL004698,2025-07-28,HEL,FRA,OH-A117,A321,2025-07-28 06:31:00,569,None,0,False,164
FL004699,2025-07-28,HEL,ARN,OH-A121,A320,2025-07-28 17:22:00,137,None,0,False,123
FL004700,2025-07-28,HEL,MAD,OH-A114,A320,2025-07-28 14:00:00,327,None,0,False,96
FL004701,2025-07-28,HEL,OSL,OH-A114,A320,2025-07-28 19:13:00,277,None,0,False,146
FL004702,2025-07-28,HEL,AMS,OH-A106,A350,2025-07-28 13:47:00,407,None,0,False,192
FL004703,2025-07-28,HEL,MUC,OH-A146,A320,2025-07-28 10:16:00,57,None,0,False,168
FL004704,2025-07-28,HEL,AMS,OH-A144,A350,2025-07-28 08:42:00,402,ATC,17,False,285
FL004705,2025-07-28,HEL,MAD,OH-A134,A320,2025-07-28 06:20:00,272,None,0,False,122
FL004706,2025-07-28,HEL,MUC,OH-A125,A321,2025-07-28 16:27:00,503,Technical,29,True,114
FL004707,2025-07-28,HEL,AMS,OH-A134,A320,2025-07-28 13:56:00,532,Weather,34,False,130
FL004708,2025-07-28,HEL,CDG,OH-A113,A350,2025-07-28 05:07:00,195,None,0,False,179
FL004709,2025-07-28,HEL,AMS,OH-A129,A350,2025-07-28 09:13:00,508,Weather,39,False,212
FL004710,2025-07-28,HEL,CDG,OH-A104,A321,2025-07-28 19:21:00,53,Weather,48,False,193
FL004711,2025-07-28,HEL,BCN,OH-A121,A320,2025-07-28 16:25:00,137,None,0,False,143
FL004712,2025-07-28,HEL,FCO,OH-A129,A350,2025-07-28 07:16:00,493,Weather,39,False,226
FL004713,2025-07-28,HEL,BCN,OH-A128,A321,2025-07-28 21:48:00,213,Weather,39,False,133
FL004714,2025-07-29,HEL,BKK,OH-A133,A320,2025-07-29 12:22:00,172,None,0,False,134
FL004715,2025-07-29,HEL,CPH,OH-A127,A321,2025-07-29 07:50:00,459,None,0,False,201
FL004716,2025-07-29,HEL,JFK,OH-A122,E190,2025-07-29 14:06:00,508,None,0,False,72
FL004717,2025-07-29,HEL,MAD,OH-A122,E190,2025-07-29 17:02:00,488,None,0,False,94
FL004718,2025-07-29,HEL,CPH,OH-A129,A350,2025-07-29 10:16:00,304,None,0,False,223
FL004719,2025-07-29,HEL,NRT,OH-A115,A321,2025-07-29 06:34:00,269,Crew,29,False,169
FL004720,2025-07-29,HEL,OSL,OH-A123,E190,2025-07-29 05:32:00,400,None,0,False,77
FL004721,2025-07-29,HEL,OSL,OH-A112,A350,2025-07-29 21:57:00,407,Ground Handling,48,False,268
FL004722,2025-07-29,HEL,MUC,OH-A135,A321,2025-07-29 10:38:00,138,Crew,47,False,208
FL004723,2025-07-29,HEL,CPH,OH-A118,A350,2025-07-29 19:20:00,165,None,0,False,240
FL004724,2025-07-29,HEL,CPH,OH-A111,E190,2025-07-29 19:50:00,92,None,0,False,58
FL004725,2025-07-29,HEL,BCN,OH-A135,A321,2025-07-29 14:18:00,460,None,0,False,187
FL004726,2025-07-29,HEL,BKK,OH-A128,A321,2025-07-29 16:25:00,278,None,0,False,119
FL004727,2025-07-29,HEL,ARN,OH-A143,A321,2025-07-29 21:01:00,535,None,0,False,194
FL004728,2025-07-29,HEL,BCN,OH-A145,A350,2025-07-29 21:52:00,254,None,0,False,183
FL004729,2025-07-29,HEL,BCN,OH-A116,A320,2025-07-29 10:07:00,490,None,0,False,106
FL004730,2025-07-29,HEL,ARN,OH-A119,A350,2025-07-29 18:40:00,96,None,0,False,173
FL004731,2025-07-29,HEL,OSL,OH-A105,E190,2025-07-29 05:40:00,250,None,0,False,87
FL004732,2025-07-29,HEL,FRA,OH-A123,E190,2025-07-29 14:09:00,589,None,0,False,95
FL004733,2025-07-30,HEL,OSL,OH-A119,A350,2025-07-30 14:46:00,439,None,0,False,233
FL004734,2025-07-30,HEL,ARN,OH-A101,A320,2025-07-30 09:58:00,111,None,0,False,106
FL004735,2025-07-30,HEL,BKK,OH-A128,A321,2025-07-30 10:51:00,385,None,0,False,157
FL004736,2025-07-30,HEL,OSL,OH-A111,E190,2025-07-30 12:52:00,114,Technical,31,False,72
FL004737,2025-07-30,HEL,CDG,OH-A124,A350,2025-07-30 17:25:00,173,None,0,False,290
FL004738,2025-07-30,HEL,FCO,OH-A127,A321,2025-07-30 10:07:00,492,None,0,False,196
FL004739,2025-07-30,HEL,CPH,OH-A131,E190,2025-07-30 06:39:00,194,None,0,False,67
FL004740,2025-07-30,HEL,OSL,OH-A133,A320,2025-07-30 07:27:00,281,None,0,False,145
FL004741,2025-07-30,HEL,FCO,OH-A102,E190,2025-07-30 11:35:00,252,None,0,False,86
FL004742,2025-07-30,HEL,ARN,OH-A108,A321,2025-07-30 18:02:00,239,Technical,40,False,169
FL004743,2025-07-30,HEL,MAD,OH-A108,A321,2025-07-30 08:12:00,573,None,0,False,116
FL004744,2025-07-30,HEL,MUC,OH-A113,A350,2025-07-30 07:45:00,526,None,0,False,246
FL004745,2025-07-30,HEL,LHR,OH-A122,E190,2025-07-30 17:51:00,538,None,0,False,87
FL004746,2025-07-30,HEL,BCN,OH-A131,E190,2025-07-30 14:18:00,493,Ground Handling,27,False,81
FL004747,2025-07-30,HEL,CDG,OH-A105,E190,2025-07-30 19:11:00,212,None,0,False,77
FL004748,2025-07-30,HEL,BKK,OH-A137,A320,2025-07-30 06:32:00,224,Technical,5,False,112
FL004749,2025-07-30,HEL,AMS,OH-A134,A320,2025-07-30 06:11:00,431,None,0,False,106
FL004750,2025-07-30,HEL,FCO,OH-A102,E190,2025-07-30 11:54:00,380,Crew,47,False,77
FL004751,2025-07-30,HEL,LHR,OH-A105,E190,2025-07-30 05:24:00,279,None,0,False,83
FL004752,2025-07-30,HEL,JFK,OH-A108,A321,2025-07-30 11:19:00,295,None,0,False,193
FL004753,2025-07-30,HEL,CDG,OH-A114,A320,2025-07-30 16:19:00,615,None,0,False,119
FL004754,2025-07-30,HEL,MUC,OH-A114,A320,2025-07-30 12:17:00,143,None,0,False,156
FL004755,2025-07-30,HEL,JFK,OH-A136,A321,2025-07-30 20:12:00,194,ATC,20,False,142
FL004756,2025-07-30,HEL,NRT,OH-A130,A350,2025-07-30 21:45:00,442,None,0,False,291
FL004757,2025-07-30,HEL,FCO,OH-A115,A321,2025-07-30 06:38:00,62,Weather,36,False,193
FL004758,2025-07-30,HEL,MAD,OH-A109,A320,2025-07-30 20:00:00,586,Weather,62,False,126
FL004759,2025-07-30,HEL,MAD,OH-A137,A320,2025-07-30 05:26:00,574,Crew,5,False,157
FL004760,2025-07-31,HEL,CDG,OH-A132,A321,2025-07-31 12:15:00,115,None,0,False,195
FL004761,2025-07-31,HEL,BKK,OH-A103,A350,2025-07-31 13:47:00,290,None,0,False,235
FL004762,2025-07-31,HEL,BKK,OH-A145,A350,2025-07-31 05:13:00,576,Crew,66,False,277
FL004763,2025-07-31,HEL,MUC,OH-A125,A321,2025-07-31 08:14:00,57,Crew,66,False,115
FL004764,2025-07-31,HEL,ARN,OH-A111,E190,2025-07-31 14:25:00,103,None,0,False,75
FL004765,2025-07-31,HEL,BKK,OH-A136,A321,2025-07-31 07:57:00,208,None,0,False,119
FL004766,2025-07-31,HEL,BCN,OH-A107,A350,2025-07-31 09:04:00,409,None,0,False,222
FL004767,2025-07-31,HEL,MUC,OH-A132,A321,2025-07-31 18:28:00,618,None,0,False,146
FL004768,2025-07-31,HEL,CPH,OH-A136,A321,2025-07-31 11:39:00,203,None,0,False,142
FL004769,2025-07-31,HEL,BKK,OH-A146,A320,2025-07-31 11:20:00,384,Ground Handling,34,False,136
FL004770,2025-07-31,HEL,FCO,OH-A107,A350,2025-07-31 18:09:00,541,None,0,False,236
FL004771,2025-07-31,HEL,LHR,OH-A146,A320,2025-07-31 13:34:00,147,None,0,False,103
FL004772,2025-07-31,HEL,AMS,OH-A109,A320,2025-07-31 14:53:00,595,Crew,5,False,125
FL004773,2025-07-31,HEL,CDG,OH-A127,A321,2025-07-31 07:09:00,183,None,0,False,209
FL004774,2025-07-31,HEL,NRT,OH-A112,A350,2025-07-31 05:40:00,68,None,0,False,264
FL004775,2025-07-31,HEL,FRA,OH-A118,A350,2025-07-31 21:56:00,399,None,0,False,274
FL004776,2025-07-31,HEL,NRT,OH-A142,A350,2025-07-31 07:12:00,366,ATC,20,False,210
FL004777,2025-07-31,HEL,MAD,OH-A113,A350,2025-07-31 11:06:00,203,Crew,50,False,238
FL004778,2025-07-31,HEL,AMS,OH-A139,A350,2025-07-31 17:00:00,455,None,0,False,204
FL004779,2025-07-31,HEL,AMS,OH-A134,A320,2025-07-31 05:13:00,240,ATC,36,False,120
FL004780,2025-07-31,HEL,JFK,OH-A103,A350,2025-07-31 09:02:00,486,Weather,39,False,183
FL004781,2025-07-31,HEL,FRA,OH-A100,A350,2025-07-31 19:03:00,258,None,0,False,293
FL004782,2025-08-01,HEL,FRA,OH-A102,E190,2025-08-01 06:50:00,62,None,0,False,75
FL004783,2025-08-01,HEL,MUC,OH-A121,A320,2025-08-01 14:07:00,79,None,0,False,152
FL004784,2025-08-01,HEL,ARN,OH-A116,A320,2025-08-01 10:22:00,251,Weather,26,False,142
FL004785,2025-08-01,HEL,AMS,OH-A114,A320,2025-08-01 05:06:00,443,Ground Handling,42,False,137
FL004786,2025-08-01,HEL,FRA,OH-A115,A321,2025-08-01 12:12:00,435,Crew,47,False,186
FL004787,2025-08-01,HEL,CDG,OH-A136,A321,2025-08-01 05:20:00,490,None,0,False,172
FL004788,2025-08-01,HEL,JFK,OH-A121,A320,2025-08-01 15:32:00,110,None,0,False,147
FL004789,2025-08-01,HEL,BKK,OH-A116,A320,2025-08-01 20:05:00,489,None,0,False,151
FL004790,2025-08-01,HEL,FRA,OH-A117,A321,2025-08-01 11:12:00,369,Weather,31,False,146
FL004791,2025-08-01,HEL,FCO,OH-A143,A321,2025-08-01 19:23:00,81,None,0,False,118
FL004792,2025-08-01,HEL,LHR,OH-A118,A350,2025-08-01 18:11:00,528,None,0,False,291
FL004793,2025-08-01,HEL,NRT,OH-A125,A321,2025-08-01 08:39:00,509,Weather,5,True,204
FL004794,2025-08-01,HEL,MAD,OH-A132,A321,2025-08-01 13:30:00,455,Ground Handling,10,False,137
FL004795,2025-08-01,HEL,FCO,OH-A101,A320,2025-08-01 12:33:00,76,None,0,False,148
FL004796,2025-08-01,HEL,BCN,OH-A103,A350,2025-08-01 20:39:00,343,None,0,False,286
FL004797,2025-08-01,HEL,JFK,OH-A106,A350,2025-08-01 06:31:00,81,None,0,False,263
FL004798,2025-08-01,HEL,MUC,OH-A127,A321,2025-08-01 10:36:00,592,None,0,False,116
FL004799,2025-08-01,HEL,BKK,OH-A113,A350,2025-08-01 07:20:00,266,None,0,False,283
FL004800,2025-08-01,HEL,MAD,OH-A120,A350,2025-08-01 15:36:00,497,None,0,False,170
FL004801,2025-08-01,HEL,FRA,OH-A107,A350,2025-08-01 05:46:00,499,Technical,11,False,276
FL004802,2025-08-01,HEL,OSL,OH-A121,A320,2025-08-01 17:10:00,593,None,0,False,104
FL004803,2025-08-01,HEL,NRT,OH-A115,A321,2025-08-01 21:42:00,472,None,0,False,158
FL004804,2025-08-01,HEL,ARN,OH-A118,A350,2025-08-01 19:13:00,512,None,0,False,203
FL004805,2025-08-02,HEL,MUC,OH-A142,A350,2025-08-02 21:31:00,318,None,0,False,238
FL004806,2025-08-02,HEL,BCN,OH-A125,A321,2025-08-02 08:29:00,481,Weather,68,False,166
FL004807,2025-08-02,HEL,OSL,OH-A143,A321,2025-08-02 10:08:00,397,None,0,False,174
FL004808,2025-08-02,HEL,LHR,OH-A104,A321,2025-08-02 06:00:00,160,None,0,False,117
FL004809,2025-08-02,HEL,MAD,OH-A120,A350,2025-08-02 16:38:00,468,None,0,False,166
FL004810,2025-08-02,HEL,LHR,OH-A100,A350,2025-08-02 11:32:00,502,Ground Handling,41,False,184
FL004811,2025-08-02,HEL,MAD,OH-A114,A320,2025-08-02 13:17:00,315,Crew,33,False,151
FL004812,2025-08-02,HEL,BKK,OH-A121,A320,2025-08-02 06:14:00,353,None,0,True,154
FL004813,2025-08-02,HEL,CPH,OH-A117,A321,2025-08-02 05:23:00,321,None,0,False,139
FL004814,2025-08-02,HEL,NRT,OH-A128,A321,2025-08-02 14:26:00,173,None,0,False,170
FL004815,2025-08-02,HEL,OSL,OH-A147,A321,2025-08-02 12:33:00,329,ATC,33,False,181
FL004816,2025-08-02,HEL,CPH,OH-A123,E190,2025-08-02 16:42:00,196,ATC,47,False,83
FL004817,2025-08-02,HEL,JFK,OH-A142,A350,2025-08-02 18:25:00,451,None,0,True,283
FL004818,2025-08-02,HEL,OSL,OH-A142,A350,2025-08-02 17:23:00,381,Ground Handling,48,False,195
FL004819,2025-08-02,HEL,MAD,OH-A138,A321,2025-08-02 19:34:00,309,Weather,31,False,142
FL004820,2025-08-02,HEL,CPH,OH-A129,A350,2025-08-02 10:40:00,586,None,0,False,248
FL004821,2025-08-02,HEL,CPH,OH-A106,A350,2025-08-02 12:10:00,470,None,0,False,297
FL004822,2025-08-02,HEL,OSL,OH-A132,A321,2025-08-02 10:10:00,408,None,0,False,206
FL004823,2025-08-02,HEL,MUC,OH-A114,A320,2025-08-02 18:55:00,168,None,0,False,136
FL004824,2025-08-02,HEL,CDG,OH-A141,A350,2025-08-02 05:18:00,267,None,0,False,261
FL004825,2025-08-02,HEL,LHR,OH-A103,A350,2025-08-02 08:00:00,321,Late Aircraft,44,False,279
FL004826,2025-08-02,HEL,JFK,OH-A132,A321,2025-08-02 05:48:00,494,Crew,54,False,126
FL004827,2025-08-02,HEL,OSL,OH-A114,A320,2025-08-02 13:32:00,107,None,0,False,125
FL004828,2025-08-02,HEL,CPH,OH-A116,A320,2025-08-02 12:53:00,314,None,0,False,156
FL004829,2025-08-02,HEL,CPH,OH-A109,A320,2025-08-02 15:09:00,93,None,0,False,139
FL004830,2025-08-03,HEL,CPH,OH-A126,A320,2025-08-03 12:20:00,212,None,0,False,142
FL004831,2025-08-03,HEL,MAD,OH-A110,A320,2025-08-03 16:39:00,208,Technical,66,False,148
FL004832,2025-08-03,HEL,CDG,OH-A108,A321,2025-08-03 20:08:00,553,Crew,5,False,195
FL004833,2025-08-03,HEL,ARN,OH-A135,A321,2025-08-03 20:02:00,549,Weather,11,False,171
FL004834,2025-08-03,HEL,NRT,OH-A123,E190,2025-08-03 11:29:00,204,None,0,False,78
FL004835,2025-08-03,HEL,MUC,OH-A113,A350,2025-08-03 18:36:00,52,None,0,False,173
FL004836,2025-08-03,HEL,CDG,OH-A107,A350,2025-08-03 12:07:00,278,Late Aircraft,47,False,259
FL004837,2025-08-03,HEL,JFK,OH-A147,A321,2025-08-03 17:35:00,487,Weather,57,False,140
FL004838,2025-08-03,HEL,JFK,OH-A144,A350,2025-08-03 11:40:00,64,Ground Handling,33,False,295
FL004839,2025-08-03,HEL,OSL,OH-A128,A321,2025-08-03 09:33:00,275,Late Aircraft,15,False,138
FL004840,2025-08-03,HEL,BKK,OH-A135,A321,2025-08-03 16:58:00,49,Crew,13,False,169
FL004841,2025-08-03,HEL,MUC,OH-A130,A350,2025-08-03 17:41:00,280,None,0,False,226
FL004842,2025-08-03,HEL,LHR,OH-A134,A320,2025-08-03 16:41:00,475,None,0,False,149
FL004843,2025-08-03,HEL,FRA,OH-A131,E190,2025-08-03 05:08:00,354,Weather,8,False,85
FL004844,2025-08-03,HEL,OSL,OH-A129,A350,2025-08-03 17:53:00,172,Weather,49,False,175
FL004845,2025-08-03,HEL,JFK,OH-A147,A321,2025-08-03 15:45:00,432,None,0,False,180
FL004846,2025-08-03,HEL,LHR,OH-A110,A320,2025-08-03 15:50:00,164,None,0,False,169
FL004847,2025-08-03,HEL,FRA,OH-A137,A320,2025-08-03 12:17:00,261,None,0,False,147
FL004848,2025-08-03,HEL,ARN,OH-A103,A350,2025-08-03 14:04:00,235,None,0,False,288
FL004849,2025-08-03,HEL,BKK,OH-A121,A320,2025-08-03 14:15:00,466,None,0,False,139
FL004850,2025-08-03,HEL,CDG,OH-A128,A321,2025-08-03 14:48:00,378,Weather,43,False,168
FL004851,2025-08-03,HEL,MAD,OH-A138,A321,2025-08-03 16:12:00,228,None,0,False,138
FL004852,2025-08-03,HEL,CDG,OH-A105,E190,2025-08-03 13:21:00,114,None,0,False,91
FL004853,2025-08-03,HEL,MUC,OH-A126,A320,2025-08-03 18:44:00,533,Technical,49,False,151
FL004854,2025-08-04,HEL,BKK,OH-A125,A321,2025-08-04 21:17:00,431,None,0,False,207
FL004855,2025-08-04,HEL,NRT,OH-A103,A350,2025-08-04 09:28:00,617,None,0,False,200
FL004856,2025-08-04,HEL,LHR,OH-A109,A320,2025-08-04 18:34:00,121,None,0,False,161
FL004857,2025-08-04,HEL,LHR,OH-A133,A320,2025-08-04 21:06:00,502,None,0,False,103
FL004858,2025-08-04,HEL,ARN,OH-A105,E190,2025-08-04 19:34:00,591,Crew,5,False,61
FL004859,2025-08-04,HEL,AMS,OH-A125,A321,2025-08-04 16:21:00,190,None,0,False,156
FL004860,2025-08-04,HEL,OSL,OH-A115,A321,2025-08-04 16:44:00,64,Late Aircraft,5,False,169
FL004861,2025-08-04,HEL,BKK,OH-A121,A320,2025-08-04 16:16:00,577,Crew,23,False,153
FL004862,2025-08-04,HEL,NRT,OH-A112,A350,2025-08-04 18:38:00,51,None,0,False,273
FL004863,2025-08-04,HEL,JFK,OH-A127,A321,2025-08-04 09:33:00,371,None,0,False,125
FL004864,2025-08-04,HEL,LHR,OH-A119,A350,2025-08-04 09:39:00,434,None,0,False,271
FL004865,2025-08-04,HEL,MAD,OH-A108,A321,2025-08-04 08:08:00,204,None,0,False,167
FL004866,2025-08-04,HEL,FRA,OH-A103,A350,2025-08-04 05:11:00,363,None,0,False,238
FL004867,2025-08-04,HEL,LHR,OH-A109,A320,2025-08-04 11:25:00,197,Weather,42,False,127
FL004868,2025-08-04,HEL,MUC,OH-A147,A321,2025-08-04 15:08:00,157,None,0,False,140
FL004869,2025-08-04,HEL,OSL,OH-A146,A320,2025-08-04 07:27:00,198,None,0,False,107
FL004870,2025-08-04,HEL,BKK,OH-A100,A350,2025-08-04 14:32:00,349,None,0,False,262
FL004871,2025-08-04,HEL,OSL,OH-A131,E190,2025-08-04 14:18:00,513,None,0,False,81
FL004872,2025-08-04,HEL,CDG,OH-A114,A320,2025-08-04 17:04:00,197,None,0,False,162
FL004873,2025-08-04,HEL,LHR,OH-A124,A350,2025-08-04 10:50:00,193,None,0,False,258
FL004874,2025-08-05,HEL,CDG,OH-A125,A321,2025-08-05 18:28:00,503,None,0,False,174
FL004875,2025-08-05,HEL,CPH,OH-A116,A320,2025-08-05 05:46:00,101,ATC,45,False,109
FL004876,2025-08-05,HEL,JFK,OH-A121,A320,2025-08-05 11:20:00,509,None,0,False,114
FL004877,2025-08-05,HEL,BKK,OH-A120,A350,2025-08-05 09:06:00,570,None,0,False,169
FL004878,2025-08-05,HEL,ARN,OH-A122,E190,2025-08-05 12:09:00,170,Technical,17,True,96
FL004879,2025-08-05,HEL,CPH,OH-A136,A321,2025-08-05 13:12:00,205,None,0,False,148
FL004880,2025-08-05,HEL,LHR,OH-A105,E190,2025-08-05 15:11:00,293,None,0,False,81
FL004881,2025-08-05,HEL,JFK,OH-A120,A350,2025-08-05 09:49:00,444,None,0,False,232
FL004882,2025-08-05,HEL,LHR,OH-A114,A320,2025-08-05 12:22:00,270,None,0,False,152
FL004883,2025-08-05,HEL,ARN,OH-A122,E190,2025-08-05 12:55:00,360,Weather,5,False,81
FL004884,2025-08-05,HEL,CDG,OH-A119,A350,2025-08-05 19:33:00,100,None,0,False,255
FL004885,2025-08-05,HEL,AMS,OH-A134,A320,2025-08-05 17:18:00,476,None,0,False,166
FL004886,2025-08-05,HEL,AMS,OH-A128,A321,2025-08-05 13:52:00,341,Technical,91,False,172
FL004887,2025-08-05,HEL,MUC,OH-A120,A350,2025-08-05 19:44:00,261,Crew,45,False,188
FL004888,2025-08-05,HEL,LHR,OH-A147,A321,2025-08-05 11:05:00,414,None,0,False,199
FL004889,2025-08-05,HEL,ARN,OH-A120,A350,2025-08-05 18:41:00,404,None,0,False,290
FL004890,2025-08-05,HEL,CPH,OH-A117,A321,2025-08-05 17:09:00,103,None,0,False,128
FL004891,2025-08-05,HEL,FCO,OH-A108,A321,2025-08-05 12:57:00,222,None,0,False,151
FL004892,2025-08-05,HEL,MAD,OH-A124,A350,2025-08-05 21:35:00,126,ATC,15,False,246
FL004893,2025-08-05,HEL,LHR,OH-A103,A350,2025-08-05 08:21:00,412,None,0,False,289
FL004894,2025-08-05,HEL,BKK,OH-A144,A350,2025-08-05 08:55:00,457,Technical,54,False,242
FL004895,2025-08-06,HEL,LHR,OH-A114,A320,2025-08-06 21:09:00,286,None,0,False,124
FL004896,2025-08-06,HEL,BKK,OH-A101,A320,2025-08-06 16:55:00,563,None,0,False,162
FL004897,2025-08-06,HEL,CDG,OH-A103,A350,2025-08-06 09:25:00,348,None,0,False,249
FL004898,2025-08-06,HEL,BKK,OH-A101,A320,2025-08-06 07:57:00,324,None,0,False,150
FL004899,2025-08-06,HEL,LHR,OH-A130,A350,2025-08-06 09:37:00,248,Crew,29,False,242
FL004900,2025-08-06,HEL,FCO,OH-A100,A350,2025-08-06 12:44:00,367,None,0,False,177
FL004901,2025-08-06,HEL,MUC,OH-A132,A321,2025-08-06 07:57:00,59,None,0,False,172
FL004902,2025-08-06,HEL,AMS,OH-A123,E190,2025-08-06 07:57:00,269,None,0,False,99
FL004903,2025-08-06,HEL,FRA,OH-A144,A350,2025-08-06 11:33:00,281,None,0,False,239
FL004904,2025-08-06,HEL,LHR,OH-A133,A320,2025-08-06 09:05:00,158,None,0,False,134
FL004905,2025-08-06,HEL,MAD,OH-A126,A320,2025-08-06 17:42:00,385,None,0,False,150
FL004906,2025-08-06,HEL,BKK,OH-A109,A320,2025-08-06 12:06:00,410,Ground Handling,5,False,113
FL004907,2025-08-06,HEL,BCN,OH-A107,A350,2025-08-06 05:34:00,367,None,0,False,278
FL004908,2025-08-06,HEL,LHR,OH-A146,A320,2025-08-06 09:35:00,123,Crew,38,False,106
FL004909,2025-08-06,HEL,MAD,OH-A128,A321,2025-08-06 12:09:00,311,Technical,9,False,203
FL004910,2025-08-06,HEL,FRA,OH-A110,A320,2025-08-06 07:44:00,174,Technical,14,False,144
FL004911,2025-08-06,HEL,NRT,OH-A122,E190,2025-08-06 21:27:00,522,ATC,30,False,80
FL004912,2025-08-06,HEL,LHR,OH-A130,A350,2025-08-06 13:34:00,495,None,0,False,204
FL004913,2025-08-06,HEL,MUC,OH-A115,A321,2025-08-06 20:26:00,354,None,0,False,132
FL004914,2025-08-06,HEL,FRA,OH-A143,A321,2025-08-06 15:26:00,219,Crew,28,False,127
FL004915,2025-08-06,HEL,NRT,OH-A119,A350,2025-08-06 08:11:00,604,Late Aircraft,13,False,207
FL004916,2025-08-06,HEL,CPH,OH-A102,E190,2025-08-06 21:00:00,614,None,0,False,92
FL004917,2025-08-06,HEL,BCN,OH-A105,E190,2025-08-06 18:10:00,195,None,0,False,98
FL004918,2025-08-06,HEL,JFK,OH-A124,A350,2025-08-06 07:21:00,246,None,0,False,211
FL004919,2025-08-06,HEL,AMS,OH-A122,E190,2025-08-06 15:54:00,389,None,0,False,74
FL004920,2025-08-06,HEL,MUC,OH-A121,A320,2025-08-06 16:15:00,249,None,0,False,155
FL004921,2025-08-07,HEL,OSL,OH-A146,A320,2025-08-07 06:10:00,156,None,0,False,121
FL004922,2025-08-07,HEL,OSL,OH-A112,A350,2025-08-07 21:54:00,270,None,0,False,168
FL004923,2025-08-07,HEL,ARN,OH-A147,A321,2025-08-07 09:07:00,199,None,0,False,165
FL004924,2025-08-07,HEL,ARN,OH-A122,E190,2025-08-07 20:36:00,202,None,0,False,79
FL004925,2025-08-07,HEL,JFK,OH-A112,A350,2025-08-07 08:43:00,187,Weather,5,False,266
FL004926,2025-08-07,HEL,ARN,OH-A109,A320,2025-08-07 05:06:00,380,Weather,82,False,172
FL004927,2025-08-07,HEL,JFK,OH-A110,A320,2025-08-07 17:57:00,511,None,0,False,144
FL004928,2025-08-07,HEL,NRT,OH-A133,A320,2025-08-07 08:47:00,409,None,0,False,138
FL004929,2025-08-07,HEL,LHR,OH-A128,A321,2025-08-07 20:19:00,545,None,0,False,184
FL004930,2025-08-07,HEL,FRA,OH-A116,A320,2025-08-07 15:40:00,296,None,0,False,135
FL004931,2025-08-07,HEL,AMS,OH-A109,A320,2025-08-07 07:25:00,387,None,0,False,154
FL004932,2025-08-07,HEL,AMS,OH-A132,A321,2025-08-07 13:50:00,391,None,0,False,183
FL004933,2025-08-07,HEL,AMS,OH-A142,A350,2025-08-07 11:47:00,507,Technical,51,False,227
FL004934,2025-08-07,HEL,CDG,OH-A115,A321,2025-08-07 14:16:00,236,None,0,False,142
FL004935,2025-08-07,HEL,MAD,OH-A125,A321,2025-08-07 08:36:00,190,None,0,False,180
FL004936,2025-08-07,HEL,AMS,OH-A102,E190,2025-08-07 10:49:00,51,None,0,False,67
FL004937,2025-08-07,HEL,OSL,OH-A105,E190,2025-08-07 06:18:00,133,Technical,71,False,93
FL004938,2025-08-07,HEL,AMS,OH-A118,A350,2025-08-07 18:58:00,158,None,0,False,237
FL004939,2025-08-07,HEL,BKK,OH-A110,A320,2025-08-07 20:50:00,600,Crew,31,False,101
FL004940,2025-08-07,HEL,BKK,OH-A107,A350,2025-08-07 08:45:00,423,None,0,False,271
FL004941,2025-08-07,HEL,ARN,OH-A100,A350,2025-08-07 19:57:00,189,None,0,False,281
FL004942,2025-08-07,HEL,BCN,OH-A120,A350,2025-08-07 06:18:00,132,Technical,32,False,296
FL004943,2025-08-08,HEL,BCN,OH-A140,A320,2025-08-08 10:09:00,390,None,0,False,163
FL004944,2025-08-08,HEL,BKK,OH-A110,A320,2025-08-08 15:17:00,568,Technical,26,False,155
FL004945,2025-08-08,HEL,MAD,OH-A102,E190,2025-08-08 10:26:00,211,None,0,False,95
FL004946,2025-08-08,HEL,JFK,OH-A145,A350,2025-08-08 17:16:00,545,None,0,False,224
FL004947,2025-08-08,HEL,AMS,OH-A118,A350,2025-08-08 11:30:00,170,None,0,False,219
FL004948,2025-08-08,HEL,LHR,OH-A110,A320,2025-08-08 07:32:00,273,None,0,False,122
FL004949,2025-08-08,HEL,BCN,OH-A147,A321,2025-08-08 16:04:00,277,Late Aircraft,21,False,197
FL004950,2025-08-08,HEL,AMS,OH-A141,A350,2025-08-08 06:08:00,265,None,0,False,239
FL004951,2025-08-08,HEL,CDG,OH-A131,E190,2025-08-08 20:47:00,551,None,0,False,56
FL004952,2025-08-08,HEL,MAD,OH-A111,E190,2025-08-08 10:50:00,340,ATC,40,False,77
FL004953,2025-08-08,HEL,BCN,OH-A142,A350,2025-08-08 19:48:00,215,None,0,False,228
FL004954,2025-08-08,HEL,CDG,OH-A144,A350,2025-08-08 14:33:00,157,None,0,False,232
FL004955,2025-08-08,HEL,LHR,OH-A101,A320,2025-08-08 21:12:00,53,None,0,False,135
FL004956,2025-08-08,HEL,MUC,OH-A110,A320,2025-08-08 09:01:00,477,None,0,False,151
FL004957,2025-08-08,HEL,CDG,OH-A113,A350,2025-08-08 10:35:00,135,None,0,False,254
FL004958,2025-08-08,HEL,LHR,OH-A118,A350,2025-08-08 14:27:00,237,None,0,False,236
FL004959,2025-08-08,HEL,LHR,OH-A102,E190,2025-08-08 17:14:00,453,Technical,7,False,57
FL004960,2025-08-08,HEL,MAD,OH-A126,A320,2025-08-08 10:13:00,128,None,0,False,172
FL004961,2025-08-08,HEL,AMS,OH-A133,A320,2025-08-08 05:25:00,292,None,0,False,118
FL004962,2025-08-08,HEL,CDG,OH-A131,E190,2025-08-08 10:50:00,398,None,0,False,60
FL004963,2025-08-08,HEL,CPH,OH-A144,A350,2025-08-08 16:25:00,161,None,0,False,238
FL004964,2025-08-08,HEL,ARN,OH-A102,E190,2025-08-08 09:37:00,594,None,0,False,65
FL004965,2025-08-08,HEL,MAD,OH-A130,A350,2025-08-08 14:01:00,157,Technical,5,False,241
FL004966,2025-08-08,HEL,BKK,OH-A125,A321,2025-08-08 17:30:00,351,None,0,False,138
FL004967,2025-08-08,HEL,CDG,OH-A125,A321,2025-08-08 14:19:00,384,None,0,False,152
FL004968,2025-08-09,HEL,BKK,OH-A119,A350,2025-08-09 19:07:00,364,None,0,False,293
FL004969,2025-08-09,HEL,ARN,OH-A129,A350,2025-08-09 08:14:00,288,Weather,67,False,231
FL004970,2025-08-09,HEL,CDG,OH-A137,A320,2025-08-09 16:03:00,612,None,0,False,114
FL004971,2025-08-09,HEL,FCO,OH-A123,E190,2025-08-09 09:56:00,497,None,0,False,63
FL004972,2025-08-09,HEL,AMS,OH-A119,A350,2025-08-09 12:42:00,227,ATC,40,False,250
FL004973,2025-08-09,HEL,JFK,OH-A124,A350,2025-08-09 13:29:00,95,None,0,False,192
FL004974,2025-08-09,HEL,AMS,OH-A146,A320,2025-08-09 07:08:00,364,Technical,43,False,146
FL004975,2025-08-09,HEL,BCN,OH-A111,E190,2025-08-09 07:17:00,428,None,0,False,58
FL004976,2025-08-09,HEL,AMS,OH-A109,A320,2025-08-09 09:45:00,96,None,0,False,117
FL004977,2025-08-09,HEL,FRA,OH-A104,A321,2025-08-09 12:00:00,558,Weather,95,False,169
FL004978,2025-08-09,HEL,FRA,OH-A147,A321,2025-08-09 11:50:00,419,Technical,19,False,202
FL004979,2025-08-09,HEL,BKK,OH-A107,A350,2025-08-09 10:47:00,189,None,0,False,197
FL004980,2025-08-09,HEL,FCO,OH-A113,A350,2025-08-09 21:15:00,136,Weather,41,False,205
FL004981,2025-08-09,HEL,AMS,OH-A124,A350,2025-08-09 12:08:00,307,None,0,False,242
FL004982,2025-08-09,HEL,AMS,OH-A108,A321,2025-08-09 11:49:00,566,None,0,False,132
FL004983,2025-08-09,HEL,AMS,OH-A103,A350,2025-08-09 15:34:00,115,Crew,31,False,240
FL004984,2025-08-09,HEL,FCO,OH-A146,A320,2025-08-09 13:35:00,72,Late Aircraft,41,False,168
FL004985,2025-08-09,HEL,BCN,OH-A116,A320,2025-08-09 17:29:00,401,None,0,False,166
FL004986,2025-08-09,HEL,MUC,OH-A136,A321,2025-08-09 05:59:00,503,None,0,False,153
FL004987,2025-08-09,HEL,FRA,OH-A115,A321,2025-08-09 06:27:00,604,Ground Handling,8,False,127
FL004988,2025-08-10,HEL,CPH,OH-A116,A320,2025-08-10 08:51:00,185,None,0,False,125
FL004989,2025-08-10,HEL,NRT,OH-A140,A320,2025-08-10 19:58:00,156,Weather,35,False,105
FL004990,2025-08-10,HEL,BCN,OH-A134,A320,2025-08-10 15:12:00,341,None,0,False,101
FL004991,2025-08-10,HEL,CPH,OH-A111,E190,2025-08-10 09:54:00,429,None,0,False,65
FL004992,2025-08-10,HEL,JFK,OH-A117,A321,2025-08-10 10:47:00,65,None,0,False,125
FL004993,2025-08-10,HEL,AMS,OH-A107,A350,2025-08-10 20:35:00,67,None,0,False,296
FL004994,2025-08-10,HEL,JFK,OH-A126,A320,2025-08-10 15:57:00,191,Technical,63,False,95
FL004995,2025-08-10,HEL,LHR,OH-A138,A321,2025-08-10 06:23:00,57,Weather,56,False,127
FL004996,2025-08-10,HEL,ARN,OH-A117,A321,2025-08-10 10:09:00,218,Crew,35,False,122
FL004997,2025-08-10,HEL,FRA,OH-A105,E190,2025-08-10 21:12:00,266,None,0,False,90
FL004998,2025-08-10,HEL,FRA,OH-A128,A321,2025-08-10 06:17:00,338,None,0,False,206
FL004999,2025-08-10,HEL,NRT,OH-A137,A320,2025-08-10 20:03:00,509,Ground Handling,27,False,166
FL005000,2025-08-10,HEL,CPH,OH-A114,A320,2025-08-10 20:21:00,211,None,0,False,146
FL005001,2025-08-10,HEL,NRT,OH-A129,A350,2025-08-10 09:44:00,574,None,0,False,272
FL005002,2025-08-10,HEL,OSL,OH-A132,A321,2025-08-10 16:35:00,274,None,0,False,127
FL005003,2025-08-10,HEL,BKK,OH-A130,A350,2025-08-10 10:37:00,327,Weather,17,False,175
FL005004,2025-08-10,HEL,MAD,OH-A145,A350,2025-08-10 09:32:00,177,None,0,False,185
FL005005,2025-08-10,HEL,AMS,OH-A139,A350,2025-08-10 09:04:00,325,ATC,44,False,273
FL005006,2025-08-10,HEL,BKK,OH-A116,A320,2025-08-10 05:20:00,579,None,0,False,161
FL005007,2025-08-10,HEL,AMS,OH-A147,A321,2025-08-10 05:19:00,463,Crew,40,False,195
FL005008,2025-08-10,HEL,BCN,OH-A140,A320,2025-08-10 07:54:00,451,None,0,False,148
FL005009,2025-08-10,HEL,ARN,OH-A146,A320,2025-08-10 06:15:00,64,None,0,False,102
FL005010,2025-08-10,HEL,CPH,OH-A138,A321,2025-08-10 06:20:00,570,Weather,41,False,157
FL005011,2025-08-11,HEL,FRA,OH-A134,A320,2025-08-11 20:05:00,530,Ground Handling,58,False,139
FL005012,2025-08-11,HEL,MUC,OH-A131,E190,2025-08-11 12:59:00,100,None,0,False,76
FL005013,2025-08-11,HEL,MUC,OH-A100,A350,2025-08-11 05:07:00,473,None,0,False,195
FL005014,2025-08-11,HEL,FRA,OH-A133,A320,2025-08-11 09:39:00,184,None,0,False,149
FL005015,2025-08-11,HEL,MAD,OH-A103,A350,2025-08-11 13:05:00,609,ATC,28,False,214
FL005016,2025-08-11,HEL,LHR,OH-A109,A320,2025-08-11 07:07:00,525,Weather,12,False,133
FL005017,2025-08-11,HEL,MUC,OH-A108,A321,2025-08-11 17:16:00,482,None,0,False,193
FL005018,2025-08-11,HEL,BCN,OH-A109,A320,2025-08-11 08:48:00,425,Crew,10,False,156
FL005019,2025-08-11,HEL,MUC,OH-A104,A321,2025-08-11 12:02:00,525,Technical,88,False,202
FL005020,2025-08-11,HEL,BKK,OH-A135,A321,2025-08-11 05:01:00,346,ATC,59,False,152
FL005021,2025-08-11,HEL,FCO,OH-A113,A350,2025-08-11 20:16:00,331,None,0,False,289
FL005022,2025-08-11,HEL,FCO,OH-A121,A320,2025-08-11 05:03:00,332,None,0,False,132
FL005023,2025-08-11,HEL,JFK,OH-A140,A320,2025-08-11 05:41:00,199,None,0,False,134
FL005024,2025-08-11,HEL,MUC,OH-A125,A321,2025-08-11 07:46:00,370,None,0,False,179
FL005025,2025-08-11,HEL,CDG,OH-A119,A350,2025-08-11 15:08:00,489,None,0,False,285
FL005026,2025-08-11,HEL,MUC,OH-A116,A320,2025-08-11 21:49:00,581,Late Aircraft,5,False,106
FL005027,2025-08-11,HEL,NRT,OH-A129,A350,2025-08-11 09:15:00,103,None,0,False,294
FL005028,2025-08-11,HEL,NRT,OH-A112,A350,2025-08-11 12:25:00,180,Crew,53,False,244
FL005029,2025-08-11,HEL,CDG,OH-A140,A320,2025-08-11 17:13:00,387,None,0,False,147
FL005030,2025-08-11,HEL,FRA,OH-A130,A350,2025-08-11 07:12:00,405,Ground Handling,5,False,164
FL005031,2025-08-11,HEL,LHR,OH-A125,A321,2025-08-11 09:28:00,94,None,0,False,149
FL005032,2025-08-11,HEL,ARN,OH-A106,A350,2025-08-11 16:26:00,501,None,0,False,250
FL005033,2025-08-11,HEL,CDG,OH-A123,E190,2025-08-11 10:35:00,461,Late Aircraft,26,False,78
FL005034,2025-08-11,HEL,CPH,OH-A124,A350,2025-08-11 13:58:00,61,None,0,False,206
FL005035,2025-08-11,HEL,AMS,OH-A125,A321,2025-08-11 16:15:00,370,Technical,14,False,200
FL005036,2025-08-11,HEL,ARN,OH-A124,A350,2025-08-11 21:24:00,464,None,0,False,229
FL005037,2025-08-11,HEL,CDG,OH-A142,A350,2025-08-11 20:05:00,102,None,0,False,238
FL005038,2025-08-12,HEL,LHR,OH-A143,A321,2025-08-12 06:41:00,413,None,0,False,132
FL005039,2025-08-12,HEL,MUC,OH-A128,A321,2025-08-12 06:15:00,177,None,0,False,136
FL005040,2025-08-12,HEL,JFK,OH-A106,A350,2025-08-12 14:33:00,119,None,0,False,240
FL005041,2025-08-12,HEL,NRT,OH-A127,A321,2025-08-12 06:30:00,60,Crew,24,False,181
FL005042,2025-08-12,HEL,LHR,OH-A143,A321,2025-08-12 13:05:00,274,None,0,False,121
FL005043,2025-08-12,HEL,MAD,OH-A128,A321,2025-08-12 13:05:00,542,None,0,False,146
FL005044,2025-08-12,HEL,AMS,OH-A120,A350,2025-08-12 19:11:00,189,None,0,False,249
FL005045,2025-08-12,HEL,MUC,OH-A107,A350,2025-08-12 14:35:00,154,None,0,False,260
FL005046,2025-08-12,HEL,OSL,OH-A134,A320,2025-08-12 08:42:00,616,None,0,False,158
FL005047,2025-08-12,HEL,JFK,OH-A124,A350,2025-08-12 09:45:00,536,ATC,54,False,249
FL005048,2025-08-12,HEL,OSL,OH-A147,A321,2025-08-12 14:32:00,157,Weather,58,False,144
FL005049,2025-08-12,HEL,ARN,OH-A111,E190,2025-08-12 16:19:00,471,None,0,False,57
FL005050,2025-08-12,HEL,FCO,OH-A118,A350,2025-08-12 07:47:00,334,Weather,5,False,181
FL005051,2025-08-12,HEL,AMS,OH-A134,A320,2025-08-12 19:10:00,591,None,0,False,115
FL005052,2025-08-12,HEL,ARN,OH-A108,A321,2025-08-12 11:19:00,459,Ground Handling,84,False,129
FL005053,2025-08-12,HEL,MAD,OH-A133,A320,2025-08-12 20:49:00,294,None,0,False,153
FL005054,2025-08-12,HEL,LHR,OH-A104,A321,2025-08-12 13:10:00,489,ATC,5,False,136
FL005055,2025-08-12,HEL,BKK,OH-A143,A321,2025-08-12 21:01:00,181,None,0,False,122
FL005056,2025-08-12,HEL,BKK,OH-A141,A350,2025-08-12 20:05:00,131,Ground Handling,40,False,297
FL005057,2025-08-12,HEL,MUC,OH-A120,A350,2025-08-12 11:52:00,194,None,0,False,209
FL005058,2025-08-12,HEL,FRA,OH-A140,A320,2025-08-12 21:30:00,558,None,0,False,98
FL005059,2025-08-12,HEL,FRA,OH-A147,A321,2025-08-12 08:47:00,345,Crew,55,False,122
FL005060,2025-08-12,HEL,BCN,OH-A129,A350,2025-08-12 10:18:00,537,None,0,False,254
FL005061,2025-08-13,HEL,FRA,OH-A128,A321,2025-08-13 11:24:00,164,Crew,52,False,203
FL005062,2025-08-13,HEL,NRT,OH-A127,A321,2025-08-13 10:11:00,390,None,0,False,178
FL005063,2025-08-13,HEL,MUC,OH-A100,A350,2025-08-13 13:43:00,166,None,0,False,235
FL005064,2025-08-13,HEL,CDG,OH-A105,E190,2025-08-13 18:53:00,406,None,0,False,58
FL005065,2025-08-13,HEL,LHR,OH-A136,A321,2025-08-13 05:38:00,617,None,0,False,209
FL005066,2025-08-13,HEL,MAD,OH-A101,A320,2025-08-13 09:14:00,130,None,0,False,128
FL005067,2025-08-13,HEL,MAD,OH-A133,A320,2025-08-13 06:31:00,255,None,0,False,109
FL005068,2025-08-13,HEL,MUC,OH-A109,A320,2025-08-13 10:09:00,590,Weather,43,False,173
FL005069,2025-08-13,HEL,OSL,OH-A101,A320,2025-08-13 19:26:00,349,None,0,False,106
FL005070,2025-08-13,HEL,OSL,OH-A118,A350,2025-08-13 21:32:00,177,None,0,False,222
FL005071,2025-08-13,HEL,LHR,OH-A145,A350,2025-08-13 07:26:00,107,None,0,False,200
FL005072,2025-08-13,HEL,ARN,OH-A139,A350,2025-08-13 07:36:00,617,None,0,False,208
FL005073,2025-08-13,HEL,FRA,OH-A129,A350,2025-08-13 09:51:00,135,None,0,False,250
FL005074,2025-08-13,HEL,AMS,OH-A123,E190,2025-08-13 10:41:00,502,None,0,False,55
FL005075,2025-08-13,HEL,AMS,OH-A116,A320,2025-08-13 07:26:00,145,None,0,False,135
FL005076,2025-08-13,HEL,BKK,OH-A137,A320,2025-08-13 18:21:00,554,Late Aircraft,19,False,119
FL005077,2025-08-13,HEL,LHR,OH-A130,A350,2025-08-13 08:53:00,248,None,0,False,287
FL005078,2025-08-13,HEL,JFK,OH-A104,A321,2025-08-13 10:07:00,460,None,0,False,191
FL005079,2025-08-13,HEL,OSL,OH-A117,A321,2025-08-13 05:03:00,143,ATC,17,False,193
FL005080,2025-08-13,HEL,BCN,OH-A112,A350,2025-08-13 07:06:00,219,ATC,5,False,245
FL005081,2025-08-13,HEL,NRT,OH-A112,A350,2025-08-13 18:35:00,71,None,0,False,225
FL005082,2025-08-13,HEL,JFK,OH-A117,A321,2025-08-13 10:41:00,233,Late Aircraft,79,False,131
FL005083,2025-08-14,HEL,AMS,OH-A132,A321,2025-08-14 05:07:00,462,Crew,56,False,197
FL005084,2025-08-14,HEL,CPH,OH-A122,E190,2025-08-14 09:27:00,442,None,0,False,92
FL005085,2025-08-14,HEL,BKK,OH-A137,A320,2025-08-14 12:55:00,218,Technical,21,False,125
FL005086,2025-08-14,HEL,NRT,OH-A108,A321,2025-08-14 19:13:00,150,None,0,False,173
FL005087,2025-08-14,HEL,AMS,OH-A117,A321,2025-08-14 20:36:00,179,Crew,89,False,132
FL005088,2025-08-14,HEL,AMS,OH-A128,A321,2025-08-14 08:56:00,537,None,0,False,116
FL005089,2025-08-14,HEL,AMS,OH-A139,A350,2025-08-14 16:58:00,388,None,0,False,275
FL005090,2025-08-14,HEL,OSL,OH-A115,A321,2025-08-14 07:38:00,58,None,0,False,161
FL005091,2025-08-14,HEL,CPH,OH-A110,A320,2025-08-14 16:31:00,306,Weather,56,False,153
FL005092,2025-08-14,HEL,LHR,OH-A142,A350,2025-08-14 06:28:00,470,None,0,False,229
FL005093,2025-08-14,HEL,AMS,OH-A110,A320,2025-08-14 11:25:00,388,Ground Handling,28,False,118
FL005094,2025-08-14,HEL,OSL,OH-A142,A350,2025-08-14 07:54:00,553,Weather,46,False,267
FL005095,2025-08-14,HEL,ARN,OH-A102,E190,2025-08-14 08:01:00,265,Weather,20,False,99
FL005096,2025-08-14,HEL,BKK,OH-A115,A321,2025-08-14 15:34:00,324,None,0,False,160
FL005097,2025-08-14,HEL,NRT,OH-A126,A320,2025-08-14 17:43:00,142,None,0,False,158
FL005098,2025-08-14,HEL,CDG,OH-A103,A350,2025-08-14 18:50:00,369,None,0,False,173
FL005099,2025-08-14,HEL,BCN,OH-A112,A350,2025-08-14 14:12:00,393,None,0,False,280
FL005100,2025-08-14,HEL,CPH,OH-A126,A320,2025-08-14 11:14:00,259,None,0,False,109
FL005101,2025-08-14,HEL,NRT,OH-A115,A321,2025-08-14 14:35:00,545,None,0,False,162
FL005102,2025-08-14,HEL,JFK,OH-A116,A320,2025-08-14 06:31:00,54,None,0,False,160
FL005103,2025-08-14,HEL,OSL,OH-A128,A321,2025-08-14 06:25:00,598,Crew,30,True,161
FL005104,2025-08-14,HEL,OSL,OH-A127,A321,2025-08-14 05:10:00,109,None,0,False,115
FL005105,2025-08-14,HEL,CDG,OH-A121,A320,2025-08-14 05:27:00,266,Crew,54,False,170
FL005106,2025-08-14,HEL,CPH,OH-A133,A320,2025-08-14 18:15:00,484,Weather,71,False,106
FL005107,2025-08-14,HEL,CDG,OH-A125,A321,2025-08-14 09:24:00,488,None,0,False,205
FL005108,2025-08-15,HEL,MAD,OH-A134,A320,2025-08-15 09:09:00,392,None,0,False,107
FL005109,2025-08-15,HEL,ARN,OH-A140,A320,2025-08-15 18:19:00,60,None,0,False,110
FL005110,2025-08-15,HEL,JFK,OH-A122,E190,2025-08-15 17:01:00,338,Weather,57,False,88
FL005111,2025-08-15,HEL,FRA,OH-A115,A321,2025-08-15 14:20:00,518,None,0,False,140
FL005112,2025-08-15,HEL,AMS,OH-A132,A321,2025-08-15 21:09:00,566,None,0,False,150
FL005113,2025-08-15,HEL,BKK,OH-A121,A320,2025-08-15 19:44:00,390,None,0,False,106
FL005114,2025-08-15,HEL,FCO,OH-A112,A350,2025-08-15 18:46:00,239,None,0,False,234
FL005115,2025-08-15,HEL,CPH,OH-A138,A321,2025-08-15 05:24:00,619,None,0,False,162
FL005116,2025-08-15,HEL,LHR,OH-A122,E190,2025-08-15 09:37:00,123,Late Aircraft,5,False,57
FL005117,2025-08-15,HEL,LHR,OH-A142,A350,2025-08-15 16:31:00,55,None,0,False,185
FL005118,2025-08-15,HEL,BCN,OH-A111,E190,2025-08-15 21:49:00,364,None,0,False,62
FL005119,2025-08-15,HEL,JFK,OH-A125,A321,2025-08-15 12:03:00,614,None,0,False,193
FL005120,2025-08-15,HEL,BCN,OH-A110,A320,2025-08-15 19:16:00,334,Crew,9,False,107
FL005121,2025-08-15,HEL,AMS,OH-A114,A320,2025-08-15 09:52:00,171,ATC,52,False,107
FL005122,2025-08-15,HEL,FCO,OH-A102,E190,2025-08-15 10:08:00,404,None,0,False,87
FL005123,2025-08-15,HEL,FCO,OH-A102,E190,2025-08-15 16:59:00,498,None,0,False,97
FL005124,2025-08-15,HEL,CPH,OH-A130,A350,2025-08-15 20:07:00,228,None,0,False,257
FL005125,2025-08-15,HEL,MUC,OH-A129,A350,2025-08-15 20:07:00,491,None,0,False,201
FL005126,2025-08-16,HEL,ARN,OH-A144,A350,2025-08-16 17:07:00,609,None,0,False,177
FL005127,2025-08-16,HEL,ARN,OH-A119,A350,2025-08-16 16:44:00,420,Late Aircraft,34,True,206
FL005128,2025-08-16,HEL,MAD,OH-A109,A320,2025-08-16 18:42:00,48,None,0,False,170
FL005129,2025-08-16,HEL,LHR,OH-A119,A350,2025-08-16 14:57:00,70,Crew,11,False,182
FL005130,2025-08-16,HEL,FRA,OH-A110,A320,2025-08-16 20:01:00,141,None,0,False,152
FL005131,2025-08-16,HEL,CPH,OH-A130,A350,2025-08-16 17:54:00,156,None,0,False,290
FL005132,2025-08-16,HEL,CPH,OH-A130,A350,2025-08-16 11:42:00,231,None,0,False,181
FL005133,2025-08-16,HEL,MUC,OH-A136,A321,2025-08-16 08:00:00,394,None,0,False,149
FL005134,2025-08-16,HEL,MAD,OH-A121,A320,2025-08-16 16:35:00,338,None,0,False,120
FL005135,2025-08-16,HEL,NRT,OH-A111,E190,2025-08-16 06:21:00,494,Technical,43,False,84
FL005136,2025-08-16,HEL,FRA,OH-A137,A320,2025-08-16 11:56:00,166,None,0,True,116
FL005137,2025-08-16,HEL,MAD,OH-A130,A350,2025-08-16 05:40:00,299,Weather,33,False,189
FL005138,2025-08-16,HEL,NRT,OH-A110,A320,2025-08-16 18:52:00,287,Crew,37,False,119
FL005139,2025-08-16,HEL,FRA,OH-A102,E190,2025-08-16 14:12:00,110,None,0,False,65
FL005140,2025-08-16,HEL,OSL,OH-A121,A320,2025-08-16 13:11:00,531,None,0,False,174
FL005141,2025-08-16,HEL,JFK,OH-A142,A350,2025-08-16 10:45:00,485,None,0,False,206
FL005142,2025-08-16,HEL,ARN,OH-A107,A350,2025-08-16 20:18:00,180,None,0,False,200
FL005143,2025-08-16,HEL,LHR,OH-A104,A321,2025-08-16 21:11:00,200,None,0,False,133
FL005144,2025-08-16,HEL,CPH,OH-A144,A350,2025-08-16 20:01:00,554,Crew,30,False,285
FL005145,2025-08-16,HEL,MAD,OH-A116,A320,2025-08-16 15:51:00,332,Weather,55,False,136
FL005146,2025-08-16,HEL,LHR,OH-A146,A320,2025-08-16 13:39:00,223,Crew,31,False,141
FL005147,2025-08-16,HEL,CDG,OH-A128,A321,2025-08-16 20:23:00,475,Technical,38,False,189
FL005148,2025-08-16,HEL,MAD,OH-A129,A350,2025-08-16 11:14:00,507,None,0,False,241
FL005149,2025-08-16,HEL,CDG,OH-A119,A350,2025-08-16 13:28:00,160,Ground Handling,38,False,224
FL005150,2025-08-16,HEL,AMS,OH-A120,A350,2025-08-16 15:24:00,120,None,0,False,227
FL005151,2025-08-16,HEL,FRA,OH-A107,A350,2025-08-16 06:11:00,122,None,0,False,196
FL005152,2025-08-16,HEL,CPH,OH-A131,E190,2025-08-16 13:59:00,513,Technical,11,False,96
FL005153,2025-08-17,HEL,NRT,OH-A147,A321,2025-08-17 05:38:00,208,None,0,False,170
FL005154,2025-08-17,HEL,LHR,OH-A101,A320,2025-08-17 10:36:00,483,None,0,False,125
FL005155,2025-08-17,HEL,FRA,OH-A111,E190,2025-08-17 05:34:00,186,None,0,False,76
FL005156,2025-08-17,HEL,FCO,OH-A138,A321,2025-08-17 08:04:00,166,None,0,False,115
FL005157,2025-08-17,HEL,FCO,OH-A108,A321,2025-08-17 07:11:00,597,None,0,False,138
FL005158,2025-08-17,HEL,ARN,OH-A139,A350,2025-08-17 18:50:00,203,None,0,False,253
FL005159,2025-08-17,HEL,BCN,OH-A138,A321,2025-08-17 08:18:00,541,None,0,False,166
FL005160,2025-08-17,HEL,NRT,OH-A140,A320,2025-08-17 17:09:00,514,None,0,False,149
FL005161,2025-08-17,HEL,CDG,OH-A106,A350,2025-08-17 11:32:00,408,Technical,47,False,166
FL005162,2025-08-17,HEL,MUC,OH-A105,E190,2025-08-17 21:38:00,206,None,0,False,92
FL005163,2025-08-17,HEL,LHR,OH-A105,E190,2025-08-17 05:12:00,121,None,0,False,82
FL005164,2025-08-17,HEL,FCO,OH-A111,E190,2025-08-17 07:45:00,66,None,0,False,84
FL005165,2025-08-17,HEL,CPH,OH-A114,A320,2025-08-17 08:42:00,97,Crew,63,False,144
FL005166,2025-08-17,HEL,MUC,OH-A133,A320,2025-08-17 19:42:00,439,None,0,False,111
FL005167,2025-08-17,HEL,AMS,OH-A123,E190,2025-08-17 14:27:00,332,None,0,False,84
FL005168,2025-08-17,HEL,BCN,OH-A137,A320,2025-08-17 17:26:00,416,None,0,False,154
FL005169,2025-08-17,HEL,FRA,OH-A145,A350,2025-08-17 19:48:00,149,None,0,False,281
FL005170,2025-08-17,HEL,BKK,OH-A116,A320,2025-08-17 07:33:00,59,Crew,46,False,102
FL005171,2025-08-18,HEL,MAD,OH-A107,A350,2025-08-18 05:29:00,442,None,0,False,208
FL005172,2025-08-18,HEL,BKK,OH-A103,A350,2025-08-18 07:07:00,427,None,0,False,289
FL005173,2025-08-18,HEL,BCN,OH-A120,A350,2025-08-18 14:01:00,604,Weather,49,False,258
FL005174,2025-08-18,HEL,BKK,OH-A133,A320,2025-08-18 05:22:00,217,None,0,False,157
FL005175,2025-08-18,HEL,AMS,OH-A101,A320,2025-08-18 20:42:00,470,Crew,26,False,161
FL005176,2025-08-18,HEL,MAD,OH-A104,A321,2025-08-18 09:56:00,348,None,0,False,204
FL005177,2025-08-18,HEL,MUC,OH-A106,A350,2025-08-18 15:43:00,293,None,0,False,241
FL005178,2025-08-18,HEL,NRT,OH-A101,A320,2025-08-18 13:47:00,60,None,0,False,159
FL005179,2025-08-18,HEL,MAD,OH-A100,A350,2025-08-18 17:49:00,245,Technical,27,False,246
FL005180,2025-08-18,HEL,FRA,OH-A108,A321,2025-08-18 08:28:00,73,None,0,False,124
FL005181,2025-08-18,HEL,LHR,OH-A117,A321,2025-08-18 05:03:00,373,None,0,False,182
FL005182,2025-08-18,HEL,CDG,OH-A129,A350,2025-08-18 18:59:00,482,Weather,5,False,268
FL005183,2025-08-18,HEL,CPH,OH-A102,E190,2025-08-18 12:49:00,587,None,0,False,84
FL005184,2025-08-18,HEL,OSL,OH-A109,A320,2025-08-18 18:40:00,408,None,0,False,129
FL005185,2025-08-18,HEL,MUC,OH-A127,A321,2025-08-18 11:23:00,583,Technical,43,False,120
FL005186,2025-08-18,HEL,ARN,OH-A116,A320,2025-08-18 17:20:00,80,None,0,False,162
FL005187,2025-08-18,HEL,FRA,OH-A105,E190,2025-08-18 21:01:00,407,Weather,44,False,61
FL005188,2025-08-18,HEL,ARN,OH-A102,E190,2025-08-18 10:37:00,592,Crew,29,False,75
FL005189,2025-08-19,HEL,NRT,OH-A109,A320,2025-08-19 06:30:00,511,Technical,73,False,154
FL005190,2025-08-19,HEL,BCN,OH-A147,A321,2025-08-19 10:22:00,492,None,0,False,144
FL005191,2025-08-19,HEL,NRT,OH-A104,A321,2025-08-19 17:10:00,190,None,0,False,207
FL005192,2025-08-19,HEL,CDG,OH-A120,A350,2025-08-19 12:49:00,486,None,0,False,224
FL005193,2025-08-19,HEL,CDG,OH-A136,A321,2025-08-19 11:30:00,571,Ground Handling,22,False,204
FL005194,2025-08-19,HEL,OSL,OH-A105,E190,2025-08-19 08:42:00,128,None,0,False,72
FL005195,2025-08-19,HEL,JFK,OH-A116,A320,2025-08-19 21:32:00,143,None,0,False,113
FL005196,2025-08-19,HEL,MAD,OH-A146,A320,2025-08-19 13:44:00,146,None,0,False,108
FL005197,2025-08-19,HEL,LHR,OH-A132,A321,2025-08-19 13:24:00,371,None,0,False,130
FL005198,2025-08-19,HEL,BKK,OH-A132,A321,2025-08-19 19:39:00,185,Weather,15,False,200
FL005199,2025-08-19,HEL,ARN,OH-A123,E190,2025-08-19 12:21:00,126,None,0,False,75
FL005200,2025-08-19,HEL,FCO,OH-A129,A350,2025-08-19 11:40:00,520,None,0,False,179
FL005201,2025-08-19,HEL,OSL,OH-A143,A321,2025-08-19 11:20:00,286,Weather,5,False,134
FL005202,2025-08-19,HEL,FCO,OH-A138,A321,2025-08-19 20:46:00,305,Technical,5,False,147
FL005203,2025-08-19,HEL,FRA,OH-A143,A321,2025-08-19 19:53:00,191,Technical,5,False,209
FL005204,2025-08-19,HEL,LHR,OH-A124,A350,2025-08-19 14:23:00,527,None,0,False,183
FL005205,2025-08-19,HEL,ARN,OH-A115,A321,2025-08-19 17:34:00,546,None,0,False,185
FL005206,2025-08-19,HEL,BCN,OH-A107,A350,2025-08-19 09:20:00,290,None,0,False,194
FL005207,2025-08-19,HEL,OSL,OH-A101,A320,2025-08-19 10:36:00,539,None,0,False,157
FL005208,2025-08-19,HEL,FRA,OH-A113,A350,2025-08-19 16:59:00,215,Weather,5,False,177
FL005209,2025-08-19,HEL,BKK,OH-A114,A320,2025-08-19 06:18:00,288,None,0,False,102
FL005210,2025-08-19,HEL,NRT,OH-A109,A320,2025-08-19 14:58:00,296,None,0,False,137
FL005211,2025-08-19,HEL,FRA,OH-A130,A350,2025-08-19 19:15:00,479,None,0,False,210
FL005212,2025-08-19,HEL,FCO,OH-A125,A321,2025-08-19 06:11:00,392,None,0,False,147
FL005213,2025-08-19,HEL,JFK,OH-A110,A320,2025-08-19 05:07:00,350,None,0,False,166
FL005214,2025-08-19,HEL,BCN,OH-A107,A350,2025-08-19 14:35:00,525,Late Aircraft,30,False,223
FL005215,2025-08-20,HEL,FCO,OH-A107,A350,2025-08-20 09:23:00,311,Ground Handling,30,False,275
FL005216,2025-08-20,HEL,BKK,OH-A106,A350,2025-08-20 06:47:00,471,None,0,False,199
FL005217,2025-08-20,HEL,OSL,OH-A102,E190,2025-08-20 07:28:00,45,None,0,False,64
FL005218,2025-08-20,HEL,ARN,OH-A108,A321,2025-08-20 17:38:00,240,None,0,False,140
FL005219,2025-08-20,HEL,LHR,OH-A127,A321,2025-08-20 17:38:00,246,None,0,False,208
FL005220,2025-08-20,HEL,CDG,OH-A113,A350,2025-08-20 05:00:00,179,None,0,False,202
FL005221,2025-08-20,HEL,AMS,OH-A146,A320,2025-08-20 14:41:00,140,Technical,5,False,120
FL005222,2025-08-20,HEL,BKK,OH-A119,A350,2025-08-20 19:53:00,468,None,0,False,210
FL005223,2025-08-20,HEL,BKK,OH-A126,A320,2025-08-20 20:34:00,92,Technical,31,False,136
FL005224,2025-08-20,HEL,MAD,OH-A122,E190,2025-08-20 16:38:00,493,None,0,False,79
FL005225,2025-08-20,HEL,LHR,OH-A115,A321,2025-08-20 19:52:00,510,Late Aircraft,40,False,159
FL005226,2025-08-20,HEL,OSL,OH-A103,A350,2025-08-20 17:48:00,120,None,0,False,209
FL005227,2025-08-20,HEL,CPH,OH-A102,E190,2025-08-20 06:22:00,371,ATC,10,False,90
FL005228,2025-08-20,HEL,JFK,OH-A109,A320,2025-08-20 09:05:00,45,None,0,False,114
FL005229,2025-08-20,HEL,LHR,OH-A134,A320,2025-08-20 09:29:00,132,None,0,False,111
FL005230,2025-08-20,HEL,NRT,OH-A115,A321,2025-08-20 13:08:00,430,Crew,6,False,200
FL005231,2025-08-20,HEL,BCN,OH-A112,A350,2025-08-20 08:10:00,463,None,0,False,223
FL005232,2025-08-20,HEL,FRA,OH-A119,A350,2025-08-20 18:05:00,184,None,0,False,212
FL005233,2025-08-20,HEL,BKK,OH-A100,A350,2025-08-20 08:58:00,56,None,0,False,265
FL005234,2025-08-21,HEL,AMS,OH-A124,A350,2025-08-21 05:09:00,97,None,0,False,216
FL005235,2025-08-21,HEL,MUC,OH-A111,E190,2025-08-21 18:24:00,556,None,0,False,66
FL005236,2025-08-21,HEL,LHR,OH-A140,A320,2025-08-21 11:30:00,308,None,0,False,139
FL005237,2025-08-21,HEL,FCO,OH-A131,E190,2025-08-21 21:04:00,195,ATC,5,False,61
FL005238,2025-08-21,HEL,CDG,OH-A123,E190,2025-08-21 07:01:00,383,None,0,False,81
FL005239,2025-08-21,HEL,MAD,OH-A100,A350,2025-08-21 19:53:00,487,None,0,False,200
FL005240,2025-08-21,HEL,MUC,OH-A141,A350,2025-08-21 14:07:00,270,None,0,False,296
FL005241,2025-08-21,HEL,OSL,OH-A107,A350,2025-08-21 06:54:00,555,None,0,False,249
FL005242,2025-08-21,HEL,BCN,OH-A133,A320,2025-08-21 19:17:00,478,Crew,23,False,166
FL005243,2025-08-21,HEL,CPH,OH-A137,A320,2025-08-21 10:56:00,243,None,0,False,155
FL005244,2025-08-21,HEL,FCO,OH-A147,A321,2025-08-21 21:47:00,361,None,0,False,188
FL005245,2025-08-21,HEL,AMS,OH-A122,E190,2025-08-21 19:43:00,87,None,0,False,66
FL005246,2025-08-21,HEL,MAD,OH-A147,A321,2025-08-21 10:36:00,456,Late Aircraft,17,False,126
FL005247,2025-08-21,HEL,LHR,OH-A100,A350,2025-08-21 16:37:00,277,None,0,False,221
FL005248,2025-08-21,HEL,AMS,OH-A126,A320,2025-08-21 05:31:00,201,None,0,False,108
FL005249,2025-08-21,HEL,CDG,OH-A101,A320,2025-08-21 15:36:00,401,None,0,False,143
FL005250,2025-08-21,HEL,LHR,OH-A118,A350,2025-08-21 18:48:00,321,Weather,34,False,217
FL005251,2025-08-21,HEL,CDG,OH-A123,E190,2025-08-21 05:38:00,264,None,0,False,79
FL005252,2025-08-21,HEL,ARN,OH-A129,A350,2025-08-21 07:13:00,286,None,0,False,244
FL005253,2025-08-21,HEL,AMS,OH-A128,A321,2025-08-21 16:13:00,141,None,0,False,173
FL005254,2025-08-21,HEL,CPH,OH-A118,A350,2025-08-21 18:00:00,389,Technical,20,False,297
FL005255,2025-08-22,HEL,AMS,OH-A106,A350,2025-08-22 05:56:00,453,None,0,False,277
FL005256,2025-08-22,HEL,FCO,OH-A101,A320,2025-08-22 07:18:00,608,Ground Handling,37,False,99
FL005257,2025-08-22,HEL,BKK,OH-A106,A350,2025-08-22 11:05:00,591,None,0,False,254
FL005258,2025-08-22,HEL,ARN,OH-A139,A350,2025-08-22 10:23:00,213,None,0,False,167
FL005259,2025-08-22,HEL,MUC,OH-A117,A321,2025-08-22 20:22:00,173,Ground Handling,56,False,150
FL005260,2025-08-22,HEL,AMS,OH-A135,A321,2025-08-22 18:24:00,608,None,0,False,158
FL005261,2025-08-22,HEL,FCO,OH-A104,A321,2025-08-22 07:19:00,547,None,0,False,139
FL005262,2025-08-22,HEL,CDG,OH-A115,A321,2025-08-22 17:27:00,467,Weather,55,False,187
FL005263,2025-08-22,HEL,CDG,OH-A124,A350,2025-08-22 10:48:00,478,None,0,False,196
FL005264,2025-08-22,HEL,FCO,OH-A123,E190,2025-08-22 09:36:00,61,None,0,False,56
FL005265,2025-08-22,HEL,NRT,OH-A120,A350,2025-08-22 12:38:00,607,None,0,False,179
FL005266,2025-08-22,HEL,OSL,OH-A145,A350,2025-08-22 15:04:00,416,None,0,False,194
FL005267,2025-08-22,HEL,BCN,OH-A141,A350,2025-08-22 15:30:00,65,None,0,False,265
FL005268,2025-08-22,HEL,FCO,OH-A143,A321,2025-08-22 13:15:00,438,Technical,62,False,175
FL005269,2025-08-22,HEL,OSL,OH-A129,A350,2025-08-22 20:36:00,344,Crew,36,False,267
FL005270,2025-08-22,HEL,MAD,OH-A109,A320,2025-08-22 12:59:00,171,None,0,False,101
FL005271,2025-08-22,HEL,BKK,OH-A112,A350,2025-08-22 18:53:00,357,Weather,36,False,227
FL005272,2025-08-22,HEL,JFK,OH-A135,A321,2025-08-22 06:06:00,102,None,0,False,125
FL005273,2025-08-22,HEL,OSL,OH-A105,E190,2025-08-22 19:09:00,496,ATC,47,False,93
FL005274,2025-08-22,HEL,BKK,OH-A128,A321,2025-08-22 13:26:00,73,None,0,False,137
FL005275,2025-08-22,HEL,CDG,OH-A140,A320,2025-08-22 11:35:00,442,None,0,False,162
FL005276,2025-08-22,HEL,FRA,OH-A141,A350,2025-08-22 19:59:00,69,None,0,False,295
FL005277,2025-08-22,HEL,CDG,OH-A139,A350,2025-08-22 10:05:00,271,Technical,45,False,197
FL005278,2025-08-22,HEL,MAD,OH-A102,E190,2025-08-22 05:15:00,224,None,0,False,100
FL005279,2025-08-23,HEL,JFK,OH-A141,A350,2025-08-23 16:43:00,405,None,0,False,284
FL005280,2025-08-23,HEL,BKK,OH-A110,A320,2025-08-23 19:18:00,421,Technical,5,False,162
FL005281,2025-08-23,HEL,LHR,OH-A112,A350,2025-08-23 15:09:00,567,None,0,False,266
FL005282,2025-08-23,HEL,OSL,OH-A113,A350,2025-08-23 19:24:00,223,Late Aircraft,42,False,213
FL005283,2025-08-23,HEL,CPH,OH-A105,E190,2025-08-23 18:04:00,555,None,0,False,79
FL005284,2025-08-23,HEL,CDG,OH-A143,A321,2025-08-23 08:57:00,333,None,0,True,168
FL005285,2025-08-23,HEL,MUC,OH-A124,A350,2025-08-23 15:23:00,71,Technical,54,False,246
FL005286,2025-08-23,HEL,MUC,OH-A101,A320,2025-08-23 12:30:00,278,None,0,False,156
FL005287,2025-08-23,HEL,MAD,OH-A118,A350,2025-08-23 10:28:00,448,None,0,False,219
FL005288,2025-08-23,HEL,FCO,OH-A116,A320,2025-08-23 15:53:00,167,None,0,False,105
FL005289,2025-08-23,HEL,JFK,OH-A117,A321,2025-08-23 11:02:00,562,Late Aircraft,68,False,180
FL005290,2025-08-23,HEL,MUC,OH-A120,A350,2025-08-23 05:21:00,191,None,0,False,253
FL005291,2025-08-23,HEL,LHR,OH-A147,A321,2025-08-23 16:59:00,347,None,0,False,153
FL005292,2025-08-23,HEL,FRA,OH-A133,A320,2025-08-23 08:42:00,474,None,0,False,160
FL005293,2025-08-23,HEL,NRT,OH-A108,A321,2025-08-23 08:15:00,219,Technical,76,False,143
FL005294,2025-08-23,HEL,JFK,OH-A103,A350,2025-08-23 10:32:00,108,Technical,12,False,201
FL005295,2025-08-23,HEL,NRT,OH-A102,E190,2025-08-23 21:35:00,54,None,0,False,78
FL005296,2025-08-23,HEL,MUC,OH-A117,A321,2025-08-23 13:25:00,422,Weather,5,False,126
FL005297,2025-08-23,HEL,FCO,OH-A120,A350,2025-08-23 13:13:00,258,None,0,False,286
FL005298,2025-08-23,HEL,AMS,OH-A143,A321,2025-08-23 14:38:00,282,Ground Handling,65,False,171
FL005299,2025-08-23,HEL,ARN,OH-A114,A320,2025-08-23 08:39:00,572,None,0,False,128
FL005300,2025-08-23,HEL,FCO,OH-A130,A350,2025-08-23 16:08:00,103,Technical,39,False,245
FL005301,2025-08-23,HEL,CPH,OH-A109,A320,2025-08-23 20:36:00,70,Technical,5,False,162
FL005302,2025-08-23,HEL,BCN,OH-A115,A321,2025-08-23 12:47:00,339,Crew,23,False,124
FL005303,2025-08-23,HEL,BKK,OH-A107,A350,2025-08-23 07:42:00,576,Weather,61,False,271
FL005304,2025-08-23,HEL,ARN,OH-A134,A320,2025-08-23 14:09:00,571,None,0,False,102
FL005305,2025-08-23,HEL,FCO,OH-A143,A321,2025-08-23 15:36:00,115,None,0,False,184
FL005306,2025-08-24,HEL,BCN,OH-A114,A320,2025-08-24 06:01:00,364,ATC,52,False,116
FL005307,2025-08-24,HEL,JFK,OH-A145,A350,2025-08-24 20:22:00,286,Ground Handling,17,False,263
FL005308,2025-08-24,HEL,CPH,OH-A122,E190,2025-08-24 20:03:00,425,None,0,False,60
FL005309,2025-08-24,HEL,NRT,OH-A123,E190,2025-08-24 11:18:00,104,None,0,False,60
FL005310,2025-08-24,HEL,OSL,OH-A141,A350,2025-08-24 07:04:00,570,None,0,False,200
FL005311,2025-08-24,HEL,CPH,OH-A108,A321,2025-08-24 09:30:00,520,None,0,False,147
FL005312,2025-08-24,HEL,OSL,OH-A123,E190,2025-08-24 16:41:00,219,Weather,38,False,60
FL005313,2025-08-24,HEL,CPH,OH-A142,A350,2025-08-24 07:01:00,374,None,0,False,184
FL005314,2025-08-24,HEL,BKK,OH-A135,A321,2025-08-24 14:29:00,550,None,0,False,188
FL005315,2025-08-24,HEL,CDG,OH-A114,A320,2025-08-24 20:28:00,612,Weather,18,False,147
FL005316,2025-08-24,HEL,FCO,OH-A125,A321,2025-08-24 10:36:00,214,ATC,31,False,194
FL005317,2025-08-24,HEL,OSL,OH-A143,A321,2025-08-24 07:53:00,547,None,0,False,198
FL005318,2025-08-24,HEL,MUC,OH-A115,A321,2025-08-24 09:43:00,594,None,0,False,140
FL005319,2025-08-24,HEL,AMS,OH-A113,A350,2025-08-24 17:51:00,351,None,0,False,177
FL005320,2025-08-24,HEL,MAD,OH-A141,A350,2025-08-24 06:40:00,335,ATC,45,False,293
FL005321,2025-08-24,HEL,BKK,OH-A133,A320,2025-08-24 08:50:00,551,None,0,False,139
FL005322,2025-08-24,HEL,MAD,OH-A100,A350,2025-08-24 15:21:00,333,None,0,False,285
FL005323,2025-08-24,HEL,MAD,OH-A147,A321,2025-08-24 12:16:00,485,None,0,False,174
FL005324,2025-08-24,HEL,LHR,OH-A140,A320,2025-08-24 05:12:00,342,Weather,59,False,96
FL005325,2025-08-24,HEL,CPH,OH-A125,A321,2025-08-24 08:39:00,155,Late Aircraft,10,False,137
FL005326,2025-08-24,HEL,CPH,OH-A101,A320,2025-08-24 12:33:00,411,Ground Handling,5,False,110
FL005327,2025-08-25,HEL,JFK,OH-A107,A350,2025-08-25 21:50:00,297,None,0,False,173
FL005328,2025-08-25,HEL,MAD,OH-A130,A350,2025-08-25 21:13:00,123,None,0,False,196
FL005329,2025-08-25,HEL,FCO,OH-A105,E190,2025-08-25 18:02:00,213,None,0,False,87
FL005330,2025-08-25,HEL,MAD,OH-A108,A321,2025-08-25 21:13:00,57,None,0,False,144
FL005331,2025-08-25,HEL,CDG,OH-A129,A350,2025-08-25 17:48:00,593,None,0,False,185
FL005332,2025-08-25,HEL,CPH,OH-A147,A321,2025-08-25 19:15:00,576,None,0,False,158
FL005333,2025-08-25,HEL,JFK,OH-A139,A350,2025-08-25 21:55:00,509,None,0,False,243
FL005334,2025-08-25,HEL,MUC,OH-A137,A320,2025-08-25 09:47:00,300,None,0,False,153
FL005335,2025-08-25,HEL,BKK,OH-A113,A350,2025-08-25 13:05:00,64,None,0,False,267
FL005336,2025-08-25,HEL,MAD,OH-A116,A320,2025-08-25 16:33:00,318,None,0,False,131
FL005337,2025-08-25,HEL,FRA,OH-A135,A321,2025-08-25 09:40:00,239,None,0,False,148
FL005338,2025-08-25,HEL,MAD,OH-A112,A350,2025-08-25 18:24:00,511,Crew,77,False,196
FL005339,2025-08-25,HEL,MAD,OH-A125,A321,2025-08-25 19:01:00,62,Crew,14,False,167
FL005340,2025-08-25,HEL,BKK,OH-A100,A350,2025-08-25 16:36:00,229,None,0,False,220
FL005341,2025-08-25,HEL,AMS,OH-A103,A350,2025-08-25 08:34:00,416,None,0,False,226
FL005342,2025-08-25,HEL,AMS,OH-A117,A321,2025-08-25 17:14:00,214,None,0,False,126
FL005343,2025-08-25,HEL,CDG,OH-A127,A321,2025-08-25 13:22:00,345,Crew,34,False,120
FL005344,2025-08-25,HEL,CPH,OH-A116,A320,2025-08-25 09:02:00,490,Crew,46,False,142
FL005345,2025-08-25,HEL,FRA,OH-A134,A320,2025-08-25 14:10:00,86,ATC,46,False,95
FL005346,2025-08-25,HEL,FRA,OH-A131,E190,2025-08-25 13:04:00,178,None,0,False,95
FL005347,2025-08-25,HEL,OSL,OH-A119,A350,2025-08-25 05:55:00,394,None,0,False,190
FL005348,2025-08-25,HEL,JFK,OH-A135,A321,2025-08-25 07:41:00,596,None,0,False,186
FL005349,2025-08-25,HEL,MAD,OH-A120,A350,2025-08-25 13:54:00,502,Weather,83,False,200
FL005350,2025-08-25,HEL,LHR,OH-A139,A350,2025-08-25 08:22:00,251,None,0,False,289
FL005351,2025-08-25,HEL,OSL,OH-A122,E190,2025-08-25 06:23:00,157,None,0,False,79
FL005352,2025-08-25,HEL,BCN,OH-A147,A321,2025-08-25 19:47:00,296,Ground Handling,49,False,130
FL005353,2025-08-25,HEL,ARN,OH-A117,A321,2025-08-25 05:50:00,305,None,0,False,138
FL005354,2025-08-26,HEL,MUC,OH-A147,A321,2025-08-26 08:18:00,68,None,0,False,191
FL005355,2025-08-26,HEL,OSL,OH-A137,A320,2025-08-26 13:36:00,508,None,0,False,117
FL005356,2025-08-26,HEL,JFK,OH-A144,A350,2025-08-26 05:35:00,150,None,0,False,199
FL005357,2025-08-26,HEL,FCO,OH-A123,E190,2025-08-26 06:56:00,466,ATC,17,False,84
FL005358,2025-08-26,HEL,OSL,OH-A145,A350,2025-08-26 13:42:00,491,Crew,87,False,267
FL005359,2025-08-26,HEL,ARN,OH-A131,E190,2025-08-26 21:11:00,473,Technical,58,False,63
FL005360,2025-08-26,HEL,ARN,OH-A139,A350,2025-08-26 11:37:00,259,None,0,False,176
FL005361,2025-08-26,HEL,CDG,OH-A124,A350,2025-08-26 07:48:00,106,Weather,64,False,204
FL005362,2025-08-26,HEL,CPH,OH-A106,A350,2025-08-26 15:32:00,71,None,0,False,216
FL005363,2025-08-26,HEL,ARN,OH-A142,A350,2025-08-26 12:42:00,277,ATC,60,False,179
FL005364,2025-08-26,HEL,FRA,OH-A136,A321,2025-08-26 11:00:00,468,Ground Handling,31,False,162
FL005365,2025-08-26,HEL,MUC,OH-A123,E190,2025-08-26 19:18:00,351,None,0,False,97
FL005366,2025-08-26,HEL,ARN,OH-A105,E190,2025-08-26 18:41:00,587,None,0,False,63
FL005367,2025-08-26,HEL,BCN,OH-A131,E190,2025-08-26 13:07:00,477,Technical,13,False,98
FL005368,2025-08-26,HEL,AMS,OH-A137,A320,2025-08-26 12:11:00,533,None,0,False,132
FL005369,2025-08-26,HEL,OSL,OH-A120,A350,2025-08-26 18:53:00,194,ATC,18,False,201
FL005370,2025-08-26,HEL,CPH,OH-A103,A350,2025-08-26 12:31:00,178,None,0,False,253
FL005371,2025-08-26,HEL,FCO,OH-A107,A350,2025-08-26 21:37:00,495,None,0,False,164
FL005372,2025-08-26,HEL,CPH,OH-A140,A320,2025-08-26 08:26:00,601,None,0,False,118
FL005373,2025-08-26,HEL,OSL,OH-A146,A320,2025-08-26 09:32:00,123,None,0,False,147
FL005374,2025-08-26,HEL,MAD,OH-A126,A320,2025-08-26 10:29:00,72,None,0,False,108
FL005375,2025-08-26,HEL,BCN,OH-A144,A350,2025-08-26 16:23:00,476,Weather,5,False,250
FL005376,2025-08-27,HEL,FCO,OH-A100,A350,2025-08-27 21:56:00,561,None,0,False,251
FL005377,2025-08-27,HEL,MUC,OH-A131,E190,2025-08-27 13:04:00,317,None,0,False,87
FL005378,2025-08-27,HEL,BKK,OH-A146,A320,2025-08-27 19:38:00,512,None,0,False,112
FL005379,2025-08-27,HEL,OSL,OH-A107,A350,2025-08-27 14:00:00,198,None,0,False,225
FL005380,2025-08-27,HEL,BKK,OH-A144,A350,2025-08-27 19:09:00,143,ATC,29,False,237
FL005381,2025-08-27,HEL,CPH,OH-A136,A321,2025-08-27 06:50:00,548,Crew,31,False,154
FL005382,2025-08-27,HEL,MUC,OH-A133,A320,2025-08-27 06:30:00,558,None,0,False,165
FL005383,2025-08-27,HEL,AMS,OH-A114,A320,2025-08-27 19:44:00,128,None,0,False,98
FL005384,2025-08-27,HEL,FCO,OH-A112,A350,2025-08-27 07:09:00,476,None,0,False,269
FL005385,2025-08-27,HEL,CPH,OH-A134,A320,2025-08-27 20:32:00,96,None,0,False,112
FL005386,2025-08-27,HEL,LHR,OH-A101,A320,2025-08-27 13:25:00,250,None,0,True,112
FL005387,2025-08-27,HEL,LHR,OH-A129,A350,2025-08-27 07:48:00,50,None,0,False,287
FL005388,2025-08-27,HEL,NRT,OH-A134,A320,2025-08-27 11:30:00,361,Weather,88,False,142
FL005389,2025-08-27,HEL,MUC,OH-A114,A320,2025-08-27 05:07:00,50,None,0,False,137
FL005390,2025-08-27,HEL,OSL,OH-A137,A320,2025-08-27 08:56:00,215,None,0,False,168
FL005391,2025-08-27,HEL,JFK,OH-A147,A321,2025-08-27 10:18:00,354,None,0,False,132
FL005392,2025-08-27,HEL,LHR,OH-A137,A320,2025-08-27 12:37:00,75,None,0,False,128
FL005393,2025-08-27,HEL,LHR,OH-A134,A320,2025-08-27 13:02:00,491,Ground Handling,67,False,156
FL005394,2025-08-27,HEL,FRA,OH-A145,A350,2025-08-27 18:47:00,131,None,0,False,181
FL005395,2025-08-27,HEL,JFK,OH-A124,A350,2025-08-27 14:09:00,460,None,0,False,273
FL005396,2025-08-27,HEL,JFK,OH-A144,A350,2025-08-27 10:25:00,86,None,0,False,225
FL005397,2025-08-28,HEL,MUC,OH-A114,A320,2025-08-28 18:37:00,517,None,0,False,123
FL005398,2025-08-28,HEL,FRA,OH-A115,A321,2025-08-28 08:40:00,288,None,0,False,169
FL005399,2025-08-28,HEL,BCN,OH-A107,A350,2025-08-28 13:29:00,330,None,0,False,166
FL005400,2025-08-28,HEL,OSL,OH-A114,A320,2025-08-28 14:42:00,46,ATC,36,False,151
FL005401,2025-08-28,HEL,FCO,OH-A113,A350,2025-08-28 06:22:00,303,Weather,6,False,250
FL005402,2025-08-28,HEL,OSL,OH-A125,A321,2025-08-28 16:25:00,188,ATC,36,False,148
FL005403,2025-08-28,HEL,ARN,OH-A147,A321,2025-08-28 20:31:00,461,None,0,False,206
FL005404,2025-08-28,HEL,ARN,OH-A135,A321,2025-08-28 10:56:00,554,Ground Handling,38,False,194
FL005405,2025-08-28,HEL,ARN,OH-A110,A320,2025-08-28 14:01:00,364,Technical,35,False,157
FL005406,2025-08-28,HEL,CPH,OH-A120,A350,2025-08-28 18:17:00,502,None,0,False,281
FL005407,2025-08-28,HEL,ARN,OH-A111,E190,2025-08-28 07:04:00,535,None,0,False,90
FL005408,2025-08-28,HEL,CDG,OH-A133,A320,2025-08-28 09:18:00,439,None,0,False,150
FL005409,2025-08-28,HEL,BKK,OH-A143,A321,2025-08-28 10:54:00,555,None,0,False,203
FL005410,2025-08-28,HEL,CPH,OH-A141,A350,2025-08-28 08:41:00,315,Weather,19,False,185
FL005411,2025-08-28,HEL,MAD,OH-A127,A321,2025-08-28 09:06:00,586,None,0,False,163
FL005412,2025-08-28,HEL,NRT,OH-A138,A321,2025-08-28 12:31:00,377,None,0,False,175
FL005413,2025-08-28,HEL,JFK,OH-A146,A320,2025-08-28 20:52:00,361,ATC,27,False,145
FL005414,2025-08-28,HEL,AMS,OH-A109,A320,2025-08-28 12:19:00,616,None,0,False,122
FL005415,2025-08-28,HEL,ARN,OH-A104,A321,2025-08-28 14:14:00,564,None,0,False,119
FL005416,2025-08-28,HEL,AMS,OH-A138,A321,2025-08-28 21:45:00,510,None,0,False,122
FL005417,2025-08-28,HEL,BCN,OH-A111,E190,2025-08-28 20:16:00,599,None,0,False,86
FL005418,2025-08-28,HEL,FCO,OH-A120,A350,2025-08-28 20:30:00,354,None,0,False,286
FL005419,2025-08-28,HEL,CPH,OH-A133,A320,2025-08-28 05:32:00,291,Crew,22,False,111
FL005420,2025-08-28,HEL,CDG,OH-A137,A320,2025-08-28 19:45:00,489,None,0,False,137
FL005421,2025-08-28,HEL,BCN,OH-A140,A320,2025-08-28 18:56:00,617,Crew,39,False,147
FL005422,2025-08-28,HEL,FCO,OH-A122,E190,2025-08-28 21:46:00,50,None,0,False,85
FL005423,2025-08-29,HEL,LHR,OH-A100,A350,2025-08-29 17:33:00,489,Weather,20,False,261
FL005424,2025-08-29,HEL,OSL,OH-A102,E190,2025-08-29 13:17:00,278,None,0,False,72
FL005425,2025-08-29,HEL,AMS,OH-A145,A350,2025-08-29 18:12:00,292,Crew,16,False,183
FL005426,2025-08-29,HEL,ARN,OH-A127,A321,2025-08-29 18:46:00,469,None,0,False,159
FL005427,2025-08-29,HEL,MUC,OH-A101,A320,2025-08-29 15:55:00,572,ATC,23,False,123
FL005428,2025-08-29,HEL,FRA,OH-A129,A350,2025-08-29 18:49:00,555,Technical,5,False,278
FL005429,2025-08-29,HEL,MUC,OH-A119,A350,2025-08-29 20:26:00,526,None,0,False,217
FL005430,2025-08-29,HEL,BKK,OH-A109,A320,2025-08-29 21:40:00,344,None,0,False,122
FL005431,2025-08-29,HEL,MAD,OH-A135,A321,2025-08-29 18:07:00,612,Technical,21,False,196
FL005432,2025-08-29,HEL,AMS,OH-A111,E190,2025-08-29 16:52:00,601,Weather,47,False,90
FL005433,2025-08-29,HEL,FCO,OH-A114,A320,2025-08-29 10:49:00,425,None,0,False,120
FL005434,2025-08-29,HEL,AMS,OH-A100,A350,2025-08-29 20:24:00,100,Weather,5,False,214
FL005435,2025-08-29,HEL,FCO,OH-A137,A320,2025-08-29 19:50:00,617,None,0,False,129
FL005436,2025-08-29,HEL,BKK,OH-A118,A350,2025-08-29 12:04:00,85,None,0,False,169
FL005437,2025-08-29,HEL,NRT,OH-A116,A320,2025-08-29 18:57:00,62,None,0,False,164
FL005438,2025-08-29,HEL,MUC,OH-A145,A350,2025-08-29 12:34:00,382,None,0,False,190
FL005439,2025-08-29,HEL,FRA,OH-A123,E190,2025-08-29 18:18:00,537,Crew,5,False,63
FL005440,2025-08-29,HEL,AMS,OH-A112,A350,2025-08-29 09:03:00,586,None,0,False,270
FL005441,2025-08-29,HEL,MUC,OH-A111,E190,2025-08-29 06:30:00,610,Late Aircraft,18,False,58
FL005442,2025-08-29,HEL,BKK,OH-A117,A321,2025-08-29 07:41:00,215,None,0,False,176
FL005443,2025-08-29,HEL,NRT,OH-A116,A320,2025-08-29 18:47:00,316,None,0,False,137
FL005444,2025-08-29,HEL,BCN,OH-A135,A321,2025-08-29 18:24:00,502,ATC,76,False,192
FL005445,2025-08-29,HEL,LHR,OH-A101,A320,2025-08-29 08:10:00,497,Crew,54,False,113
FL005446,2025-08-29,HEL,AMS,OH-A106,A350,2025-08-29 20:09:00,458,None,0,False,247
FL005447,2025-08-29,HEL,LHR,OH-A143,A321,2025-08-29 17:15:00,613,None,0,False,123
FL005448,2025-08-29,HEL,OSL,OH-A132,A321,2025-08-29 10:45:00,234,Late Aircraft,25,False,158
FL005449,2025-08-30,HEL,OSL,OH-A140,A320,2025-08-30 19:13:00,299,None,0,False,104
FL005450,2025-08-30,HEL,BKK,OH-A137,A320,2025-08-30 05:59:00,475,None,0,False,143
FL005451,2025-08-30,HEL,AMS,OH-A141,A350,2025-08-30 14:39:00,550,None,0,False,273
FL005452,2025-08-30,HEL,ARN,OH-A139,A350,2025-08-30 10:56:00,147,None,0,False,197
FL005453,2025-08-30,HEL,BKK,OH-A135,A321,2025-08-30 09:56:00,151,ATC,5,False,135
FL005454,2025-08-30,HEL,ARN,OH-A119,A350,2025-08-30 06:04:00,214,Late Aircraft,44,False,271
FL005455,2025-08-30,HEL,FRA,OH-A122,E190,2025-08-30 14:38:00,432,None,0,False,90
FL005456,2025-08-30,HEL,FCO,OH-A139,A350,2025-08-30 07:03:00,537,None,0,False,258
FL005457,2025-08-30,HEL,AMS,OH-A104,A321,2025-08-30 11:28:00,428,None,0,False,139
FL005458,2025-08-30,HEL,OSL,OH-A124,A350,2025-08-30 12:40:00,616,Crew,26,False,187
FL005459,2025-08-30,HEL,LHR,OH-A103,A350,2025-08-30 20:11:00,609,Crew,46,False,292
FL005460,2025-08-30,HEL,MAD,OH-A136,A321,2025-08-30 15:00:00,228,None,0,False,176
FL005461,2025-08-30,HEL,BCN,OH-A118,A350,2025-08-30 06:17:00,90,None,0,False,267
FL005462,2025-08-30,HEL,MUC,OH-A107,A350,2025-08-30 18:58:00,384,ATC,53,False,234
FL005463,2025-08-30,HEL,MUC,OH-A136,A321,2025-08-30 07:45:00,219,Weather,40,False,126
FL005464,2025-08-30,HEL,CDG,OH-A104,A321,2025-08-30 05:18:00,587,Technical,18,False,141
FL005465,2025-08-30,HEL,BKK,OH-A136,A321,2025-08-30 18:31:00,292,Late Aircraft,62,False,176
FL005466,2025-08-30,HEL,LHR,OH-A123,E190,2025-08-30 20:48:00,237,None,0,False,66
FL005467,2025-08-30,HEL,JFK,OH-A140,A320,2025-08-30 09:00:00,457,None,0,False,170
FL005468,2025-08-30,HEL,FCO,OH-A134,A320,2025-08-30 20:33:00,212,None,0,False,160
FL005469,2025-08-30,HEL,ARN,OH-A113,A350,2025-08-30 08:12:00,488,Weather,75,False,210
FL005470,2025-08-30,HEL,OSL,OH-A131,E190,2025-08-30 11:10:00,351,Weather,5,False,99
FL005471,2025-08-30,HEL,MUC,OH-A125,A321,2025-08-30 07:03:00,341,None,0,False,189
FL005472,2025-08-30,HEL,OSL,OH-A107,A350,2025-08-30 06:36:00,513,ATC,43,False,163
FL005473,2025-08-31,HEL,ARN,OH-A107,A350,2025-08-31 06:34:00,447,Weather,63,False,200
FL005474,2025-08-31,HEL,FRA,OH-A136,A321,2025-08-31 17:41:00,433,Late Aircraft,46,False,192
FL005475,2025-08-31,HEL,FRA,OH-A120,A350,2025-08-31 16:26:00,512,None,0,False,163
FL005476,2025-08-31,HEL,CDG,OH-A108,A321,2025-08-31 10:22:00,155,Technical,61,False,152
FL005477,2025-08-31,HEL,OSL,OH-A127,A321,2025-08-31 21:01:00,515,None,0,False,191
FL005478,2025-08-31,HEL,CDG,OH-A141,A350,2025-08-31 19:01:00,105,None,0,False,272
FL005479,2025-08-31,HEL,AMS,OH-A121,A320,2025-08-31 15:12:00,491,None,0,False,101
FL005480,2025-08-31,HEL,BCN,OH-A128,A321,2025-08-31 07:22:00,550,None,0,False,172
FL005481,2025-08-31,HEL,AMS,OH-A119,A350,2025-08-31 17:40:00,428,None,0,False,242
FL005482,2025-08-31,HEL,LHR,OH-A122,E190,2025-08-31 20:30:00,333,None,0,False,68
FL005483,2025-08-31,HEL,BCN,OH-A102,E190,2025-08-31 11:00:00,310,None,0,False,65
FL005484,2025-08-31,HEL,BCN,OH-A138,A321,2025-08-31 11:42:00,200,None,0,False,125
FL005485,2025-08-31,HEL,FRA,OH-A138,A321,2025-08-31 20:13:00,277,None,0,False,183
FL005486,2025-08-31,HEL,CPH,OH-A133,A320,2025-08-31 09:30:00,64,None,0,False,129
FL005487,2025-08-31,HEL,BKK,OH-A121,A320,2025-08-31 06:11:00,398,None,0,False,158
FL005488,2025-08-31,HEL,MUC,OH-A115,A321,2025-08-31 16:05:00,197,None,0,False,205
FL005489,2025-08-31,HEL,LHR,OH-A119,A350,2025-08-31 05:33:00,117,ATC,45,True,297
FL005490,2025-08-31,HEL,FCO,OH-A133,A320,2025-08-31 11:11:00,486,None,0,False,119
FL005491,2025-08-31,HEL,AMS,OH-A125,A321,2025-08-31 16:56:00,288,None,0,False,148
FL005492,2025-09-01,HEL,MUC,OH-A116,A320,2025-09-01 16:23:00,423,Technical,59,False,124
FL005493,2025-09-01,HEL,MAD,OH-A141,A350,2025-09-01 20:20:00,509,None,0,False,288
FL005494,2025-09-01,HEL,ARN,OH-A131,E190,2025-09-01 05:41:00,407,None,0,False,85
FL005495,2025-09-01,HEL,ARN,OH-A111,E190,2025-09-01 18:18:00,214,None,0,False,58
FL005496,2025-09-01,HEL,ARN,OH-A115,A321,2025-09-01 11:57:00,248,None,0,False,151
FL005497,2025-09-01,HEL,OSL,OH-A104,A321,2025-09-01 20:10:00,503,None,0,False,193
FL005498,2025-09-01,HEL,NRT,OH-A141,A350,2025-09-01 07:23:00,157,None,0,False,294
FL005499,2025-09-01,HEL,LHR,OH-A135,A321,2025-09-01 18:19:00,292,None,0,False,121
FL005500,2025-09-01,HEL,OSL,OH-A123,E190,2025-09-01 12:47:00,87,None,0,False,66
FL005501,2025-09-01,HEL,FRA,OH-A122,E190,2025-09-01 15:50:00,593,ATC,67,False,87
FL005502,2025-09-01,HEL,AMS,OH-A139,A350,2025-09-01 07:09:00,366,Weather,56,False,231
FL005503,2025-09-01,HEL,BKK,OH-A125,A321,2025-09-01 08:51:00,303,None,0,False,178
FL005504,2025-09-01,HEL,CPH,OH-A124,A350,2025-09-01 06:19:00,343,None,0,False,235
FL005505,2025-09-01,HEL,JFK,OH-A129,A350,2025-09-01 13:33:00,480,None,0,False,207
FL005506,2025-09-01,HEL,LHR,OH-A107,A350,2025-09-01 12:11:00,110,Technical,61,False,198
FL005507,2025-09-01,HEL,CDG,OH-A129,A350,2025-09-01 10:10:00,545,Technical,28,False,213
FL005508,2025-09-01,HEL,FRA,OH-A111,E190,2025-09-01 10:53:00,249,None,0,False,58
FL005509,2025-09-01,HEL,BKK,OH-A137,A320,2025-09-01 07:08:00,572,Technical,37,False,145
FL005510,2025-09-01,HEL,LHR,OH-A115,A321,2025-09-01 11:58:00,525,None,0,False,153
FL005511,2025-09-02,HEL,OSL,OH-A129,A350,2025-09-02 05:25:00,299,None,0,False,183
FL005512,2025-09-02,HEL,CPH,OH-A118,A350,2025-09-02 11:41:00,612,None,0,False,223
FL005513,2025-09-02,HEL,ARN,OH-A133,A320,2025-09-02 12:11:00,531,None,0,False,104
FL005514,2025-09-02,HEL,LHR,OH-A139,A350,2025-09-02 11:07:00,45,Late Aircraft,62,False,289
FL005515,2025-09-02,HEL,FCO,OH-A111,E190,2025-09-02 07:12:00,533,None,0,False,60
FL005516,2025-09-02,HEL,FCO,OH-A124,A350,2025-09-02 06:32:00,366,None,0,False,254
FL005517,2025-09-02,HEL,JFK,OH-A116,A320,2025-09-02 19:07:00,134,None,0,False,112
FL005518,2025-09-02,HEL,OSL,OH-A126,A320,2025-09-02 17:20:00,481,None,0,False,161
FL005519,2025-09-02,HEL,CPH,OH-A123,E190,2025-09-02 05:32:00,214,Ground Handling,39,False,76
FL005520,2025-09-02,HEL,BKK,OH-A123,E190,2025-09-02 17:48:00,69,None,0,False,70
FL005521,2025-09-02,HEL,NRT,OH-A113,A350,2025-09-02 12:55:00,385,Crew,66,False,280
FL005522,2025-09-02,HEL,MAD,OH-A111,E190,2025-09-02 15:19:00,254,None,0,False,83
FL005523,2025-09-02,HEL,JFK,OH-A115,A321,2025-09-02 11:29:00,273,None,0,False,130
FL005524,2025-09-02,HEL,JFK,OH-A133,A320,2025-09-02 16:01:00,522,Late Aircraft,23,False,156
FL005525,2025-09-02,HEL,BCN,OH-A139,A350,2025-09-02 15:46:00,434,None,0,False,274
FL005526,2025-09-02,HEL,FRA,OH-A119,A350,2025-09-02 06:06:00,400,None,0,False,166
FL005527,2025-09-02,HEL,BKK,OH-A147,A321,2025-09-02 10:09:00,282,None,0,False,199
FL005528,2025-09-02,HEL,MAD,OH-A132,A321,2025-09-02 11:00:00,491,None,0,False,197
FL005529,2025-09-02,HEL,NRT,OH-A145,A350,2025-09-02 20:36:00,292,Crew,12,False,251
FL005530,2025-09-02,HEL,OSL,OH-A118,A350,2025-09-02 16:51:00,422,None,0,False,262
FL005531,2025-09-02,HEL,LHR,OH-A126,A320,2025-09-02 11:50:00,348,None,0,False,123
FL005532,2025-09-02,HEL,BCN,OH-A147,A321,2025-09-02 17:26:00,138,None,0,False,117
FL005533,2025-09-02,HEL,BKK,OH-A137,A320,2025-09-02 14:29:00,428,None,0,False,153
FL005534,2025-09-03,HEL,FRA,OH-A105,E190,2025-09-03 12:36:00,557,Weather,63,False,97
FL005535,2025-09-03,HEL,BCN,OH-A123,E190,2025-09-03 18:42:00,399,None,0,False,90
FL005536,2025-09-03,HEL,MAD,OH-A125,A321,2025-09-03 11:36:00,617,None,0,False,157
FL005537,2025-09-03,HEL,OSL,OH-A114,A320,2025-09-03 21:52:00,253,None,0,False,114
FL005538,2025-09-03,HEL,FCO,OH-A129,A350,2025-09-03 12:40:00,224,None,0,False,213
FL005539,2025-09-03,HEL,BKK,OH-A136,A321,2025-09-03 20:40:00,272,Weather,62,False,154
FL005540,2025-09-03,HEL,CDG,OH-A103,A350,2025-09-03 14:58:00,381,None,0,False,270
FL005541,2025-09-03,HEL,BKK,OH-A143,A321,2025-09-03 05:48:00,249,None,0,False,124
FL005542,2025-09-03,HEL,NRT,OH-A120,A350,2025-09-03 12:57:00,503,Technical,34,False,254
FL005543,2025-09-03,HEL,AMS,OH-A111,E190,2025-09-03 16:34:00,581,None,0,False,95
FL005544,2025-09-03,HEL,JFK,OH-A140,A320,2025-09-03 09:56:00,516,None,0,False,134
FL005545,2025-09-03,HEL,BKK,OH-A124,A350,2025-09-03 19:51:00,613,Technical,53,False,259
FL005546,2025-09-03,HEL,JFK,OH-A113,A350,2025-09-03 05:05:00,601,Weather,56,False,232
FL005547,2025-09-03,HEL,AMS,OH-A134,A320,2025-09-03 15:55:00,251,None,0,False,122
FL005548,2025-09-03,HEL,MAD,OH-A128,A321,2025-09-03 17:21:00,417,None,0,False,200
FL005549,2025-09-03,HEL,BCN,OH-A119,A350,2025-09-03 10:25:00,385,None,0,False,257
FL005550,2025-09-03,HEL,AMS,OH-A131,E190,2025-09-03 16:09:00,176,ATC,65,False,77
FL005551,2025-09-03,HEL,BCN,OH-A116,A320,2025-09-03 14:24:00,581,None,0,False,122
FL005552,2025-09-03,HEL,BKK,OH-A104,A321,2025-09-03 12:25:00,517,None,0,False,196
FL005553,2025-09-03,HEL,ARN,OH-A104,A321,2025-09-03 12:48:00,381,Crew,32,False,127
FL005554,2025-09-03,HEL,NRT,OH-A126,A320,2025-09-03 05:46:00,482,Weather,61,False,118
FL005555,2025-09-03,HEL,AMS,OH-A109,A320,2025-09-03 07:47:00,190,None,0,False,160
FL005556,2025-09-03,HEL,JFK,OH-A115,A321,2025-09-03 07:09:00,225,Weather,17,False,183
FL005557,2025-09-04,HEL,FRA,OH-A124,A350,2025-09-04 05:35:00,605,None,0,False,170
FL005558,2025-09-04,HEL,LHR,OH-A109,A320,2025-09-04 20:17:00,343,None,0,False,159
FL005559,2025-09-04,HEL,FCO,OH-A144,A350,2025-09-04 05:59:00,294,None,0,False,290
FL005560,2025-09-04,HEL,NRT,OH-A117,A321,2025-09-04 13:34:00,364,None,0,False,209
FL005561,2025-09-04,HEL,OSL,OH-A131,E190,2025-09-04 17:46:00,506,None,0,False,77
FL005562,2025-09-04,HEL,ARN,OH-A132,A321,2025-09-04 18:56:00,546,None,0,False,184
FL005563,2025-09-04,HEL,NRT,OH-A125,A321,2025-09-04 16:18:00,293,None,0,False,121
FL005564,2025-09-04,HEL,CDG,OH-A102,E190,2025-09-04 17:29:00,434,None,0,False,66
FL005565,2025-09-04,HEL,LHR,OH-A116,A320,2025-09-04 06:20:00,543,None,0,False,145
FL005566,2025-09-04,HEL,JFK,OH-A102,E190,2025-09-04 10:35:00,88,None,0,False,95
FL005567,2025-09-04,HEL,JFK,OH-A125,A321,2025-09-04 15:58:00,253,None,0,False,119
FL005568,2025-09-04,HEL,BCN,OH-A105,E190,2025-09-04 16:57:00,277,None,0,False,55
FL005569,2025-09-04,HEL,OSL,OH-A122,E190,2025-09-04 07:08:00,563,Crew,63,False,62
FL005570,2025-09-04,HEL,MAD,OH-A139,A350,2025-09-04 18:41:00,195,None,0,False,224
FL005571,2025-09-04,HEL,FCO,OH-A137,A320,2025-09-04 09:20:00,449,None,0,False,110
FL005572,2025-09-04,HEL,FRA,OH-A135,A321,2025-09-04 20:27:00,316,Ground Handling,7,False,166
FL005573,2025-09-04,HEL,MUC,OH-A124,A350,2025-09-04 07:29:00,490,None,0,False,206
FL005574,2025-09-04,HEL,MUC,OH-A123,E190,2025-09-04 21:54:00,102,None,0,False,62
FL005575,2025-09-04,HEL,MAD,OH-A117,A321,2025-09-04 06:01:00,306,None,0,False,139
FL005576,2025-09-05,HEL,FCO,OH-A109,A320,2025-09-05 08:40:00,458,None,0,False,121
FL005577,2025-09-05,HEL,MUC,OH-A103,A350,2025-09-05 09:34:00,335,Late Aircraft,38,False,182
FL005578,2025-09-05,HEL,NRT,OH-A134,A320,2025-09-05 12:58:00,418,None,0,False,136
FL005579,2025-09-05,HEL,NRT,OH-A114,A320,2025-09-05 14:42:00,132,None,0,False,98
FL005580,2025-09-05,HEL,CDG,OH-A109,A320,2025-09-05 10:04:00,410,Weather,67,False,139
FL005581,2025-09-05,HEL,LHR,OH-A103,A350,2025-09-05 16:40:00,317,None,0,False,261
FL005582,2025-09-05,HEL,MAD,OH-A125,A321,2025-09-05 21:54:00,370,None,0,False,164
FL005583,2025-09-05,HEL,ARN,OH-A120,A350,2025-09-05 11:23:00,394,Weather,14,False,267
FL005584,2025-09-05,HEL,MAD,OH-A115,A321,2025-09-05 13:40:00,571,None,0,False,169
FL005585,2025-09-05,HEL,FRA,OH-A119,A350,2025-09-05 08:52:00,172,None,0,False,295
FL005586,2025-09-05,HEL,FCO,OH-A103,A350,2025-09-05 10:35:00,126,None,0,False,235
FL005587,2025-09-05,HEL,CPH,OH-A109,A320,2025-09-05 17:30:00,221,None,0,False,127
FL005588,2025-09-05,HEL,BCN,OH-A110,A320,2025-09-05 10:03:00,608,None,0,False,174
FL005589,2025-09-05,HEL,MUC,OH-A133,A320,2025-09-05 12:18:00,184,None,0,False,148
FL005590,2025-09-05,HEL,ARN,OH-A125,A321,2025-09-05 11:26:00,332,None,0,False,189
FL005591,2025-09-05,HEL,MUC,OH-A102,E190,2025-09-05 11:41:00,326,None,0,False,63
FL005592,2025-09-05,HEL,MAD,OH-A121,A320,2025-09-05 14:37:00,196,None,0,False,165
FL005593,2025-09-05,HEL,AMS,OH-A103,A350,2025-09-05 12:49:00,75,Technical,5,False,236
FL005594,2025-09-05,HEL,BCN,OH-A128,A321,2025-09-05 12:54:00,139,None,0,False,182
FL005595,2025-09-05,HEL,CDG,OH-A125,A321,2025-09-05 05:05:00,580,None,0,False,144
FL005596,2025-09-05,HEL,BCN,OH-A127,A321,2025-09-05 05:15:00,423,Crew,51,False,200
FL005597,2025-09-05,HEL,LHR,OH-A110,A320,2025-09-05 13:25:00,586,ATC,10,False,173
FL005598,2025-09-05,HEL,LHR,OH-A140,A320,2025-09-05 14:45:00,349,Weather,15,False,158
FL005599,2025-09-05,HEL,ARN,OH-A124,A350,2025-09-05 07:39:00,505,None,0,False,278
FL005600,2025-09-05,HEL,CPH,OH-A127,A321,2025-09-05 12:10:00,262,None,0,False,141
FL005601,2025-09-05,HEL,CPH,OH-A145,A350,2025-09-05 19:14:00,352,None,0,False,246
FL005602,2025-09-06,HEL,JFK,OH-A144,A350,2025-09-06 15:36:00,602,None,0,False,172
FL005603,2025-09-06,HEL,MUC,OH-A122,E190,2025-09-06 17:30:00,472,None,0,False,97
FL005604,2025-09-06,HEL,JFK,OH-A136,A321,2025-09-06 08:27:00,97,None,0,False,201
FL005605,2025-09-06,HEL,ARN,OH-A115,A321,2025-09-06 20:50:00,608,Crew,16,False,115
FL005606,2025-09-06,HEL,AMS,OH-A140,A320,2025-09-06 19:48:00,318,None,0,False,124
FL005607,2025-09-06,HEL,MAD,OH-A125,A321,2025-09-06 05:41:00,231,None,0,False,192
FL005608,2025-09-06,HEL,AMS,OH-A147,A321,2025-09-06 06:47:00,296,None,0,False,153
FL005609,2025-09-06,HEL,FCO,OH-A142,A350,2025-09-06 17:10:00,72,None,0,False,212
FL005610,2025-09-06,HEL,BCN,OH-A131,E190,2025-09-06 20:13:00,339,Crew,33,False,56
FL005611,2025-09-06,HEL,FRA,OH-A121,A320,2025-09-06 21:42:00,191,None,0,False,99
FL005612,2025-09-06,HEL,MUC,OH-A114,A320,2025-09-06 05:45:00,363,Late Aircraft,16,False,116
FL005613,2025-09-06,HEL,NRT,OH-A141,A350,2025-09-06 12:20:00,477,None,0,False,231
FL005614,2025-09-06,HEL,MAD,OH-A123,E190,2025-09-06 06:08:00,426,Weather,71,False,61
FL005615,2025-09-06,HEL,BKK,OH-A126,A320,2025-09-06 11:16:00,156,None,0,False,120
FL005616,2025-09-06,HEL,CPH,OH-A143,A321,2025-09-06 10:06:00,576,None,0,False,123
FL005617,2025-09-06,HEL,JFK,OH-A118,A350,2025-09-06 20:59:00,507,ATC,7,False,179
FL005618,2025-09-06,HEL,NRT,OH-A106,A350,2025-09-06 08:14:00,604,None,0,False,177
FL005619,2025-09-06,HEL,NRT,OH-A117,A321,2025-09-06 18:36:00,465,None,0,False,120
FL005620,2025-09-06,HEL,MUC,OH-A105,E190,2025-09-06 09:36:00,259,Technical,5,False,76
FL005621,2025-09-06,HEL,FRA,OH-A127,A321,2025-09-06 12:47:00,601,ATC,43,False,115
FL005622,2025-09-06,HEL,BCN,OH-A110,A320,2025-09-06 12:22:00,285,None,0,False,134
FL005623,2025-09-06,HEL,NRT,OH-A128,A321,2025-09-06 14:46:00,231,None,0,False,151
FL005624,2025-09-06,HEL,NRT,OH-A104,A321,2025-09-06 20:13:00,139,None,0,False,152
FL005625,2025-09-07,HEL,MUC,OH-A130,A350,2025-09-07 13:57:00,93,None,0,False,169
FL005626,2025-09-07,HEL,MAD,OH-A106,A350,2025-09-07 17:21:00,170,Ground Handling,33,False,232
FL005627,2025-09-07,HEL,BKK,OH-A103,A350,2025-09-07 12:56:00,499,None,0,False,184
FL005628,2025-09-07,HEL,FCO,OH-A101,A320,2025-09-07 17:24:00,217,None,0,False,111
FL005629,2025-09-07,HEL,MAD,OH-A135,A321,2025-09-07 07:07:00,238,None,0,False,206
FL005630,2025-09-07,HEL,MAD,OH-A116,A320,2025-09-07 20:30:00,475,Weather,41,False,97
FL005631,2025-09-07,HEL,BCN,OH-A114,A320,2025-09-07 20:13:00,150,Weather,92,False,129
FL005632,2025-09-07,HEL,AMS,OH-A144,A350,2025-09-07 18:44:00,398,None,0,False,295
FL005633,2025-09-07,HEL,MUC,OH-A120,A350,2025-09-07 14:59:00,405,None,0,False,219
FL005634,2025-09-07,HEL,OSL,OH-A132,A321,2025-09-07 16:31:00,77,None,0,False,177
FL005635,2025-09-07,HEL,ARN,OH-A102,E190,2025-09-07 12:45:00,399,Technical,74,False,83
FL005636,2025-09-07,HEL,JFK,OH-A134,A320,2025-09-07 18:13:00,381,None,0,False,173
FL005637,2025-09-07,HEL,FRA,OH-A143,A321,2025-09-07 16:12:00,451,ATC,45,False,123
FL005638,2025-09-07,HEL,NRT,OH-A106,A350,2025-09-07 11:45:00,261,None,0,False,245
FL005639,2025-09-07,HEL,CPH,OH-A139,A350,2025-09-07 13:43:00,576,None,0,False,290
FL005640,2025-09-07,HEL,AMS,OH-A116,A320,2025-09-07 21:40:00,424,Weather,29,False,98
FL005641,2025-09-07,HEL,LHR,OH-A101,A320,2025-09-07 21:16:00,112,Weather,39,False,129
FL005642,2025-09-07,HEL,JFK,OH-A103,A350,2025-09-07 15:52:00,326,None,0,False,176
FL005643,2025-09-07,HEL,AMS,OH-A130,A350,2025-09-07 12:22:00,58,None,0,False,294
FL005644,2025-09-08,HEL,CDG,OH-A134,A320,2025-09-08 05:29:00,353,None,0,False,150
FL005645,2025-09-08,HEL,BCN,OH-A118,A350,2025-09-08 12:32:00,172,Weather,67,False,202
FL005646,2025-09-08,HEL,BCN,OH-A114,A320,2025-09-08 15:01:00,216,None,0,False,144
FL005647,2025-09-08,HEL,BCN,OH-A133,A320,2025-09-08 21:39:00,408,None,0,False,146
FL005648,2025-09-08,HEL,CDG,OH-A144,A350,2025-09-08 12:26:00,185,None,0,False,274
FL005649,2025-09-08,HEL,ARN,OH-A145,A350,2025-09-08 19:01:00,354,Technical,30,False,236
FL005650,2025-09-08,HEL,ARN,OH-A120,A350,2025-09-08 15:05:00,394,Late Aircraft,81,False,261
FL005651,2025-09-08,HEL,BKK,OH-A101,A320,2025-09-08 21:06:00,121,Weather,50,False,173
FL005652,2025-09-08,HEL,AMS,OH-A111,E190,2025-09-08 20:23:00,367,Weather,24,False,64
FL005653,2025-09-08,HEL,FRA,OH-A104,A321,2025-09-08 10:25:00,614,None,0,False,205
FL005654,2025-09-08,HEL,BCN,OH-A145,A350,2025-09-08 10:10:00,559,Ground Handling,21,False,217
FL005655,2025-09-08,HEL,OSL,OH-A101,A320,2025-09-08 18:04:00,389,Weather,39,False,122
FL005656,2025-09-08,HEL,AMS,OH-A135,A321,2025-09-08 21:37:00,195,None,0,False,125
FL005657,2025-09-08,HEL,FRA,OH-A109,A320,2025-09-08 05:39:00,170,None,0,False,105
FL005658,2025-09-08,HEL,CPH,OH-A122,E190,2025-09-08 21:45:00,99,None,0,False,88
FL005659,2025-09-08,HEL,BCN,OH-A129,A350,2025-09-08 19:58:00,299,None,0,False,214
FL005660,2025-09-08,HEL,OSL,OH-A132,A321,2025-09-08 13:12:00,223,Crew,48,False,132
FL005661,2025-09-08,HEL,ARN,OH-A146,A320,2025-09-08 16:10:00,382,None,0,False,118
FL005662,2025-09-08,HEL,BCN,OH-A110,A320,2025-09-08 17:48:00,384,None,0,False,173
FL005663,2025-09-08,HEL,CDG,OH-A124,A350,2025-09-08 18:13:00,162,None,0,False,178
FL005664,2025-09-09,HEL,FRA,OH-A126,A320,2025-09-09 16:35:00,373,None,0,False,118
FL005665,2025-09-09,HEL,CPH,OH-A109,A320,2025-09-09 19:32:00,332,None,0,False,163
FL005666,2025-09-09,HEL,JFK,OH-A115,A321,2025-09-09 21:55:00,102,None,0,False,185
FL005667,2025-09-09,HEL,JFK,OH-A146,A320,2025-09-09 16:08:00,486,Ground Handling,76,False,143
FL005668,2025-09-09,HEL,FRA,OH-A118,A350,2025-09-09 19:36:00,246,None,0,False,262
FL005669,2025-09-09,HEL,MUC,OH-A107,A350,2025-09-09 11:47:00,480,Crew,24,False,171
FL005670,2025-09-09,HEL,JFK,OH-A108,A321,2025-09-09 05:23:00,259,None,0,False,185
FL005671,2025-09-09,HEL,CPH,OH-A121,A320,2025-09-09 09:57:00,371,Technical,48,False,166
FL005672,2025-09-09,HEL,JFK,OH-A143,A321,2025-09-09 12:52:00,176,None,0,False,136
FL005673,2025-09-09,HEL,MUC,OH-A107,A350,2025-09-09 21:55:00,588,None,0,False,189
FL005674,2025-09-09,HEL,MAD,OH-A108,A321,2025-09-09 11:36:00,457,ATC,64,False,201
FL005675,2025-09-09,HEL,OSL,OH-A113,A350,2025-09-09 15:29:00,289,None,0,False,270
FL005676,2025-09-09,HEL,BCN,OH-A124,A350,2025-09-09 17:09:00,191,None,0,False,187
FL005677,2025-09-09,HEL,LHR,OH-A138,A321,2025-09-09 21:37:00,436,None,0,False,114
FL005678,2025-09-09,HEL,MUC,OH-A141,A350,2025-09-09 09:25:00,141,Weather,6,False,267
FL005679,2025-09-09,HEL,MUC,OH-A101,A320,2025-09-09 15:16:00,518,Technical,60,False,124
FL005680,2025-09-09,HEL,BKK,OH-A105,E190,2025-09-09 18:37:00,589,None,0,False,69
FL005681,2025-09-09,HEL,MAD,OH-A119,A350,2025-09-09 18:58:00,121,None,0,False,278
FL005682,2025-09-09,HEL,MUC,OH-A141,A350,2025-09-09 11:09:00,126,None,0,False,292
FL005683,2025-09-09,HEL,AMS,OH-A137,A320,2025-09-09 15:09:00,503,None,0,False,114
FL005684,2025-09-09,HEL,CDG,OH-A135,A321,2025-09-09 12:05:00,221,None,0,False,142
FL005685,2025-09-09,HEL,MAD,OH-A138,A321,2025-09-09 19:18:00,401,None,0,False,168
FL005686,2025-09-09,HEL,NRT,OH-A112,A350,2025-09-09 07:56:00,269,Ground Handling,36,False,251
FL005687,2025-09-09,HEL,BCN,OH-A105,E190,2025-09-09 07:22:00,249,Weather,44,False,60
FL005688,2025-09-09,HEL,MAD,OH-A145,A350,2025-09-09 14:52:00,575,Technical,5,False,204
FL005689,2025-09-09,HEL,CDG,OH-A142,A350,2025-09-09 18:46:00,337,Weather,58,False,198
FL005690,2025-09-10,HEL,NRT,OH-A140,A320,2025-09-10 07:56:00,81,Weather,56,False,169
FL005691,2025-09-10,HEL,ARN,OH-A112,A350,2025-09-10 17:44:00,66,None,0,False,179
FL005692,2025-09-10,HEL,MUC,OH-A119,A350,2025-09-10 13:44:00,559,Late Aircraft,65,False,217
FL005693,2025-09-10,HEL,OSL,OH-A126,A320,2025-09-10 08:44:00,219,ATC,17,False,168
FL005694,2025-09-10,HEL,NRT,OH-A128,A321,2025-09-10 16:50:00,372,None,0,False,151
FL005695,2025-09-10,HEL,MUC,OH-A122,E190,2025-09-10 13:11:00,401,None,0,False,86
FL005696,2025-09-10,HEL,ARN,OH-A134,A320,2025-09-10 12:41:00,401,Weather,43,False,134
FL005697,2025-09-10,HEL,ARN,OH-A112,A350,2025-09-10 14:12:00,568,None,0,False,289
FL005698,2025-09-10,HEL,BCN,OH-A102,E190,2025-09-10 13:40:00,52,None,0,False,55
FL005699,2025-09-10,HEL,LHR,OH-A117,A321,2025-09-10 15:46:00,416,Late Aircraft,5,False,188
FL005700,2025-09-10,HEL,ARN,OH-A145,A350,2025-09-10 06:15:00,83,None,0,False,184
FL005701,2025-09-10,HEL,OSL,OH-A103,A350,2025-09-10 19:23:00,122,ATC,5,False,168
FL005702,2025-09-10,HEL,OSL,OH-A134,A320,2025-09-10 12:29:00,582,None,0,False,134
FL005703,2025-09-10,HEL,CDG,OH-A133,A320,2025-09-10 11:01:00,480,None,0,False,102
FL005704,2025-09-10,HEL,FCO,OH-A138,A321,2025-09-10 14:13:00,552,Late Aircraft,29,False,202
FL005705,2025-09-10,HEL,NRT,OH-A130,A350,2025-09-10 17:31:00,417,ATC,74,False,272
FL005706,2025-09-10,HEL,MUC,OH-A141,A350,2025-09-10 14:10:00,330,None,0,False,238
FL005707,2025-09-10,HEL,BKK,OH-A123,E190,2025-09-10 14:07:00,333,None,0,False,95
FL005708,2025-09-10,HEL,JFK,OH-A108,A321,2025-09-10 17:51:00,284,None,0,False,137
FL005709,2025-09-10,HEL,OSL,OH-A126,A320,2025-09-10 08:45:00,449,None,0,False,163
FL005710,2025-09-10,HEL,FCO,OH-A142,A350,2025-09-10 21:00:00,141,None,0,False,237
FL005711,2025-09-10,HEL,LHR,OH-A128,A321,2025-09-10 12:05:00,379,None,0,False,133
FL005712,2025-09-10,HEL,BKK,OH-A131,E190,2025-09-10 10:10:00,521,ATC,28,False,76
FL005713,2025-09-11,HEL,ARN,OH-A130,A350,2025-09-11 15:23:00,593,None,0,False,212
FL005714,2025-09-11,HEL,AMS,OH-A129,A350,2025-09-11 07:41:00,393,Weather,49,False,220
FL005715,2025-09-11,HEL,NRT,OH-A141,A350,2025-09-11 11:20:00,135,None,0,False,267
FL005716,2025-09-11,HEL,CPH,OH-A117,A321,2025-09-11 11:54:00,198,None,0,False,171
FL005717,2025-09-11,HEL,MUC,OH-A125,A321,2025-09-11 19:20:00,144,Weather,37,False,188
FL005718,2025-09-11,HEL,OSL,OH-A140,A320,2025-09-11 05:59:00,450,None,0,False,116
FL005719,2025-09-11,HEL,MUC,OH-A114,A320,2025-09-11 17:57:00,65,Technical,36,False,114
FL005720,2025-09-11,HEL,FCO,OH-A104,A321,2025-09-11 07:09:00,403,None,0,False,145
FL005721,2025-09-11,HEL,BCN,OH-A125,A321,2025-09-11 15:58:00,595,None,0,False,195
FL005722,2025-09-11,HEL,MUC,OH-A108,A321,2025-09-11 17:50:00,610,None,0,False,196
FL005723,2025-09-11,HEL,FCO,OH-A120,A350,2025-09-11 09:12:00,280,None,0,False,226
FL005724,2025-09-11,HEL,MUC,OH-A116,A320,2025-09-11 07:58:00,304,None,0,False,114
FL005725,2025-09-11,HEL,BCN,OH-A143,A321,2025-09-11 16:50:00,151,None,0,False,190
FL005726,2025-09-11,HEL,CPH,OH-A112,A350,2025-09-11 11:51:00,472,None,0,False,225
FL005727,2025-09-11,HEL,ARN,OH-A135,A321,2025-09-11 09:49:00,571,Technical,80,False,170
FL005728,2025-09-11,HEL,OSL,OH-A105,E190,2025-09-11 09:03:00,320,None,0,False,100
FL005729,2025-09-11,HEL,MUC,OH-A115,A321,2025-09-11 11:02:00,416,None,0,False,161
FL005730,2025-09-11,HEL,AMS,OH-A110,A320,2025-09-11 07:17:00,482,None,0,False,104
FL005731,2025-09-11,HEL,AMS,OH-A108,A321,2025-09-11 16:00:00,376,Ground Handling,41,False,181
FL005732,2025-09-11,HEL,FRA,OH-A131,E190,2025-09-11 14:56:00,440,Weather,32,False,100
FL005733,2025-09-11,HEL,BKK,OH-A107,A350,2025-09-11 13:03:00,557,None,0,False,249
FL005734,2025-09-11,HEL,AMS,OH-A123,E190,2025-09-11 21:36:00,398,None,0,False,61
FL005735,2025-09-11,HEL,FRA,OH-A139,A350,2025-09-11 17:28:00,562,None,0,False,292
FL005736,2025-09-11,HEL,MUC,OH-A101,A320,2025-09-11 20:51:00,107,Crew,31,False,117
FL005737,2025-09-11,HEL,FCO,OH-A114,A320,2025-09-11 09:18:00,356,None,0,False,146
FL005738,2025-09-11,HEL,FCO,OH-A142,A350,2025-09-11 16:35:00,376,None,0,False,226
FL005739,2025-09-11,HEL,BKK,OH-A141,A350,2025-09-11 16:39:00,229,None,0,False,228
FL005740,2025-09-12,HEL,JFK,OH-A106,A350,2025-09-12 10:45:00,332,None,0,False,166
FL005741,2025-09-12,HEL,OSL,OH-A109,A320,2025-09-12 18:28:00,405,None,0,False,133
FL005742,2025-09-12,HEL,JFK,OH-A120,A350,2025-09-12 10:20:00,544,None,0,False,222
FL005743,2025-09-12,HEL,BCN,OH-A133,A320,2025-09-12 10:50:00,579,None,0,False,104
FL005744,2025-09-12,HEL,CDG,OH-A136,A321,2025-09-12 21:13:00,240,Weather,27,False,199
FL005745,2025-09-12,HEL,MAD,OH-A142,A350,2025-09-12 19:33:00,414,None,0,False,229
FL005746,2025-09-12,HEL,BKK,OH-A147,A321,2025-09-12 17:54:00,561,None,0,False,117
FL005747,2025-09-12,HEL,CDG,OH-A110,A320,2025-09-12 16:28:00,265,None,0,False,97
FL005748,2025-09-12,HEL,AMS,OH-A116,A320,2025-09-12 10:20:00,447,None,0,False,104
FL005749,2025-09-12,HEL,BKK,OH-A113,A350,2025-09-12 11:36:00,439,None,0,False,184
FL005750,2025-09-12,HEL,CDG,OH-A104,A321,2025-09-12 06:42:00,73,ATC,34,False,135
FL005751,2025-09-12,HEL,JFK,OH-A119,A350,2025-09-12 11:02:00,544,Late Aircraft,9,False,248
FL005752,2025-09-12,HEL,NRT,OH-A113,A350,2025-09-12 10:29:00,314,None,0,False,182
FL005753,2025-09-12,HEL,BCN,OH-A104,A321,2025-09-12 10:19:00,416,Crew,5,False,122
FL005754,2025-09-12,HEL,CPH,OH-A142,A350,2025-09-12 14:14:00,408,None,0,False,271
FL005755,2025-09-12,HEL,ARN,OH-A122,E190,2025-09-12 18:36:00,339,None,0,False,67
FL005756,2025-09-12,HEL,LHR,OH-A133,A320,2025-09-12 05:14:00,190,None,0,False,157
FL005757,2025-09-12,HEL,ARN,OH-A123,E190,2025-09-12 08:48:00,287,None,0,False,72
FL005758,2025-09-12,HEL,FCO,OH-A138,A321,2025-09-12 05:58:00,235,ATC,51,False,192
FL005759,2025-09-12,HEL,BCN,OH-A131,E190,2025-09-12 05:16:00,580,None,0,False,63
FL005760,2025-09-12,HEL,FRA,OH-A105,E190,2025-09-12 09:29:00,299,None,0,False,70
FL005761,2025-09-12,HEL,JFK,OH-A144,A350,2025-09-12 08:18:00,154,None,0,False,215
FL005762,2025-09-13,HEL,LHR,OH-A103,A350,2025-09-13 18:53:00,83,Technical,27,False,248
FL005763,2025-09-13,HEL,CPH,OH-A134,A320,2025-09-13 14:38:00,245,None,0,False,171
FL005764,2025-09-13,HEL,CPH,OH-A116,A320,2025-09-13 20:11:00,182,Crew,41,False,156
FL005765,2025-09-13,HEL,NRT,OH-A119,A350,2025-09-13 18:40:00,233,None,0,False,251
FL005766,2025-09-13,HEL,ARN,OH-A131,E190,2025-09-13 05:34:00,92,None,0,False,63
FL005767,2025-09-13,HEL,MAD,OH-A125,A321,2025-09-13 14:28:00,111,None,0,False,189
FL005768,2025-09-13,HEL,FCO,OH-A126,A320,2025-09-13 12:02:00,448,Ground Handling,14,False,101
FL005769,2025-09-13,HEL,OSL,OH-A141,A350,2025-09-13 08:30:00,144,Ground Handling,22,False,175
FL005770,2025-09-13,HEL,LHR,OH-A104,A321,2025-09-13 10:33:00,150,ATC,42,False,156
FL005771,2025-09-13,HEL,AMS,OH-A105,E190,2025-09-13 12:45:00,363,None,0,False,76
FL005772,2025-09-13,HEL,MAD,OH-A103,A350,2025-09-13 11:29:00,370,None,0,False,278
FL005773,2025-09-13,HEL,ARN,OH-A118,A350,2025-09-13 05:13:00,271,None,0,False,225
FL005774,2025-09-13,HEL,JFK,OH-A131,E190,2025-09-13 07:43:00,616,Crew,46,False,100
FL005775,2025-09-13,HEL,CDG,OH-A113,A350,2025-09-13 21:33:00,266,None,0,False,253
FL005776,2025-09-13,HEL,FRA,OH-A125,A321,2025-09-13 08:29:00,195,Technical,24,False,196
FL005777,2025-09-13,HEL,NRT,OH-A129,A350,2025-09-13 16:47:00,252,None,0,False,243
FL005778,2025-09-13,HEL,CPH,OH-A106,A350,2025-09-13 09:19:00,246,Late Aircraft,5,False,252
FL005779,2025-09-13,HEL,BKK,OH-A123,E190,2025-09-13 06:59:00,68,None,0,False,58
FL005780,2025-09-13,HEL,BCN,OH-A115,A321,2025-09-13 12:06:00,540,ATC,61,False,202
FL005781,2025-09-13,HEL,AMS,OH-A138,A321,2025-09-13 09:55:00,155,None,0,False,116
FL005782,2025-09-14,HEL,AMS,OH-A142,A350,2025-09-14 08:21:00,104,ATC,16,False,226
FL005783,2025-09-14,HEL,MAD,OH-A141,A350,2025-09-14 18:27:00,203,Late Aircraft,58,False,235
FL005784,2025-09-14,HEL,BCN,OH-A140,A320,2025-09-14 09:02:00,527,Technical,5,False,115
FL005785,2025-09-14,HEL,AMS,OH-A112,A350,2025-09-14 14:03:00,393,None,0,False,183
FL005786,2025-09-14,HEL,BCN,OH-A110,A320,2025-09-14 12:56:00,390,Weather,23,False,125
FL005787,2025-09-14,HEL,NRT,OH-A121,A320,2025-09-14 18:50:00,565,None,0,False,99
FL005788,2025-09-14,HEL,CDG,OH-A123,E190,2025-09-14 14:28:00,150,Late Aircraft,22,False,65
FL005789,2025-09-14,HEL,AMS,OH-A145,A350,2025-09-14 16:18:00,144,None,0,False,197
FL005790,2025-09-14,HEL,CPH,OH-A100,A350,2025-09-14 12:29:00,603,Weather,39,False,185
FL005791,2025-09-14,HEL,AMS,OH-A146,A320,2025-09-14 19:39:00,85,None,0,False,99
FL005792,2025-09-14,HEL,LHR,OH-A110,A320,2025-09-14 10:39:00,412,None,0,False,147
FL005793,2025-09-14,HEL,FCO,OH-A144,A350,2025-09-14 08:08:00,436,Weather,9,False,225
FL005794,2025-09-14,HEL,CPH,OH-A106,A350,2025-09-14 18:40:00,618,None,0,False,228
FL005795,2025-09-14,HEL,BCN,OH-A133,A320,2025-09-14 18:42:00,158,None,0,False,119
FL005796,2025-09-14,HEL,FCO,OH-A147,A321,2025-09-14 10:59:00,347,Late Aircraft,17,True,176
FL005797,2025-09-14,HEL,LHR,OH-A132,A321,2025-09-14 07:46:00,427,None,0,False,166
FL005798,2025-09-14,HEL,ARN,OH-A143,A321,2025-09-14 21:02:00,136,Ground Handling,5,False,169
FL005799,2025-09-14,HEL,MAD,OH-A106,A350,2025-09-14 18:56:00,85,None,0,False,210
FL005800,2025-09-14,HEL,BCN,OH-A125,A321,2025-09-14 12:07:00,384,None,0,True,205
FL005801,2025-09-14,HEL,MUC,OH-A115,A321,2025-09-14 06:38:00,524,Weather,29,False,145
FL005802,2025-09-15,HEL,NRT,OH-A106,A350,2025-09-15 15:38:00,599,None,0,False,232
FL005803,2025-09-15,HEL,FRA,OH-A137,A320,2025-09-15 21:26:00,590,Weather,27,False,166
FL005804,2025-09-15,HEL,CPH,OH-A139,A350,2025-09-15 15:41:00,449,None,0,False,164
FL005805,2025-09-15,HEL,FCO,OH-A124,A350,2025-09-15 09:11:00,478,Weather,5,False,223
FL005806,2025-09-15,HEL,MUC,OH-A110,A320,2025-09-15 15:15:00,128,None,0,False,122
FL005807,2025-09-15,HEL,FRA,OH-A138,A321,2025-09-15 05:15:00,312,None,0,False,155
FL005808,2025-09-15,HEL,MUC,OH-A129,A350,2025-09-15 21:37:00,126,None,0,False,210
FL005809,2025-09-15,HEL,MAD,OH-A123,E190,2025-09-15 11:17:00,393,None,0,False,95
FL005810,2025-09-15,HEL,CDG,OH-A113,A350,2025-09-15 13:51:00,165,ATC,72,False,182
FL005811,2025-09-15,HEL,CDG,OH-A119,A350,2025-09-15 05:43:00,552,None,0,False,242
FL005812,2025-09-15,HEL,CDG,OH-A135,A321,2025-09-15 09:54:00,474,None,0,False,153
FL005813,2025-09-15,HEL,FRA,OH-A115,A321,2025-09-15 16:03:00,236,None,0,False,178
FL005814,2025-09-15,HEL,MAD,OH-A104,A321,2025-09-15 19:25:00,278,Crew,63,False,173
FL005815,2025-09-15,HEL,ARN,OH-A136,A321,2025-09-15 18:13:00,213,None,0,False,170
FL005816,2025-09-15,HEL,CDG,OH-A122,E190,2025-09-15 17:03:00,441,ATC,22,False,63
FL005817,2025-09-15,HEL,FCO,OH-A140,A320,2025-09-15 07:46:00,315,None,0,False,153
FL005818,2025-09-15,HEL,ARN,OH-A111,E190,2025-09-15 07:51:00,576,None,0,False,85
FL005819,2025-09-15,HEL,JFK,OH-A146,A320,2025-09-15 17:35:00,195,None,0,False,156
FL005820,2025-09-15,HEL,FCO,OH-A134,A320,2025-09-15 10:10:00,202,ATC,5,False,158
FL005821,2025-09-15,HEL,CDG,OH-A109,A320,2025-09-15 12:05:00,449,None,0,False,136
FL005822,2025-09-15,HEL,BCN,OH-A119,A350,2025-09-15 12:19:00,368,Weather,45,False,171
FL005823,2025-09-15,HEL,FRA,OH-A102,E190,2025-09-15 20:07:00,316,None,0,False,95
FL005824,2025-09-15,HEL,LHR,OH-A113,A350,2025-09-15 17:20:00,361,None,0,False,225
FL005825,2025-09-15,HEL,OSL,OH-A102,E190,2025-09-15 21:55:00,565,None,0,False,89
FL005826,2025-09-15,HEL,BKK,OH-A106,A350,2025-09-15 21:16:00,365,Late Aircraft,59,False,254
FL005827,2025-09-15,HEL,NRT,OH-A126,A320,2025-09-15 16:37:00,612,Late Aircraft,23,False,103
FL005828,2025-09-15,HEL,NRT,OH-A106,A350,2025-09-15 16:03:00,289,ATC,22,False,276
FL005829,2025-09-16,HEL,ARN,OH-A125,A321,2025-09-16 15:51:00,210,None,0,False,201
FL005830,2025-09-16,HEL,JFK,OH-A132,A321,2025-09-16 20:51:00,141,None,0,False,115
FL005831,2025-09-16,HEL,LHR,OH-A146,A320,2025-09-16 16:31:00,243,Technical,39,False,127
FL005832,2025-09-16,HEL,MAD,OH-A120,A350,2025-09-16 13:11:00,205,Late Aircraft,36,False,240
FL005833,2025-09-16,HEL,MUC,OH-A134,A320,2025-09-16 21:12:00,324,None,0,False,170
FL005834,2025-09-16,HEL,CPH,OH-A110,A320,2025-09-16 10:38:00,460,Technical,57,False,119
FL005835,2025-09-16,HEL,BCN,OH-A128,A321,2025-09-16 07:37:00,209,None,0,False,145
FL005836,2025-09-16,HEL,NRT,OH-A116,A320,2025-09-16 17:44:00,424,None,0,False,160
FL005837,2025-09-16,HEL,AMS,OH-A138,A321,2025-09-16 10:16:00,83,None,0,False,190
FL005838,2025-09-16,HEL,JFK,OH-A111,E190,2025-09-16 07:54:00,429,None,0,False,90
FL005839,2025-09-16,HEL,LHR,OH-A135,A321,2025-09-16 10:15:00,123,Weather,5,False,186
FL005840,2025-09-16,HEL,LHR,OH-A127,A321,2025-09-16 18:39:00,366,None,0,False,137
FL005841,2025-09-16,HEL,OSL,OH-A126,A320,2025-09-16 09:18:00,97,None,0,False,142
FL005842,2025-09-16,HEL,OSL,OH-A104,A321,2025-09-16 17:21:00,344,None,0,False,157
FL005843,2025-09-16,HEL,LHR,OH-A129,A350,2025-09-16 15:53:00,508,None,0,False,292
FL005844,2025-09-16,HEL,MAD,OH-A138,A321,2025-09-16 12:36:00,220,None,0,False,117
FL005845,2025-09-16,HEL,CPH,OH-A103,A350,2025-09-16 08:47:00,483,None,0,False,174
FL005846,2025-09-16,HEL,MUC,OH-A126,A320,2025-09-16 21:49:00,163,None,0,False,165
FL005847,2025-09-16,HEL,LHR,OH-A126,A320,2025-09-16 13:35:00,474,None,0,False,163
FL005848,2025-09-16,HEL,OSL,OH-A118,A350,2025-09-16 15:25:00,616,None,0,False,211
FL005849,2025-09-16,HEL,JFK,OH-A109,A320,2025-09-16 17:48:00,116,Ground Handling,30,False,170
FL005850,2025-09-17,HEL,JFK,OH-A116,A320,2025-09-17 12:42:00,558,None,0,False,161
FL005851,2025-09-17,HEL,CDG,OH-A101,A320,2025-09-17 19:16:00,414,None,0,False,102
FL005852,2025-09-17,HEL,MUC,OH-A142,A350,2025-09-17 15:13:00,560,None,0,False,282
FL005853,2025-09-17,HEL,NRT,OH-A121,A320,2025-09-17 12:00:00,396,None,0,False,96
FL005854,2025-09-17,HEL,MAD,OH-A105,E190,2025-09-17 11:40:00,250,None,0,False,86
FL005855,2025-09-17,HEL,MAD,OH-A104,A321,2025-09-17 20:04:00,321,ATC,20,False,160
FL005856,2025-09-17,HEL,BKK,OH-A117,A321,2025-09-17 10:57:00,286,None,0,False,184
FL005857,2025-09-17,HEL,FRA,OH-A109,A320,2025-09-17 20:44:00,182,Crew,23,False,141
FL005858,2025-09-17,HEL,OSL,OH-A131,E190,2025-09-17 19:38:00,435,None,0,False,89
FL005859,2025-09-17,HEL,BKK,OH-A141,A350,2025-09-17 18:58:00,284,None,0,False,215
FL005860,2025-09-17,HEL,CPH,OH-A111,E190,2025-09-17 16:16:00,59,None,0,False,89
FL005861,2025-09-17,HEL,MUC,OH-A129,A350,2025-09-17 18:58:00,195,None,0,False,245
FL005862,2025-09-17,HEL,FCO,OH-A114,A320,2025-09-17 16:49:00,326,None,0,False,162
FL005863,2025-09-17,HEL,JFK,OH-A102,E190,2025-09-17 10:29:00,258,Ground Handling,75,False,69
FL005864,2025-09-17,HEL,MAD,OH-A118,A350,2025-09-17 18:33:00,78,None,0,False,280
FL005865,2025-09-17,HEL,AMS,OH-A137,A320,2025-09-17 05:46:00,204,None,0,False,127
FL005866,2025-09-17,HEL,OSL,OH-A147,A321,2025-09-17 08:07:00,153,ATC,34,False,155
FL005867,2025-09-17,HEL,ARN,OH-A141,A350,2025-09-17 10:02:00,161,None,0,False,245
FL005868,2025-09-17,HEL,CDG,OH-A120,A350,2025-09-17 13:45:00,488,ATC,50,False,281
FL005869,2025-09-17,HEL,BKK,OH-A113,A350,2025-09-17 06:46:00,72,None,0,False,260
FL005870,2025-09-17,HEL,MAD,OH-A138,A321,2025-09-17 05:56:00,599,None,0,False,128
FL005871,2025-09-17,HEL,AMS,OH-A122,E190,2025-09-17 05:23:00,292,None,0,False,74
FL005872,2025-09-17,HEL,FRA,OH-A144,A350,2025-09-17 16:29:00,436,None,0,False,183
FL005873,2025-09-18,HEL,ARN,OH-A126,A320,2025-09-18 08:56:00,493,None,0,False,163
FL005874,2025-09-18,HEL,MUC,OH-A119,A350,2025-09-18 12:56:00,164,Crew,24,False,270
FL005875,2025-09-18,HEL,NRT,OH-A146,A320,2025-09-18 05:49:00,522,None,0,False,172
FL005876,2025-09-18,HEL,CPH,OH-A140,A320,2025-09-18 13:23:00,125,None,0,False,139
FL005877,2025-09-18,HEL,MUC,OH-A132,A321,2025-09-18 06:21:00,293,None,0,False,129
FL005878,2025-09-18,HEL,LHR,OH-A101,A320,2025-09-18 16:50:00,125,None,0,False,148
FL005879,2025-09-18,HEL,BKK,OH-A105,E190,2025-09-18 06:44:00,271,Ground Handling,28,False,87
FL005880,2025-09-18,HEL,MUC,OH-A140,A320,2025-09-18 06:45:00,366,None,0,False,99
FL005881,2025-09-18,HEL,FCO,OH-A136,A321,2025-09-18 11:57:00,415,None,0,False,160
FL005882,2025-09-18,HEL,MUC,OH-A137,A320,2025-09-18 18:37:00,362,None,0,False,145
FL005883,2025-09-18,HEL,NRT,OH-A130,A350,2025-09-18 09:21:00,204,None,0,False,179
FL005884,2025-09-18,HEL,CDG,OH-A124,A350,2025-09-18 18:19:00,109,None,0,False,248
FL005885,2025-09-18,HEL,FCO,OH-A130,A350,2025-09-18 16:55:00,295,None,0,False,239
FL005886,2025-09-18,HEL,FRA,OH-A105,E190,2025-09-18 12:58:00,596,Ground Handling,12,False,71
FL005887,2025-09-18,HEL,BCN,OH-A100,A350,2025-09-18 10:31:00,369,Technical,17,False,265
FL005888,2025-09-18,HEL,MAD,OH-A121,A320,2025-09-18 06:20:00,47,None,0,False,130
FL005889,2025-09-18,HEL,OSL,OH-A112,A350,2025-09-18 12:42:00,432,None,0,False,173
FL005890,2025-09-18,HEL,NRT,OH-A105,E190,2025-09-18 14:21:00,465,None,0,False,76
FL005891,2025-09-18,HEL,FCO,OH-A110,A320,2025-09-18 17:14:00,272,None,0,False,115
FL005892,2025-09-18,HEL,AMS,OH-A120,A350,2025-09-18 19:15:00,496,None,0,False,257
FL005893,2025-09-18,HEL,BCN,OH-A134,A320,2025-09-18 11:26:00,194,None,0,False,147
FL005894,2025-09-18,HEL,MAD,OH-A131,E190,2025-09-18 19:12:00,321,None,0,False,67
FL005895,2025-09-18,HEL,FRA,OH-A128,A321,2025-09-18 15:19:00,106,None,0,False,124
FL005896,2025-09-18,HEL,BCN,OH-A140,A320,2025-09-18 08:54:00,329,None,0,False,166
FL005897,2025-09-19,HEL,LHR,OH-A119,A350,2025-09-19 05:07:00,122,Technical,6,False,248
FL005898,2025-09-19,HEL,MAD,OH-A131,E190,2025-09-19 12:36:00,236,None,0,False,79
FL005899,2025-09-19,HEL,NRT,OH-A102,E190,2025-09-19 13:33:00,301,None,0,False,79
FL005900,2025-09-19,HEL,AMS,OH-A138,A321,2025-09-19 18:44:00,557,None,0,False,157
FL005901,2025-09-19,HEL,LHR,OH-A123,E190,2025-09-19 07:52:00,84,None,0,False,65
FL005902,2025-09-19,HEL,CDG,OH-A121,A320,2025-09-19 21:30:00,550,None,0,False,123
FL005903,2025-09-19,HEL,NRT,OH-A106,A350,2025-09-19 20:01:00,311,None,0,False,266
FL005904,2025-09-19,HEL,NRT,OH-A102,E190,2025-09-19 17:47:00,269,None,0,False,96
FL005905,2025-09-19,HEL,CPH,OH-A108,A321,2025-09-19 07:17:00,255,None,0,False,153
FL005906,2025-09-19,HEL,NRT,OH-A128,A321,2025-09-19 14:41:00,446,None,0,False,178
FL005907,2025-09-19,HEL,JFK,OH-A136,A321,2025-09-19 21:39:00,171,None,0,False,151
FL005908,2025-09-19,HEL,MUC,OH-A146,A320,2025-09-19 21:00:00,211,ATC,64,False,167
FL005909,2025-09-19,HEL,LHR,OH-A144,A350,2025-09-19 13:09:00,308,None,0,False,199
FL005910,2025-09-19,HEL,FRA,OH-A140,A320,2025-09-19 05:57:00,100,None,0,False,122
FL005911,2025-09-19,HEL,FCO,OH-A114,A320,2025-09-19 16:50:00,68,None,0,False,162
FL005912,2025-09-19,HEL,LHR,OH-A135,A321,2025-09-19 21:38:00,608,None,0,False,122
FL005913,2025-09-19,HEL,CDG,OH-A111,E190,2025-09-19 08:36:00,552,Ground Handling,46,False,71
FL005914,2025-09-19,HEL,FRA,OH-A141,A350,2025-09-19 12:39:00,615,None,0,False,189
FL005915,2025-09-19,HEL,ARN,OH-A100,A350,2025-09-19 19:33:00,70,None,0,False,185
FL005916,2025-09-20,HEL,NRT,OH-A119,A350,2025-09-20 16:17:00,95,Crew,35,False,169
FL005917,2025-09-20,HEL,CDG,OH-A104,A321,2025-09-20 10:29:00,308,None,0,False,115
FL005918,2025-09-20,HEL,JFK,OH-A111,E190,2025-09-20 21:25:00,304,None,0,False,93
FL005919,2025-09-20,HEL,MAD,OH-A117,A321,2025-09-20 20:53:00,458,Crew,26,False,144
FL005920,2025-09-20,HEL,JFK,OH-A110,A320,2025-09-20 06:34:00,283,None,0,False,103
FL005921,2025-09-20,HEL,BCN,OH-A123,E190,2025-09-20 17:08:00,409,None,0,False,79
FL005922,2025-09-20,HEL,AMS,OH-A125,A321,2025-09-20 09:17:00,447,None,0,True,158
FL005923,2025-09-20,HEL,LHR,OH-A131,E190,2025-09-20 17:42:00,219,ATC,7,False,85
FL005924,2025-09-20,HEL,LHR,OH-A126,A320,2025-09-20 06:01:00,315,Technical,5,False,149
FL005925,2025-09-20,HEL,MUC,OH-A117,A321,2025-09-20 12:51:00,185,None,0,False,117
FL005926,2025-09-20,HEL,AMS,OH-A126,A320,2025-09-20 17:51:00,206,None,0,False,105
FL005927,2025-09-20,HEL,AMS,OH-A101,A320,2025-09-20 18:16:00,66,Crew,30,False,122
FL005928,2025-09-20,HEL,AMS,OH-A147,A321,2025-09-20 19:24:00,260,None,0,False,155
FL005929,2025-09-20,HEL,NRT,OH-A147,A321,2025-09-20 18:06:00,238,Weather,63,False,161
FL005930,2025-09-20,HEL,MAD,OH-A128,A321,2025-09-20 15:17:00,76,Weather,52,False,199
FL005931,2025-09-20,HEL,NRT,OH-A104,A321,2025-09-20 13:16:00,356,Weather,19,False,121
FL005932,2025-09-20,HEL,NRT,OH-A131,E190,2025-09-20 05:20:00,275,None,0,False,56
FL005933,2025-09-20,HEL,BCN,OH-A110,A320,2025-09-20 16:58:00,386,None,0,False,108
FL005934,2025-09-20,HEL,CPH,OH-A105,E190,2025-09-20 08:06:00,507,Weather,17,False,91
FL005935,2025-09-20,HEL,BKK,OH-A129,A350,2025-09-20 12:13:00,174,None,0,False,181
FL005936,2025-09-20,HEL,FRA,OH-A117,A321,2025-09-20 19:33:00,330,None,0,False,114
FL005937,2025-09-20,HEL,AMS,OH-A128,A321,2025-09-20 11:43:00,290,Technical,7,False,178
FL005938,2025-09-21,HEL,LHR,OH-A101,A320,2025-09-21 10:32:00,269,None,0,False,151
FL005939,2025-09-21,HEL,AMS,OH-A136,A321,2025-09-21 13:32:00,553,None,0,False,136
FL005940,2025-09-21,HEL,MAD,OH-A124,A350,2025-09-21 16:42:00,595,None,0,False,190
FL005941,2025-09-21,HEL,FRA,OH-A139,A350,2025-09-21 13:08:00,103,None,0,False,249
FL005942,2025-09-21,HEL,NRT,OH-A131,E190,2025-09-21 07:04:00,581,None,0,False,69
FL005943,2025-09-21,HEL,OSL,OH-A141,A350,2025-09-21 14:33:00,382,Technical,72,False,167
FL005944,2025-09-21,HEL,CDG,OH-A116,A320,2025-09-21 07:22:00,188,ATC,38,False,95
FL005945,2025-09-21,HEL,BKK,OH-A147,A321,2025-09-21 15:08:00,290,None,0,False,146
FL005946,2025-09-21,HEL,JFK,OH-A105,E190,2025-09-21 18:18:00,382,Technical,15,False,61
FL005947,2025-09-21,HEL,CPH,OH-A131,E190,2025-09-21 20:33:00,395,None,0,False,63
FL005948,2025-09-21,HEL,BKK,OH-A132,A321,2025-09-21 19:09:00,151,None,0,False,143
FL005949,2025-09-21,HEL,AMS,OH-A104,A321,2025-09-21 12:22:00,412,ATC,5,False,183
FL005950,2025-09-21,HEL,MAD,OH-A117,A321,2025-09-21 11:10:00,132,None,0,False,120
FL005951,2025-09-21,HEL,ARN,OH-A121,A320,2025-09-21 15:19:00,104,None,0,False,153
FL005952,2025-09-21,HEL,OSL,OH-A108,A321,2025-09-21 07:05:00,63,None,0,False,185
FL005953,2025-09-21,HEL,MAD,OH-A133,A320,2025-09-21 15:28:00,419,None,0,False,113
FL005954,2025-09-21,HEL,LHR,OH-A145,A350,2025-09-21 12:15:00,371,Weather,19,False,211
FL005955,2025-09-21,HEL,CPH,OH-A111,E190,2025-09-21 09:53:00,173,None,0,False,99
FL005956,2025-09-21,HEL,MAD,OH-A140,A320,2025-09-21 11:52:00,231,ATC,24,False,156
FL005957,2025-09-21,HEL,LHR,OH-A106,A350,2025-09-21 20:01:00,476,None,0,False,273
FL005958,2025-09-21,HEL,NRT,OH-A108,A321,2025-09-21 12:03:00,269,None,0,False,151
FL005959,2025-09-21,HEL,OSL,OH-A138,A321,2025-09-21 21:19:00,112,None,0,False,191
FL005960,2025-09-22,HEL,LHR,OH-A143,A321,2025-09-22 07:29:00,522,None,0,False,180
FL005961,2025-09-22,HEL,NRT,OH-A140,A320,2025-09-22 16:59:00,598,None,0,False,168
FL005962,2025-09-22,HEL,MAD,OH-A136,A321,2025-09-22 12:21:00,133,None,0,False,186
FL005963,2025-09-22,HEL,ARN,OH-A105,E190,2025-09-22 10:20:00,269,None,0,False,99
FL005964,2025-09-22,HEL,AMS,OH-A116,A320,2025-09-22 12:09:00,127,None,0,False,144
FL005965,2025-09-22,HEL,JFK,OH-A142,A350,2025-09-22 19:14:00,457,None,0,True,179
FL005966,2025-09-22,HEL,MUC,OH-A109,A320,2025-09-22 14:28:00,183,None,0,False,172
FL005967,2025-09-22,HEL,BCN,OH-A127,A321,2025-09-22 15:58:00,58,ATC,43,False,198
FL005968,2025-09-22,HEL,AMS,OH-A130,A350,2025-09-22 18:49:00,548,None,0,False,284
FL005969,2025-09-22,HEL,ARN,OH-A125,A321,2025-09-22 16:35:00,551,None,0,False,133
FL005970,2025-09-22,HEL,NRT,OH-A108,A321,2025-09-22 13:24:00,331,ATC,29,False,199
FL005971,2025-09-22,HEL,FCO,OH-A144,A350,2025-09-22 07:28:00,352,Weather,27,False,223
FL005972,2025-09-22,HEL,LHR,OH-A125,A321,2025-09-22 08:04:00,245,None,0,False,199
FL005973,2025-09-22,HEL,LHR,OH-A130,A350,2025-09-22 18:11:00,604,Weather,24,False,278
FL005974,2025-09-22,HEL,MUC,OH-A121,A320,2025-09-22 17:15:00,414,None,0,False,127
FL005975,2025-09-22,HEL,JFK,OH-A139,A350,2025-09-22 20:51:00,337,Weather,75,False,291
FL005976,2025-09-22,HEL,CPH,OH-A135,A321,2025-09-22 07:18:00,344,None,0,False,157
FL005977,2025-09-22,HEL,BCN,OH-A143,A321,2025-09-22 20:11:00,564,None,0,False,202
FL005978,2025-09-22,HEL,JFK,OH-A117,A321,2025-09-22 18:16:00,452,None,0,False,163
FL005979,2025-09-22,HEL,FRA,OH-A130,A350,2025-09-22 19:54:00,181,None,0,False,283
FL005980,2025-09-22,HEL,ARN,OH-A103,A350,2025-09-22 18:40:00,370,None,0,False,174
FL005981,2025-09-22,HEL,ARN,OH-A143,A321,2025-09-22 06:35:00,563,None,0,False,140
FL005982,2025-09-22,HEL,OSL,OH-A121,A320,2025-09-22 10:02:00,509,None,0,False,135
FL005983,2025-09-22,HEL,NRT,OH-A131,E190,2025-09-22 16:50:00,64,None,0,False,82
FL005984,2025-09-22,HEL,FRA,OH-A106,A350,2025-09-22 20:13:00,301,None,0,False,163
FL005985,2025-09-22,HEL,OSL,OH-A110,A320,2025-09-22 14:52:00,208,None,0,False,98
FL005986,2025-09-23,HEL,NRT,OH-A128,A321,2025-09-23 06:36:00,501,Ground Handling,9,False,128
FL005987,2025-09-23,HEL,LHR,OH-A125,A321,2025-09-23 17:09:00,404,Weather,52,False,123
FL005988,2025-09-23,HEL,NRT,OH-A144,A350,2025-09-23 07:52:00,100,Crew,40,False,272
FL005989,2025-09-23,HEL,CDG,OH-A139,A350,2025-09-23 08:55:00,561,Late Aircraft,35,False,176
FL005990,2025-09-23,HEL,FRA,OH-A105,E190,2025-09-23 17:39:00,366,None,0,False,99
FL005991,2025-09-23,HEL,BKK,OH-A130,A350,2025-09-23 14:01:00,528,None,0,False,258
FL005992,2025-09-23,HEL,AMS,OH-A119,A350,2025-09-23 06:23:00,437,None,0,False,169
FL005993,2025-09-23,HEL,MAD,OH-A123,E190,2025-09-23 20:40:00,146,None,0,False,93
FL005994,2025-09-23,HEL,BCN,OH-A140,A320,2025-09-23 12:17:00,96,None,0,False,164
FL005995,2025-09-23,HEL,CPH,OH-A114,A320,2025-09-23 20:09:00,511,Technical,5,False,105
FL005996,2025-09-23,HEL,JFK,OH-A101,A320,2025-09-23 06:48:00,73,None,0,False,122
FL005997,2025-09-23,HEL,AMS,OH-A115,A321,2025-09-23 10:15:00,525,None,0,False,137
FL005998,2025-09-23,HEL,FRA,OH-A102,E190,2025-09-23 15:40:00,502,None,0,False,97
FL005999,2025-09-23,HEL,CDG,OH-A106,A350,2025-09-23 11:26:00,497,None,0,False,281
FL006000,2025-09-23,HEL,BKK,OH-A115,A321,2025-09-23 19:07:00,487,Late Aircraft,5,False,142
FL006001,2025-09-23,HEL,MUC,OH-A142,A350,2025-09-23 10:55:00,536,None,0,False,288
FL006002,2025-09-23,HEL,BCN,OH-A114,A320,2025-09-23 14:40:00,187,None,0,False,123
FL006003,2025-09-23,HEL,MUC,OH-A131,E190,2025-09-23 05:15:00,297,None,0,False,78
FL006004,2025-09-23,HEL,CDG,OH-A144,A350,2025-09-23 19:14:00,245,None,0,False,254
FL006005,2025-09-24,HEL,FCO,OH-A101,A320,2025-09-24 17:24:00,194,None,0,False,167
FL006006,2025-09-24,HEL,LHR,OH-A139,A350,2025-09-24 05:25:00,248,None,0,False,209
FL006007,2025-09-24,HEL,MAD,OH-A107,A350,2025-09-24 05:14:00,346,Ground Handling,31,True,250
FL006008,2025-09-24,HEL,BCN,OH-A123,E190,2025-09-24 07:40:00,455,Technical,39,False,90
FL006009,2025-09-24,HEL,LHR,OH-A111,E190,2025-09-24 21:40:00,55,None,0,False,67
FL006010,2025-09-24,HEL,FRA,OH-A122,E190,2025-09-24 18:52:00,440,None,0,False,92
FL006011,2025-09-24,HEL,MUC,OH-A145,A350,2025-09-24 08:37:00,474,None,0,False,256
FL006012,2025-09-24,HEL,FCO,OH-A120,A350,2025-09-24 19:11:00,469,Crew,27,False,190
FL006013,2025-09-24,HEL,FRA,OH-A117,A321,2025-09-24 15:03:00,461,None,0,False,186
FL006014,2025-09-24,HEL,ARN,OH-A126,A320,2025-09-24 18:41:00,513,None,0,False,99
FL006015,2025-09-24,HEL,CPH,OH-A100,A350,2025-09-24 07:03:00,120,None,0,False,185
FL006016,2025-09-24,HEL,MAD,OH-A118,A350,2025-09-24 09:38:00,337,None,0,False,173
FL006017,2025-09-24,HEL,NRT,OH-A123,E190,2025-09-24 09:54:00,223,None,0,False,96
FL006018,2025-09-24,HEL,FRA,OH-A117,A321,2025-09-24 07:51:00,347,None,0,False,209
FL006019,2025-09-24,HEL,CPH,OH-A112,A350,2025-09-24 09:07:00,234,ATC,63,False,226
FL006020,2025-09-24,HEL,OSL,OH-A142,A350,2025-09-24 16:18:00,366,Weather,30,False,177
FL006021,2025-09-24,HEL,BKK,OH-A133,A320,2025-09-24 06:13:00,597,None,0,False,149
FL006022,2025-09-24,HEL,MAD,OH-A125,A321,2025-09-24 06:30:00,477,None,0,False,205
FL006023,2025-09-25,HEL,BCN,OH-A119,A350,2025-09-25 19:56:00,259,None,0,False,257
FL006024,2025-09-25,HEL,MAD,OH-A125,A321,2025-09-25 08:09:00,142,None,0,False,177
FL006025,2025-09-25,HEL,CDG,OH-A146,A320,2025-09-25 15:26:00,613,ATC,5,False,129
FL006026,2025-09-25,HEL,LHR,OH-A141,A350,2025-09-25 20:17:00,260,None,0,False,213
FL006027,2025-09-25,HEL,FCO,OH-A102,E190,2025-09-25 16:12:00,360,Ground Handling,13,False,90
FL006028,2025-09-25,HEL,CDG,OH-A139,A350,2025-09-25 13:49:00,281,None,0,False,187
FL006029,2025-09-25,HEL,ARN,OH-A101,A320,2025-09-25 18:30:00,444,None,0,False,154
FL006030,2025-09-25,HEL,FRA,OH-A130,A350,2025-09-25 15:11:00,158,Technical,57,False,287
FL006031,2025-09-25,HEL,ARN,OH-A139,A350,2025-09-25 08:05:00,238,None,0,False,284
FL006032,2025-09-25,HEL,MUC,OH-A138,A321,2025-09-25 20:19:00,194,None,0,False,148
FL006033,2025-09-25,HEL,MAD,OH-A142,A350,2025-09-25 21:13:00,565,None,0,False,255
FL006034,2025-09-25,HEL,NRT,OH-A123,E190,2025-09-25 20:19:00,550,None,0,False,72
FL006035,2025-09-25,HEL,BCN,OH-A147,A321,2025-09-25 12:45:00,515,None,0,False,154
FL006036,2025-09-25,HEL,CDG,OH-A117,A321,2025-09-25 09:38:00,455,None,0,False,184
FL006037,2025-09-25,HEL,BCN,OH-A107,A350,2025-09-25 07:47:00,70,None,0,False,200
FL006038,2025-09-25,HEL,BCN,OH-A140,A320,2025-09-25 13:59:00,82,Technical,52,False,134
FL006039,2025-09-25,HEL,FCO,OH-A130,A350,2025-09-25 05:08:00,164,None,0,False,246
FL006040,2025-09-25,HEL,NRT,OH-A124,A350,2025-09-25 21:10:00,433,None,0,False,239
FL006041,2025-09-25,HEL,CPH,OH-A139,A350,2025-09-25 21:50:00,190,Technical,40,False,227
FL006042,2025-09-25,HEL,FCO,OH-A119,A350,2025-09-25 15:46:00,418,None,0,False,230
FL006043,2025-09-25,HEL,JFK,OH-A111,E190,2025-09-25 21:23:00,148,None,0,False,93
FL006044,2025-09-25,HEL,CDG,OH-A139,A350,2025-09-25 12:52:00,506,None,0,False,214
FL006045,2025-09-25,HEL,AMS,OH-A102,E190,2025-09-25 08:17:00,345,Technical,67,False,84
FL006046,2025-09-26,HEL,NRT,OH-A110,A320,2025-09-26 07:20:00,336,None,0,False,99
FL006047,2025-09-26,HEL,JFK,OH-A127,A321,2025-09-26 18:18:00,48,None,0,False,127
FL006048,2025-09-26,HEL,OSL,OH-A120,A350,2025-09-26 07:56:00,424,None,0,False,179
FL006049,2025-09-26,HEL,NRT,OH-A114,A320,2025-09-26 16:12:00,170,None,0,False,159
FL006050,2025-09-26,HEL,FCO,OH-A123,E190,2025-09-26 09:54:00,373,Weather,20,False,94
FL006051,2025-09-26,HEL,FCO,OH-A122,E190,2025-09-26 05:16:00,443,None,0,False,61
FL006052,2025-09-26,HEL,LHR,OH-A125,A321,2025-09-26 18:03:00,385,ATC,64,False,121
FL006053,2025-09-26,HEL,FRA,OH-A131,E190,2025-09-26 19:18:00,205,None,0,False,88
FL006054,2025-09-26,HEL,NRT,OH-A129,A350,2025-09-26 19:51:00,581,None,0,False,212
FL006055,2025-09-26,HEL,NRT,OH-A108,A321,2025-09-26 20:30:00,457,None,0,False,129
FL006056,2025-09-26,HEL,CPH,OH-A103,A350,2025-09-26 08:24:00,158,None,0,False,274
FL006057,2025-09-26,HEL,AMS,OH-A112,A350,2025-09-26 18:53:00,256,Technical,5,False,167
FL006058,2025-09-26,HEL,BCN,OH-A130,A350,2025-09-26 15:13:00,210,None,0,False,169
FL006059,2025-09-26,HEL,CPH,OH-A140,A320,2025-09-26 05:21:00,584,None,0,False,114
FL006060,2025-09-26,HEL,LHR,OH-A140,A320,2025-09-26 10:13:00,223,ATC,55,False,129
FL006061,2025-09-26,HEL,BCN,OH-A145,A350,2025-09-26 12:05:00,129,None,0,False,222
FL006062,2025-09-26,HEL,MAD,OH-A112,A350,2025-09-26 06:33:00,599,Ground Handling,6,False,292
FL006063,2025-09-26,HEL,CPH,OH-A141,A350,2025-09-26 15:06:00,488,None,0,False,279
FL006064,2025-09-26,HEL,AMS,OH-A107,A350,2025-09-26 12:42:00,92,Crew,5,False,176
FL006065,2025-09-26,HEL,MAD,OH-A146,A320,2025-09-26 05:19:00,186,None,0,False,128
FL006066,2025-09-26,HEL,BKK,OH-A129,A350,2025-09-26 21:04:00,127,ATC,7,False,239
FL006067,2025-09-26,HEL,BKK,OH-A124,A350,2025-09-26 09:47:00,520,None,0,False,182
FL006068,2025-09-26,HEL,CDG,OH-A138,A321,2025-09-26 12:53:00,280,Weather,5,False,177
FL006069,2025-09-26,HEL,MAD,OH-A129,A350,2025-09-26 19:22:00,218,Ground Handling,30,False,260
FL006070,2025-09-26,HEL,MUC,OH-A120,A350,2025-09-26 09:51:00,138,None,0,False,232
FL006071,2025-09-27,HEL,MUC,OH-A131,E190,2025-09-27 07:28:00,533,None,0,False,77
FL006072,2025-09-27,HEL,MAD,OH-A111,E190,2025-09-27 08:43:00,60,None,0,False,64
FL006073,2025-09-27,HEL,CPH,OH-A135,A321,2025-09-27 10:54:00,343,None,0,False,131
FL006074,2025-09-27,HEL,LHR,OH-A104,A321,2025-09-27 12:49:00,288,Crew,69,False,209
FL006075,2025-09-27,HEL,OSL,OH-A131,E190,2025-09-27 16:26:00,230,None,0,False,87
FL006076,2025-09-27,HEL,ARN,OH-A120,A350,2025-09-27 13:15:00,386,None,0,False,211
FL006077,2025-09-27,HEL,CPH,OH-A115,A321,2025-09-27 13:07:00,287,None,0,False,159
FL006078,2025-09-27,HEL,FCO,OH-A130,A350,2025-09-27 21:56:00,293,None,0,False,238
FL006079,2025-09-27,HEL,NRT,OH-A104,A321,2025-09-27 17:55:00,464,None,0,False,188
FL006080,2025-09-27,HEL,OSL,OH-A146,A320,2025-09-27 08:54:00,389,ATC,31,False,141
FL006081,2025-09-27,HEL,FCO,OH-A122,E190,2025-09-27 11:01:00,447,Technical,40,False,74
FL006082,2025-09-27,HEL,LHR,OH-A103,A350,2025-09-27 09:19:00,97,Weather,35,False,207
FL006083,2025-09-27,HEL,CPH,OH-A134,A320,2025-09-27 16:28:00,295,Ground Handling,23,False,139
FL006084,2025-09-27,HEL,LHR,OH-A141,A350,2025-09-27 17:58:00,602,Technical,30,False,277
FL006085,2025-09-27,HEL,NRT,OH-A131,E190,2025-09-27 16:54:00,95,None,0,False,89
FL006086,2025-09-27,HEL,CDG,OH-A111,E190,2025-09-27 13:22:00,98,None,0,False,97
FL006087,2025-09-27,HEL,FCO,OH-A107,A350,2025-09-27 07:29:00,572,Crew,49,False,285
FL006088,2025-09-27,HEL,FRA,OH-A100,A350,2025-09-27 09:51:00,195,None,0,True,291
FL006089,2025-09-27,HEL,FRA,OH-A101,A320,2025-09-27 13:51:00,197,None,0,False,118
FL006090,2025-09-27,HEL,JFK,OH-A124,A350,2025-09-27 09:10:00,315,Crew,33,False,290
FL006091,2025-09-27,HEL,BKK,OH-A127,A321,2025-09-27 16:26:00,505,None,0,False,186
FL006092,2025-09-28,HEL,CPH,OH-A113,A350,2025-09-28 16:31:00,444,None,0,False,203
FL006093,2025-09-28,HEL,AMS,OH-A103,A350,2025-09-28 12:56:00,511,None,0,False,164
FL006094,2025-09-28,HEL,MAD,OH-A105,E190,2025-09-28 13:21:00,589,None,0,False,93
FL006095,2025-09-28,HEL,NRT,OH-A131,E190,2025-09-28 09:30:00,477,None,0,False,71
FL006096,2025-09-28,HEL,FCO,OH-A101,A320,2025-09-28 09:38:00,188,Ground Handling,50,False,108
FL006097,2025-09-28,HEL,BCN,OH-A121,A320,2025-09-28 16:05:00,389,None,0,False,171
FL006098,2025-09-28,HEL,MUC,OH-A145,A350,2025-09-28 11:40:00,329,None,0,False,239
FL006099,2025-09-28,HEL,BKK,OH-A106,A350,2025-09-28 21:07:00,564,Ground Handling,13,False,167
FL006100,2025-09-28,HEL,LHR,OH-A127,A321,2025-09-28 19:14:00,475,None,0,False,179
FL006101,2025-09-28,HEL,JFK,OH-A112,A350,2025-09-28 07:12:00,481,Crew,77,False,192
FL006102,2025-09-28,HEL,MUC,OH-A105,E190,2025-09-28 15:00:00,229,None,0,False,71
FL006103,2025-09-28,HEL,MUC,OH-A134,A320,2025-09-28 12:02:00,385,Technical,72,False,109
FL006104,2025-09-28,HEL,AMS,OH-A138,A321,2025-09-28 06:30:00,581,None,0,False,205
FL006105,2025-09-28,HEL,BCN,OH-A111,E190,2025-09-28 13:10:00,83,Crew,43,False,79
FL006106,2025-09-28,HEL,BKK,OH-A100,A350,2025-09-28 17:02:00,582,None,0,False,260
FL006107,2025-09-28,HEL,AMS,OH-A104,A321,2025-09-28 18:17:00,221,Technical,28,False,155
FL006108,2025-09-28,HEL,CPH,OH-A111,E190,2025-09-28 12:05:00,552,None,0,False,95
FL006109,2025-09-28,HEL,CPH,OH-A123,E190,2025-09-28 16:51:00,257,None,0,False,76
FL006110,2025-09-28,HEL,OSL,OH-A134,A320,2025-09-28 12:31:00,74,None,0,False,132
FL006111,2025-09-28,HEL,AMS,OH-A120,A350,2025-09-28 08:46:00,400,None,0,False,284
FL006112,2025-09-28,HEL,ARN,OH-A117,A321,2025-09-28 09:48:00,377,None,0,False,187
FL006113,2025-09-29,HEL,OSL,OH-A103,A350,2025-09-29 11:04:00,511,None,0,False,179
FL006114,2025-09-29,HEL,FCO,OH-A114,A320,2025-09-29 12:58:00,505,None,0,False,145
FL006115,2025-09-29,HEL,MUC,OH-A126,A320,2025-09-29 08:00:00,535,Technical,18,False,152
FL006116,2025-09-29,HEL,BCN,OH-A130,A350,2025-09-29 21:56:00,176,Crew,45,False,207
FL006117,2025-09-29,HEL,JFK,OH-A110,A320,2025-09-29 05:56:00,362,None,0,False,164
FL006118,2025-09-29,HEL,CDG,OH-A104,A321,2025-09-29 18:32:00,408,ATC,24,False,195
FL006119,2025-09-29,HEL,LHR,OH-A117,A321,2025-09-29 11:35:00,269,None,0,False,144
FL006120,2025-09-29,HEL,BKK,OH-A121,A320,2025-09-29 14:07:00,142,None,0,False,116
FL006121,2025-09-29,HEL,CPH,OH-A137,A320,2025-09-29 16:02:00,161,Crew,15,False,160
FL006122,2025-09-29,HEL,MAD,OH-A106,A350,2025-09-29 16:56:00,228,Weather,5,False,165
FL006123,2025-09-29,HEL,AMS,OH-A117,A321,2025-09-29 17:15:00,561,None,0,False,183
FL006124,2025-09-29,HEL,CPH,OH-A123,E190,2025-09-29 13:12:00,548,None,0,False,100
FL006125,2025-09-29,HEL,BKK,OH-A142,A350,2025-09-29 20:22:00,335,ATC,9,False,194
FL006126,2025-09-29,HEL,JFK,OH-A117,A321,2025-09-29 05:56:00,437,None,0,False,163
FL006127,2025-09-29,HEL,LHR,OH-A104,A321,2025-09-29 07:48:00,47,None,0,False,135
FL006128,2025-09-29,HEL,FCO,OH-A125,A321,2025-09-29 19:35:00,567,None,0,False,121
FL006129,2025-09-29,HEL,FCO,OH-A129,A350,2025-09-29 08:05:00,541,Ground Handling,5,False,262
FL006130,2025-09-29,HEL,MUC,OH-A111,E190,2025-09-29 06:59:00,287,None,0,False,68
FL006131,2025-09-29,HEL,BKK,OH-A131,E190,2025-09-29 16:57:00,418,None,0,False,90
FL006132,2025-09-29,HEL,LHR,OH-A123,E190,2025-09-29 13:10:00,134,None,0,False,69
FL006133,2025-09-30,HEL,NRT,OH-A135,A321,2025-09-30 11:50:00,375,None,0,False,134
FL006134,2025-09-30,HEL,MAD,OH-A112,A350,2025-09-30 09:36:00,74,None,0,False,261
FL006135,2025-09-30,HEL,LHR,OH-A143,A321,2025-09-30 17:27:00,509,None,0,False,168
FL006136,2025-09-30,HEL,AMS,OH-A106,A350,2025-09-30 21:13:00,360,None,0,True,275
FL006137,2025-09-30,HEL,CPH,OH-A115,A321,2025-09-30 05:06:00,513,None,0,False,190
FL006138,2025-09-30,HEL,JFK,OH-A102,E190,2025-09-30 20:53:00,347,ATC,24,False,82
FL006139,2025-09-30,HEL,MAD,OH-A103,A350,2025-09-30 21:21:00,571,None,0,False,191
FL006140,2025-09-30,HEL,LHR,OH-A111,E190,2025-09-30 14:29:00,512,None,0,False,55
FL006141,2025-09-30,HEL,OSL,OH-A107,A350,2025-09-30 10:43:00,348,None,0,False,171
FL006142,2025-09-30,HEL,MAD,OH-A113,A350,2025-09-30 15:06:00,565,None,0,False,233
FL006143,2025-09-30,HEL,MUC,OH-A129,A350,2025-09-30 10:29:00,57,None,0,False,284
FL006144,2025-09-30,HEL,FCO,OH-A141,A350,2025-09-30 10:03:00,223,None,0,False,171
FL006145,2025-09-30,HEL,LHR,OH-A116,A320,2025-09-30 06:43:00,331,None,0,False,148
FL006146,2025-09-30,HEL,BKK,OH-A133,A320,2025-09-30 06:02:00,343,None,0,False,140
FL006147,2025-09-30,HEL,OSL,OH-A115,A321,2025-09-30 20:43:00,96,None,0,False,123
FL006148,2025-09-30,HEL,OSL,OH-A111,E190,2025-09-30 21:13:00,89,None,0,False,55
FL006149,2025-09-30,HEL,FCO,OH-A114,A320,2025-09-30 12:20:00,135,None,0,False,147
FL006150,2025-09-30,HEL,MUC,OH-A135,A321,2025-09-30 05:19:00,177,Late Aircraft,32,False,149
FL006151,2025-09-30,HEL,AMS,OH-A108,A321,2025-09-30 12:47:00,600,None,0,False,157
FL006152,2025-10-01,HEL,FCO,OH-A105,E190,2025-10-01 12:24:00,385,None,0,False,87
FL006153,2025-10-01,HEL,AMS,OH-A117,A321,2025-10-01 19:23:00,575,Weather,66,False,115
FL006154,2025-10-01,HEL,MUC,OH-A104,A321,2025-10-01 14:52:00,317,None,0,False,158
FL006155,2025-10-01,HEL,NRT,OH-A102,E190,2025-10-01 14:05:00,409,None,0,False,85
FL006156,2025-10-01,HEL,BCN,OH-A110,A320,2025-10-01 08:03:00,440,Late Aircraft,18,False,164
FL006157,2025-10-01,HEL,AMS,OH-A134,A320,2025-10-01 15:41:00,153,None,0,False,105
FL006158,2025-10-01,HEL,BKK,OH-A143,A321,2025-10-01 17:16:00,320,Weather,59,False,202
FL006159,2025-10-01,HEL,BCN,OH-A147,A321,2025-10-01 05:15:00,419,None,0,False,204
FL006160,2025-10-01,HEL,OSL,OH-A137,A320,2025-10-01 17:30:00,388,None,0,False,104
FL006161,2025-10-01,HEL,CPH,OH-A111,E190,2025-10-01 06:36:00,486,Late Aircraft,34,False,78
FL006162,2025-10-01,HEL,CDG,OH-A105,E190,2025-10-01 19:39:00,405,None,0,False,62
FL006163,2025-10-01,HEL,FCO,OH-A130,A350,2025-10-01 18:04:00,427,Weather,42,False,276
FL006164,2025-10-01,HEL,AMS,OH-A130,A350,2025-10-01 08:26:00,230,None,0,False,215
FL006165,2025-10-01,HEL,OSL,OH-A142,A350,2025-10-01 18:32:00,257,None,0,False,296
FL006166,2025-10-01,HEL,BKK,OH-A100,A350,2025-10-01 10:39:00,206,Crew,24,False,257
FL006167,2025-10-01,HEL,OSL,OH-A100,A350,2025-10-01 05:23:00,345,None,0,False,192
FL006168,2025-10-01,HEL,CPH,OH-A123,E190,2025-10-01 20:18:00,400,None,0,False,62
FL006169,2025-10-01,HEL,AMS,OH-A132,A321,2025-10-01 07:52:00,290,None,0,False,166
FL006170,2025-10-02,HEL,MUC,OH-A140,A320,2025-10-02 12:58:00,476,None,0,False,119
FL006171,2025-10-02,HEL,FCO,OH-A133,A320,2025-10-02 15:32:00,498,Weather,44,False,152
FL006172,2025-10-02,HEL,CPH,OH-A142,A350,2025-10-02 10:13:00,215,None,0,False,192
FL006173,2025-10-02,HEL,CDG,OH-A134,A320,2025-10-02 21:30:00,89,None,0,False,128
FL006174,2025-10-02,HEL,MAD,OH-A105,E190,2025-10-02 15:02:00,369,None,0,True,100
FL006175,2025-10-02,HEL,ARN,OH-A109,A320,2025-10-02 07:36:00,246,None,0,False,112
FL006176,2025-10-02,HEL,BCN,OH-A146,A320,2025-10-02 20:09:00,409,Late Aircraft,9,False,96
FL006177,2025-10-02,HEL,OSL,OH-A109,A320,2025-10-02 09:22:00,469,Crew,5,False,120
FL006178,2025-10-02,HEL,AMS,OH-A126,A320,2025-10-02 10:11:00,119,None,0,False,160
FL006179,2025-10-02,HEL,BCN,OH-A125,A321,2025-10-02 11:06:00,577,None,0,False,200
FL006180,2025-10-02,HEL,BKK,OH-A122,E190,2025-10-02 16:31:00,580,None,0,False,70
FL006181,2025-10-02,HEL,CPH,OH-A123,E190,2025-10-02 21:21:00,441,Crew,40,False,79
FL006182,2025-10-02,HEL,MUC,OH-A129,A350,2025-10-02 14:03:00,98,None,0,False,229
FL006183,2025-10-02,HEL,MUC,OH-A110,A320,2025-10-02 05:34:00,92,Weather,32,False,114
FL006184,2025-10-02,HEL,ARN,OH-A125,A321,2025-10-02 19:50:00,505,None,0,False,148
FL006185,2025-10-02,HEL,BCN,OH-A100,A350,2025-10-02 12:55:00,294,None,0,False,229
FL006186,2025-10-02,HEL,CPH,OH-A101,A320,2025-10-02 05:36:00,348,Weather,29,False,95
FL006187,2025-10-02,HEL,MAD,OH-A143,A321,2025-10-02 16:41:00,424,None,0,False,121
FL006188,2025-10-02,HEL,OSL,OH-A114,A320,2025-10-02 19:07:00,265,None,0,False,141
FL006189,2025-10-02,HEL,CPH,OH-A109,A320,2025-10-02 10:02:00,549,None,0,False,152
FL006190,2025-10-02,HEL,CPH,OH-A146,A320,2025-10-02 09:27:00,555,None,0,False,174
FL006191,2025-10-02,HEL,FRA,OH-A117,A321,2025-10-02 16:28:00,473,Ground Handling,49,False,202
FL006192,2025-10-02,HEL,LHR,OH-A142,A350,2025-10-02 19:15:00,263,None,0,False,180
FL006193,2025-10-02,HEL,FRA,OH-A134,A320,2025-10-02 18:18:00,104,None,0,False,135
FL006194,2025-10-02,HEL,NRT,OH-A138,A321,2025-10-02 13:06:00,343,Ground Handling,32,False,140
FL006195,2025-10-03,HEL,BKK,OH-A108,A321,2025-10-03 10:43:00,186,None,0,False,129
FL006196,2025-10-03,HEL,BCN,OH-A146,A320,2025-10-03 15:11:00,537,Weather,5,False,167
FL006197,2025-10-03,HEL,NRT,OH-A121,A320,2025-10-03 20:29:00,386,None,0,False,163
FL006198,2025-10-03,HEL,FRA,OH-A125,A321,2025-10-03 21:12:00,370,None,0,False,130
FL006199,2025-10-03,HEL,MAD,OH-A147,A321,2025-10-03 14:31:00,356,None,0,True,178
FL006200,2025-10-03,HEL,MAD,OH-A100,A350,2025-10-03 11:35:00,47,Technical,43,False,253
FL006201,2025-10-03,HEL,CDG,OH-A123,E190,2025-10-03 13:31:00,349,None,0,False,86
FL006202,2025-10-03,HEL,FCO,OH-A144,A350,2025-10-03 12:27:00,513,None,0,False,270
FL006203,2025-10-03,HEL,MUC,OH-A101,A320,2025-10-03 20:58:00,310,Ground Handling,5,False,133
FL006204,2025-10-03,HEL,BCN,OH-A138,A321,2025-10-03 12:53:00,582,None,0,False,191
FL006205,2025-10-03,HEL,LHR,OH-A111,E190,2025-10-03 13:56:00,543,None,0,False,59
FL006206,2025-10-03,HEL,CDG,OH-A140,A320,2025-10-03 17:10:00,119,None,0,False,96
FL006207,2025-10-03,HEL,NRT,OH-A140,A320,2025-10-03 10:04:00,150,None,0,False,161
FL006208,2025-10-03,HEL,BCN,OH-A124,A350,2025-10-03 14:33:00,575,None,0,False,261
FL006209,2025-10-03,HEL,CPH,OH-A119,A350,2025-10-03 16:51:00,539,None,0,False,171
FL006210,2025-10-03,HEL,MUC,OH-A102,E190,2025-10-03 05:27:00,495,None,0,False,67
FL006211,2025-10-03,HEL,BCN,OH-A125,A321,2025-10-03 08:24:00,262,None,0,False,125
FL006212,2025-10-03,HEL,JFK,OH-A124,A350,2025-10-03 17:08:00,554,None,0,False,237
FL006213,2025-10-03,HEL,JFK,OH-A109,A320,2025-10-03 13:44:00,543,None,0,False,163
FL006214,2025-10-03,HEL,MAD,OH-A109,A320,2025-10-03 21:20:00,460,Weather,20,False,171
FL006215,2025-10-03,HEL,ARN,OH-A117,A321,2025-10-03 05:21:00,491,ATC,32,False,124
FL006216,2025-10-03,HEL,FRA,OH-A105,E190,2025-10-03 10:14:00,312,Technical,35,False,55
FL006217,2025-10-03,HEL,OSL,OH-A100,A350,2025-10-03 20:42:00,380,None,0,False,283
FL006218,2025-10-03,HEL,ARN,OH-A145,A350,2025-10-03 17:27:00,221,None,0,False,273
FL006219,2025-10-03,HEL,NRT,OH-A102,E190,2025-10-03 06:17:00,282,None,0,False,89
FL006220,2025-10-04,HEL,NRT,OH-A127,A321,2025-10-04 20:19:00,254,None,0,False,206
FL006221,2025-10-04,HEL,MUC,OH-A109,A320,2025-10-04 18:49:00,554,None,0,False,148
FL006222,2025-10-04,HEL,BKK,OH-A147,A321,2025-10-04 11:46:00,212,None,0,False,208
FL006223,2025-10-04,HEL,AMS,OH-A122,E190,2025-10-04 16:07:00,487,None,0,False,61
FL006224,2025-10-04,HEL,JFK,OH-A125,A321,2025-10-04 09:40:00,97,None,0,False,186
FL006225,2025-10-04,HEL,FCO,OH-A138,A321,2025-10-04 09:43:00,45,None,0,False,190
FL006226,2025-10-04,HEL,MUC,OH-A132,A321,2025-10-04 17:47:00,303,None,0,False,134
FL006227,2025-10-04,HEL,CDG,OH-A135,A321,2025-10-04 20:07:00,529,None,0,False,205
FL006228,2025-10-04,HEL,OSL,OH-A104,A321,2025-10-04 12:08:00,159,ATC,44,False,115
FL006229,2025-10-04,HEL,CPH,OH-A132,A321,2025-10-04 20:20:00,549,None,0,False,180
FL006230,2025-10-04,HEL,FRA,OH-A110,A320,2025-10-04 19:38:00,267,ATC,45,False,112
FL006231,2025-10-04,HEL,AMS,OH-A146,A320,2025-10-04 20:43:00,54,None,0,False,171
FL006232,2025-10-04,HEL,OSL,OH-A105,E190,2025-10-04 08:40:00,422,None,0,False,88
FL006233,2025-10-04,HEL,FCO,OH-A145,A350,2025-10-04 08:51:00,444,None,0,False,213
FL006234,2025-10-04,HEL,OSL,OH-A102,E190,2025-10-04 07:49:00,298,None,0,False,69
FL006235,2025-10-04,HEL,FRA,OH-A138,A321,2025-10-04 11:52:00,592,Weather,86,False,139
FL006236,2025-10-04,HEL,FRA,OH-A102,E190,2025-10-04 19:18:00,269,Weather,46,False,91
FL006237,2025-10-04,HEL,BKK,OH-A115,A321,2025-10-04 05:57:00,572,None,0,False,119
FL006238,2025-10-04,HEL,CPH,OH-A118,A350,2025-10-04 14:15:00,473,None,0,False,206
FL006239,2025-10-04,HEL,JFK,OH-A111,E190,2025-10-04 13:01:00,422,Crew,29,False,89
FL006240,2025-10-04,HEL,MAD,OH-A103,A350,2025-10-04 08:50:00,413,Crew,29,False,190
FL006241,2025-10-04,HEL,JFK,OH-A117,A321,2025-10-04 15:02:00,368,None,0,False,184
FL006242,2025-10-04,HEL,FCO,OH-A122,E190,2025-10-04 09:04:00,186,None,0,False,74
FL006243,2025-10-04,HEL,FCO,OH-A113,A350,2025-10-04 17:19:00,511,Ground Handling,19,False,247
FL006244,2025-10-04,HEL,FRA,OH-A105,E190,2025-10-04 17:48:00,194,ATC,80,False,73
FL006245,2025-10-05,HEL,JFK,OH-A139,A350,2025-10-05 05:40:00,451,None,0,False,230
FL006246,2025-10-05,HEL,AMS,OH-A129,A350,2025-10-05 16:03:00,596,Crew,29,False,287
FL006247,2025-10-05,HEL,ARN,OH-A108,A321,2025-10-05 20:55:00,182,None,0,False,151
FL006248,2025-10-05,HEL,BCN,OH-A137,A320,2025-10-05 14:58:00,454,None,0,False,100
FL006249,2025-10-05,HEL,CDG,OH-A137,A320,2025-10-05 17:11:00,145,None,0,False,173
FL006250,2025-10-05,HEL,LHR,OH-A113,A350,2025-10-05 16:23:00,410,None,0,False,272
FL006251,2025-10-05,HEL,OSL,OH-A118,A350,2025-10-05 21:39:00,526,None,0,False,210
FL006252,2025-10-05,HEL,LHR,OH-A122,E190,2025-10-05 17:13:00,324,ATC,5,False,73
FL006253,2025-10-05,HEL,CDG,OH-A122,E190,2025-10-05 10:36:00,58,Technical,23,False,58
FL006254,2025-10-05,HEL,BCN,OH-A124,A350,2025-10-05 08:29:00,100,Weather,35,False,206
FL006255,2025-10-05,HEL,OSL,OH-A103,A350,2025-10-05 08:44:00,247,None,0,False,227
FL006256,2025-10-05,HEL,FRA,OH-A133,A320,2025-10-05 14:08:00,376,None,0,False,127
FL006257,2025-10-05,HEL,NRT,OH-A142,A350,2025-10-05 15:14:00,486,None,0,False,250
FL006258,2025-10-05,HEL,BKK,OH-A134,A320,2025-10-05 08:49:00,515,None,0,False,155
FL006259,2025-10-05,HEL,JFK,OH-A138,A321,2025-10-05 16:06:00,421,Late Aircraft,35,False,190
FL006260,2025-10-05,HEL,LHR,OH-A134,A320,2025-10-05 19:44:00,434,Crew,19,False,102
FL006261,2025-10-05,HEL,OSL,OH-A147,A321,2025-10-05 21:28:00,241,None,0,False,159
FL006262,2025-10-05,HEL,NRT,OH-A103,A350,2025-10-05 09:20:00,150,None,0,False,239
FL006263,2025-10-05,HEL,AMS,OH-A146,A320,2025-10-05 16:02:00,486,None,0,False,173
FL006264,2025-10-05,HEL,FRA,OH-A126,A320,2025-10-05 12:46:00,414,None,0,False,105
FL006265,2025-10-05,HEL,AMS,OH-A130,A350,2025-10-05 18:38:00,447,None,0,False,289
FL006266,2025-10-05,HEL,CPH,OH-A126,A320,2025-10-05 20:22:00,299,None,0,False,131
FL006267,2025-10-05,HEL,FCO,OH-A129,A350,2025-10-05 05:12:00,147,None,0,False,290
FL006268,2025-10-05,HEL,LHR,OH-A107,A350,2025-10-05 08:59:00,445,Weather,34,False,276
FL006269,2025-10-05,HEL,LHR,OH-A123,E190,2025-10-05 11:36:00,245,ATC,59,False,60
FL006270,2025-10-05,HEL,FCO,OH-A113,A350,2025-10-05 20:32:00,64,Technical,14,False,183
FL006271,2025-10-05,HEL,MAD,OH-A125,A321,2025-10-05 09:32:00,377,None,0,False,149
FL006272,2025-10-06,HEL,BCN,OH-A136,A321,2025-10-06 21:13:00,97,None,0,False,173
FL006273,2025-10-06,HEL,MUC,OH-A110,A320,2025-10-06 06:28:00,132,ATC,68,False,148
FL006274,2025-10-06,HEL,MAD,OH-A124,A350,2025-10-06 17:20:00,522,ATC,5,False,186
FL006275,2025-10-06,HEL,LHR,OH-A107,A350,2025-10-06 08:46:00,431,None,0,False,201
FL006276,2025-10-06,HEL,JFK,OH-A124,A350,2025-10-06 18:05:00,472,None,0,False,287
FL006277,2025-10-06,HEL,BCN,OH-A126,A320,2025-10-06 12:34:00,120,None,0,False,169
FL006278,2025-10-06,HEL,OSL,OH-A135,A321,2025-10-06 16:54:00,150,None,0,False,115
FL006279,2025-10-06,HEL,BKK,OH-A135,A321,2025-10-06 14:01:00,245,None,0,False,201
FL006280,2025-10-06,HEL,NRT,OH-A133,A320,2025-10-06 09:21:00,404,None,0,False,126
FL006281,2025-10-06,HEL,OSL,OH-A131,E190,2025-10-06 19:06:00,611,None,0,False,81
FL006282,2025-10-06,HEL,FCO,OH-A147,A321,2025-10-06 18:53:00,276,None,0,False,157
FL006283,2025-10-06,HEL,MUC,OH-A122,E190,2025-10-06 08:47:00,612,None,0,False,97
FL006284,2025-10-06,HEL,FCO,OH-A121,A320,2025-10-06 20:37:00,500,ATC,67,False,95
FL006285,2025-10-06,HEL,AMS,OH-A105,E190,2025-10-06 19:32:00,498,None,0,False,70
FL006286,2025-10-06,HEL,LHR,OH-A138,A321,2025-10-06 12:06:00,367,None,0,False,143
FL006287,2025-10-06,HEL,LHR,OH-A147,A321,2025-10-06 12:35:00,525,None,0,False,126
FL006288,2025-10-06,HEL,ARN,OH-A141,A350,2025-10-06 06:11:00,408,Ground Handling,5,False,195
FL006289,2025-10-06,HEL,NRT,OH-A108,A321,2025-10-06 07:14:00,465,None,0,False,133
FL006290,2025-10-06,HEL,CDG,OH-A123,E190,2025-10-06 06:55:00,380,None,0,False,95
FL006291,2025-10-06,HEL,BKK,OH-A117,A321,2025-10-06 17:45:00,66,None,0,False,147
FL006292,2025-10-06,HEL,LHR,OH-A138,A321,2025-10-06 20:36:00,587,None,0,False,174
FL006293,2025-10-06,HEL,CDG,OH-A119,A350,2025-10-06 14:27:00,203,None,0,False,287
FL006294,2025-10-06,HEL,NRT,OH-A132,A321,2025-10-06 19:56:00,188,Technical,20,False,124
FL006295,2025-10-06,HEL,CDG,OH-A107,A350,2025-10-06 12:48:00,306,None,0,False,273
FL006296,2025-10-07,HEL,LHR,OH-A119,A350,2025-10-07 17:21:00,427,ATC,47,False,197
FL006297,2025-10-07,HEL,CPH,OH-A116,A320,2025-10-07 16:24:00,167,None,0,False,108
FL006298,2025-10-07,HEL,OSL,OH-A103,A350,2025-10-07 16:53:00,442,Weather,48,False,204
FL006299,2025-10-07,HEL,BKK,OH-A116,A320,2025-10-07 06:09:00,383,None,0,False,117
FL006300,2025-10-07,HEL,BKK,OH-A131,E190,2025-10-07 13:11:00,276,None,0,False,84
FL006301,2025-10-07,HEL,BCN,OH-A118,A350,2025-10-07 11:37:00,582,None,0,False,287
FL006302,2025-10-07,HEL,JFK,OH-A104,A321,2025-10-07 09:55:00,69,None,0,False,181
FL006303,2025-10-07,HEL,NRT,OH-A120,A350,2025-10-07 16:25:00,580,None,0,False,189
FL006304,2025-10-07,HEL,CDG,OH-A108,A321,2025-10-07 06:33:00,158,Technical,35,False,197
FL006305,2025-10-07,HEL,FCO,OH-A117,A321,2025-10-07 09:58:00,45,ATC,76,False,158
FL006306,2025-10-07,HEL,MUC,OH-A109,A320,2025-10-07 13:28:00,265,None,0,False,162
FL006307,2025-10-07,HEL,OSL,OH-A100,A350,2025-10-07 07:10:00,618,None,0,False,274
FL006308,2025-10-07,HEL,MUC,OH-A127,A321,2025-10-07 19:55:00,412,None,0,False,119
FL006309,2025-10-07,HEL,ARN,OH-A110,A320,2025-10-07 05:33:00,259,None,0,False,129
FL006310,2025-10-07,HEL,BCN,OH-A144,A350,2025-10-07 20:52:00,458,None,0,False,233
FL006311,2025-10-07,HEL,LHR,OH-A110,A320,2025-10-07 20:29:00,227,None,0,False,160
FL006312,2025-10-07,HEL,CPH,OH-A113,A350,2025-10-07 14:54:00,212,None,0,False,199
FL006313,2025-10-07,HEL,MAD,OH-A132,A321,2025-10-07 05:21:00,406,None,0,False,181
FL006314,2025-10-07,HEL,CDG,OH-A125,A321,2025-10-07 19:03:00,96,None,0,False,186
FL006315,2025-10-07,HEL,FRA,OH-A109,A320,2025-10-07 19:34:00,290,ATC,35,False,150
FL006316,2025-10-07,HEL,CPH,OH-A119,A350,2025-10-07 16:53:00,384,None,0,False,250
FL006317,2025-10-07,HEL,CPH,OH-A127,A321,2025-10-07 19:53:00,114,Ground Handling,17,False,200
FL006318,2025-10-07,HEL,NRT,OH-A138,A321,2025-10-07 18:09:00,579,None,0,False,201
FL006319,2025-10-07,HEL,BCN,OH-A123,E190,2025-10-07 18:23:00,297,None,0,False,87
FL006320,2025-10-08,HEL,ARN,OH-A135,A321,2025-10-08 17:25:00,91,None,0,False,130
FL006321,2025-10-08,HEL,MUC,OH-A116,A320,2025-10-08 19:41:00,394,None,0,False,163
FL006322,2025-10-08,HEL,ARN,OH-A123,E190,2025-10-08 07:10:00,459,None,0,False,95
FL006323,2025-10-08,HEL,JFK,OH-A137,A320,2025-10-08 16:55:00,66,None,0,False,115
FL006324,2025-10-08,HEL,CPH,OH-A141,A350,2025-10-08 21:43:00,46,Technical,37,False,174
FL006325,2025-10-08,HEL,MUC,OH-A112,A350,2025-10-08 21:21:00,220,None,0,False,228
FL006326,2025-10-08,HEL,FCO,OH-A108,A321,2025-10-08 17:48:00,190,None,0,False,129
FL006327,2025-10-08,HEL,BCN,OH-A116,A320,2025-10-08 19:57:00,47,None,0,False,165
FL006328,2025-10-08,HEL,ARN,OH-A136,A321,2025-10-08 14:00:00,111,None,0,False,156
FL006329,2025-10-08,HEL,FRA,OH-A134,A320,2025-10-08 05:36:00,134,None,0,False,103
FL006330,2025-10-08,HEL,FCO,OH-A135,A321,2025-10-08 09:31:00,485,None,0,False,207
FL006331,2025-10-08,HEL,BKK,OH-A123,E190,2025-10-08 08:34:00,408,Weather,77,False,91
FL006332,2025-10-08,HEL,NRT,OH-A126,A320,2025-10-08 11:24:00,365,Weather,27,False,113
FL006333,2025-10-08,HEL,JFK,OH-A125,A321,2025-10-08 11:14:00,120,None,0,False,157
FL006334,2025-10-08,HEL,CDG,OH-A141,A350,2025-10-08 07:03:00,253,None,0,False,197
FL006335,2025-10-08,HEL,FCO,OH-A127,A321,2025-10-08 20:34:00,581,None,0,False,177
FL006336,2025-10-08,HEL,OSL,OH-A134,A320,2025-10-08 18:11:00,459,None,0,False,155
FL006337,2025-10-08,HEL,CDG,OH-A100,A350,2025-10-08 18:23:00,128,None,0,False,178
FL006338,2025-10-08,HEL,LHR,OH-A113,A350,2025-10-08 19:47:00,524,None,0,False,191
FL006339,2025-10-08,HEL,FRA,OH-A135,A321,2025-10-08 20:10:00,327,Technical,24,True,130
FL006340,2025-10-08,HEL,NRT,OH-A107,A350,2025-10-08 09:18:00,574,None,0,False,289
FL006341,2025-10-08,HEL,NRT,OH-A124,A350,2025-10-08 12:00:00,185,Weather,56,False,196
FL006342,2025-10-08,HEL,NRT,OH-A140,A320,2025-10-08 10:41:00,67,None,0,False,162
FL006343,2025-10-08,HEL,BKK,OH-A144,A350,2025-10-08 11:41:00,420,None,0,False,165
FL006344,2025-10-08,HEL,ARN,OH-A131,E190,2025-10-08 16:46:00,548,None,0,False,58
FL006345,2025-10-08,HEL,BKK,OH-A126,A320,2025-10-08 12:59:00,597,Weather,100,False,142
FL006346,2025-10-08,HEL,NRT,OH-A131,E190,2025-10-08 15:52:00,282,Late Aircraft,12,False,70
FL006347,2025-10-09,HEL,BKK,OH-A144,A350,2025-10-09 06:33:00,565,Technical,75,False,234
FL006348,2025-10-09,HEL,MUC,OH-A132,A321,2025-10-09 05:30:00,545,None,0,False,135
FL006349,2025-10-09,HEL,BKK,OH-A147,A321,2025-10-09 15:20:00,354,None,0,False,172
FL006350,2025-10-09,HEL,CPH,OH-A113,A350,2025-10-09 18:28:00,141,None,0,False,249
FL006351,2025-10-09,HEL,MAD,OH-A107,A350,2025-10-09 19:11:00,443,None,0,False,191
FL006352,2025-10-09,HEL,BCN,OH-A147,A321,2025-10-09 12:17:00,258,None,0,False,187
FL006353,2025-10-09,HEL,FCO,OH-A112,A350,2025-10-09 17:26:00,334,None,0,False,201
FL006354,2025-10-09,HEL,AMS,OH-A136,A321,2025-10-09 11:29:00,79,None,0,False,161
FL006355,2025-10-09,HEL,MUC,OH-A147,A321,2025-10-09 20:36:00,459,None,0,False,175
FL006356,2025-10-09,HEL,CDG,OH-A144,A350,2025-10-09 13:38:00,92,None,0,False,232
FL006357,2025-10-09,HEL,MAD,OH-A132,A321,2025-10-09 16:15:00,474,None,0,False,151
FL006358,2025-10-09,HEL,OSL,OH-A115,A321,2025-10-09 20:45:00,241,None,0,False,128
FL006359,2025-10-09,HEL,MAD,OH-A113,A350,2025-10-09 12:04:00,315,Technical,5,False,242
FL006360,2025-10-09,HEL,FRA,OH-A104,A321,2025-10-09 18:52:00,558,Weather,40,False,167
FL006361,2025-10-09,HEL,JFK,OH-A146,A320,2025-10-09 10:24:00,477,None,0,False,167
FL006362,2025-10-09,HEL,ARN,OH-A125,A321,2025-10-09 15:19:00,275,None,0,False,120
FL006363,2025-10-09,HEL,OSL,OH-A131,E190,2025-10-09 14:52:00,53,None,0,False,62
FL006364,2025-10-09,HEL,BCN,OH-A107,A350,2025-10-09 21:18:00,140,None,0,False,240
FL006365,2025-10-09,HEL,AMS,OH-A119,A350,2025-10-09 20:13:00,424,Late Aircraft,30,False,196
FL006366,2025-10-09,HEL,LHR,OH-A113,A350,2025-10-09 15:14:00,61,Crew,48,False,234
FL006367,2025-10-10,HEL,BKK,OH-A100,A350,2025-10-10 18:39:00,172,ATC,46,True,188
FL006368,2025-10-10,HEL,ARN,OH-A123,E190,2025-10-10 19:45:00,54,Weather,24,False,100
FL006369,2025-10-10,HEL,MAD,OH-A139,A350,2025-10-10 09:36:00,169,None,0,False,288
FL006370,2025-10-10,HEL,FCO,OH-A109,A320,2025-10-10 20:19:00,234,None,0,False,117
FL006371,2025-10-10,HEL,OSL,OH-A133,A320,2025-10-10 08:45:00,330,Weather,31,False,146
FL006372,2025-10-10,HEL,ARN,OH-A113,A350,2025-10-10 20:06:00,198,ATC,22,False,225
FL006373,2025-10-10,HEL,ARN,OH-A147,A321,2025-10-10 16:19:00,177,None,0,False,116
FL006374,2025-10-10,HEL,CPH,OH-A120,A350,2025-10-10 10:12:00,190,None,0,False,210
FL006375,2025-10-10,HEL,OSL,OH-A133,A320,2025-10-10 10:58:00,348,Weather,22,False,151
FL006376,2025-10-10,HEL,BKK,OH-A105,E190,2025-10-10 11:52:00,177,None,0,False,80
FL006377,2025-10-10,HEL,OSL,OH-A133,A320,2025-10-10 14:28:00,262,None,0,False,157
FL006378,2025-10-10,HEL,JFK,OH-A133,A320,2025-10-10 16:28:00,513,Technical,5,False,111
FL006379,2025-10-10,HEL,ARN,OH-A108,A321,2025-10-10 19:23:00,369,None,0,False,167
FL006380,2025-10-10,HEL,MAD,OH-A147,A321,2025-10-10 10:00:00,493,None,0,False,164
FL006381,2025-10-10,HEL,FRA,OH-A147,A321,2025-10-10 12:15:00,418,Technical,39,False,161
FL006382,2025-10-10,HEL,MUC,OH-A103,A350,2025-10-10 18:51:00,167,None,0,False,290
FL006383,2025-10-10,HEL,FCO,OH-A131,E190,2025-10-10 20:27:00,493,None,0,False,97
FL006384,2025-10-10,HEL,OSL,OH-A101,A320,2025-10-10 12:55:00,454,None,0,False,139
FL006385,2025-10-11,HEL,ARN,OH-A114,A320,2025-10-11 05:17:00,390,Ground Handling,17,False,173
FL006386,2025-10-11,HEL,ARN,OH-A100,A350,2025-10-11 06:39:00,273,None,0,False,293
FL006387,2025-10-11,HEL,NRT,OH-A125,A321,2025-10-11 11:44:00,106,Technical,5,False,125
FL006388,2025-10-11,HEL,LHR,OH-A120,A350,2025-10-11 08:55:00,290,None,0,True,231
FL006389,2025-10-11,HEL,BCN,OH-A100,A350,2025-10-11 11:46:00,507,None,0,False,172
FL006390,2025-10-11,HEL,BCN,OH-A120,A350,2025-10-11 12:34:00,308,None,0,False,249
FL006391,2025-10-11,HEL,FRA,OH-A118,A350,2025-10-11 21:49:00,307,None,0,False,281
FL006392,2025-10-11,HEL,FRA,OH-A139,A350,2025-10-11 09:31:00,312,None,0,False,187
FL006393,2025-10-11,HEL,MAD,OH-A125,A321,2025-10-11 15:28:00,133,None,0,False,158
FL006394,2025-10-11,HEL,LHR,OH-A112,A350,2025-10-11 17:56:00,565,None,0,False,194
FL006395,2025-10-11,HEL,OSL,OH-A144,A350,2025-10-11 21:44:00,541,None,0,False,273
FL006396,2025-10-11,HEL,BKK,OH-A133,A320,2025-10-11 18:17:00,466,ATC,56,False,99
FL006397,2025-10-11,HEL,ARN,OH-A102,E190,2025-10-11 14:15:00,159,None,0,False,95
FL006398,2025-10-11,HEL,OSL,OH-A128,A321,2025-10-11 11:57:00,469,None,0,False,198
FL006399,2025-10-11,HEL,FCO,OH-A115,A321,2025-10-11 18:20:00,259,None,0,False,196
FL006400,2025-10-11,HEL,MUC,OH-A119,A350,2025-10-11 14:07:00,402,Technical,75,False,180
FL006401,2025-10-11,HEL,CDG,OH-A137,A320,2025-10-11 10:56:00,409,None,0,False,154
FL006402,2025-10-11,HEL,CPH,OH-A106,A350,2025-10-11 06:45:00,273,None,0,False,263
FL006403,2025-10-11,HEL,AMS,OH-A131,E190,2025-10-11 18:57:00,566,None,0,False,59
FL006404,2025-10-11,HEL,ARN,OH-A142,A350,2025-10-11 09:27:00,553,Weather,32,False,206
FL006405,2025-10-11,HEL,MUC,OH-A121,A320,2025-10-11 19:33:00,130,None,0,False,149
FL006406,2025-10-11,HEL,FRA,OH-A112,A350,2025-10-11 12:40:00,341,None,0,False,232
FL006407,2025-10-11,HEL,NRT,OH-A105,E190,2025-10-11 19:26:00,463,ATC,9,False,73
FL006408,2025-10-11,HEL,JFK,OH-A144,A350,2025-10-11 13:29:00,451,None,0,False,272
FL006409,2025-10-11,HEL,FRA,OH-A112,A350,2025-10-11 15:25:00,370,None,0,False,192
FL006410,2025-10-11,HEL,MUC,OH-A108,A321,2025-10-11 06:18:00,511,None,0,False,181
FL006411,2025-10-11,HEL,MAD,OH-A147,A321,2025-10-11 14:29:00,334,None,0,False,116
FL006412,2025-10-12,HEL,MUC,OH-A116,A320,2025-10-12 13:17:00,259,None,0,False,130
FL006413,2025-10-12,HEL,OSL,OH-A111,E190,2025-10-12 19:58:00,477,Ground Handling,55,False,73
FL006414,2025-10-12,HEL,FRA,OH-A121,A320,2025-10-12 09:42:00,390,Ground Handling,11,False,138
FL006415,2025-10-12,HEL,AMS,OH-A146,A320,2025-10-12 16:20:00,387,Technical,23,True,142
FL006416,2025-10-12,HEL,MUC,OH-A108,A321,2025-10-12 07:03:00,484,None,0,False,182
FL006417,2025-10-12,HEL,CDG,OH-A141,A350,2025-10-12 08:42:00,566,None,0,False,262
FL006418,2025-10-12,HEL,NRT,OH-A112,A350,2025-10-12 07:01:00,453,None,0,False,286
FL006419,2025-10-12,HEL,BCN,OH-A136,A321,2025-10-12 17:44:00,264,Weather,64,False,151
FL006420,2025-10-12,HEL,BCN,OH-A104,A321,2025-10-12 08:16:00,463,None,0,False,137
FL006421,2025-10-12,HEL,JFK,OH-A109,A320,2025-10-12 06:25:00,174,None,0,False,115
FL006422,2025-10-12,HEL,ARN,OH-A137,A320,2025-10-12 15:04:00,415,None,0,False,150
FL006423,2025-10-12,HEL,LHR,OH-A121,A320,2025-10-12 15:43:00,561,Technical,25,False,145
FL006424,2025-10-12,HEL,OSL,OH-A136,A321,2025-10-12 19:33:00,333,Crew,58,False,133
FL006425,2025-10-12,HEL,BCN,OH-A114,A320,2025-10-12 08:10:00,121,Technical,41,False,146
FL006426,2025-10-12,HEL,CDG,OH-A100,A350,2025-10-12 16:44:00,193,Weather,38,False,280
FL006427,2025-10-12,HEL,MAD,OH-A108,A321,2025-10-12 17:22:00,329,Crew,47,False,153
FL006428,2025-10-12,HEL,BKK,OH-A119,A350,2025-10-12 12:18:00,448,None,0,False,225
FL006429,2025-10-12,HEL,AMS,OH-A102,E190,2025-10-12 09:43:00,420,None,0,False,85
FL006430,2025-10-12,HEL,CDG,OH-A137,A320,2025-10-12 12:05:00,241,None,0,False,114
FL006431,2025-10-12,HEL,FRA,OH-A136,A321,2025-10-12 06:29:00,406,ATC,5,False,187
FL006432,2025-10-12,HEL,FRA,OH-A111,E190,2025-10-12 06:32:00,388,Weather,5,False,68
FL006433,2025-10-12,HEL,AMS,OH-A121,A320,2025-10-12 09:27:00,405,None,0,False,115
FL006434,2025-10-13,HEL,ARN,OH-A147,A321,2025-10-13 14:18:00,372,None,0,False,175
FL006435,2025-10-13,HEL,ARN,OH-A130,A350,2025-10-13 16:11:00,542,None,0,False,290
FL006436,2025-10-13,HEL,FCO,OH-A108,A321,2025-10-13 10:32:00,423,ATC,11,False,126
FL006437,2025-10-13,HEL,MUC,OH-A142,A350,2025-10-13 12:40:00,172,Technical,91,False,258
FL006438,2025-10-13,HEL,OSL,OH-A118,A350,2025-10-13 06:49:00,394,Weather,87,False,243
FL006439,2025-10-13,HEL,LHR,OH-A130,A350,2025-10-13 20:41:00,438,None,0,False,185
FL006440,2025-10-13,HEL,MAD,OH-A113,A350,2025-10-13 06:03:00,461,Crew,20,False,215
FL006441,2025-10-13,HEL,JFK,OH-A121,A320,2025-10-13 12:55:00,141,None,0,False,164
FL006442,2025-10-13,HEL,NRT,OH-A113,A350,2025-10-13 06:26:00,105,None,0,False,270
FL006443,2025-10-13,HEL,LHR,OH-A101,A320,2025-10-13 13:00:00,142,None,0,False,123
FL006444,2025-10-13,HEL,JFK,OH-A146,A320,2025-10-13 19:05:00,46,None,0,False,174
FL006445,2025-10-13,HEL,AMS,OH-A126,A320,2025-10-13 20:50:00,209,Crew,37,False,115
FL006446,2025-10-13,HEL,CDG,OH-A107,A350,2025-10-13 15:11:00,477,Ground Handling,65,False,186
FL006447,2025-10-13,HEL,BCN,OH-A140,A320,2025-10-13 13:06:00,468,None,0,False,117
FL006448,2025-10-13,HEL,CPH,OH-A117,A321,2025-10-13 15:12:00,66,None,0,False,154
FL006449,2025-10-13,HEL,FRA,OH-A112,A350,2025-10-13 21:24:00,227,ATC,48,False,264
FL006450,2025-10-13,HEL,FRA,OH-A127,A321,2025-10-13 12:19:00,103,None,0,False,135
FL006451,2025-10-13,HEL,BCN,OH-A118,A350,2025-10-13 14:16:00,405,None,0,False,190
FL006452,2025-10-13,HEL,OSL,OH-A118,A350,2025-10-13 17:49:00,412,None,0,False,247
FL006453,2025-10-13,HEL,ARN,OH-A124,A350,2025-10-13 10:37:00,455,Ground Handling,86,False,285
FL006454,2025-10-13,HEL,AMS,OH-A144,A350,2025-10-13 14:03:00,349,None,0,False,214
FL006455,2025-10-14,HEL,OSL,OH-A145,A350,2025-10-14 14:16:00,530,None,0,False,167
FL006456,2025-10-14,HEL,BCN,OH-A134,A320,2025-10-14 07:56:00,469,None,0,False,166
FL006457,2025-10-14,HEL,BCN,OH-A137,A320,2025-10-14 16:40:00,211,None,0,False,173
FL006458,2025-10-14,HEL,JFK,OH-A131,E190,2025-10-14 20:07:00,493,None,0,False,71
FL006459,2025-10-14,HEL,JFK,OH-A123,E190,2025-10-14 16:40:00,585,Crew,73,False,85
FL006460,2025-10-14,HEL,ARN,OH-A111,E190,2025-10-14 21:59:00,354,None,0,False,83
FL006461,2025-10-14,HEL,AMS,OH-A102,E190,2025-10-14 19:58:00,195,None,0,False,87
FL006462,2025-10-14,HEL,JFK,OH-A130,A350,2025-10-14 15:24:00,339,None,0,False,242
FL006463,2025-10-14,HEL,BKK,OH-A102,E190,2025-10-14 18:57:00,276,Crew,53,False,81
FL006464,2025-10-14,HEL,CPH,OH-A118,A350,2025-10-14 19:53:00,197,None,0,False,239
FL006465,2025-10-14,HEL,FCO,OH-A138,A321,2025-10-14 16:43:00,180,None,0,False,156
FL006466,2025-10-14,HEL,LHR,OH-A134,A320,2025-10-14 05:15:00,385,None,0,False,142
FL006467,2025-10-14,HEL,JFK,OH-A146,A320,2025-10-14 08:37:00,339,None,0,False,161
FL006468,2025-10-14,HEL,FRA,OH-A123,E190,2025-10-14 20:17:00,469,Ground Handling,81,False,63
FL006469,2025-10-14,HEL,CPH,OH-A132,A321,2025-10-14 15:13:00,287,None,0,False,182
FL006470,2025-10-14,HEL,OSL,OH-A113,A350,2025-10-14 16:41:00,576,None,0,False,211
FL006471,2025-10-14,HEL,BKK,OH-A120,A350,2025-10-14 13:38:00,400,None,0,False,238
FL006472,2025-10-14,HEL,FCO,OH-A111,E190,2025-10-14 12:44:00,79,None,0,False,64
FL006473,2025-10-14,HEL,ARN,OH-A141,A350,2025-10-14 20:50:00,114,Technical,29,False,218
FL006474,2025-10-15,HEL,NRT,OH-A128,A321,2025-10-15 11:29:00,487,None,0,False,150
FL006475,2025-10-15,HEL,MAD,OH-A103,A350,2025-10-15 10:36:00,353,None,0,False,208
FL006476,2025-10-15,HEL,MUC,OH-A126,A320,2025-10-15 07:12:00,146,None,0,False,141
FL006477,2025-10-15,HEL,CDG,OH-A102,E190,2025-10-15 19:41:00,217,Weather,34,False,85
FL006478,2025-10-15,HEL,NRT,OH-A107,A350,2025-10-15 05:00:00,530,None,0,False,281
FL006479,2025-10-15,HEL,ARN,OH-A127,A321,2025-10-15 10:17:00,194,None,0,False,198
FL006480,2025-10-15,HEL,MAD,OH-A115,A321,2025-10-15 12:03:00,364,None,0,False,137
FL006481,2025-10-15,HEL,OSL,OH-A109,A320,2025-10-15 07:10:00,411,ATC,40,False,130
FL006482,2025-10-15,HEL,CDG,OH-A127,A321,2025-10-15 18:59:00,116,None,0,False,119
FL006483,2025-10-15,HEL,ARN,OH-A114,A320,2025-10-15 05:59:00,52,Technical,46,False,157
FL006484,2025-10-15,HEL,MUC,OH-A128,A321,2025-10-15 06:09:00,300,None,0,False,196
FL006485,2025-10-15,HEL,OSL,OH-A120,A350,2025-10-15 14:28:00,234,Weather,59,False,263
FL006486,2025-10-15,HEL,CPH,OH-A113,A350,2025-10-15 10:46:00,534,None,0,False,171
FL006487,2025-10-15,HEL,CDG,OH-A108,A321,2025-10-15 17:10:00,244,None,0,False,145
FL006488,2025-10-15,HEL,FRA,OH-A113,A350,2025-10-15 12:27:00,112,Weather,62,False,277
FL006489,2025-10-15,HEL,BKK,OH-A116,A320,2025-10-15 06:00:00,69,Crew,74,False,147
FL006490,2025-10-15,HEL,JFK,OH-A104,A321,2025-10-15 13:06:00,120,None,0,False,119
FL006491,2025-10-15,HEL,AMS,OH-A110,A320,2025-10-15 21:18:00,616,None,0,False,171
FL006492,2025-10-16,HEL,NRT,OH-A110,A320,2025-10-16 19:09:00,87,None,0,False,127
FL006493,2025-10-16,HEL,BCN,OH-A141,A350,2025-10-16 05:56:00,211,None,0,False,263
FL006494,2025-10-16,HEL,CPH,OH-A100,A350,2025-10-16 06:30:00,560,None,0,False,198
FL006495,2025-10-16,HEL,NRT,OH-A102,E190,2025-10-16 11:20:00,95,None,0,False,82
FL006496,2025-10-16,HEL,ARN,OH-A113,A350,2025-10-16 20:05:00,225,Technical,31,False,264
FL006497,2025-10-16,HEL,ARN,OH-A115,A321,2025-10-16 08:09:00,398,None,0,False,182
FL006498,2025-10-16,HEL,AMS,OH-A130,A350,2025-10-16 05:39:00,541,Weather,46,False,221
FL006499,2025-10-16,HEL,MUC,OH-A146,A320,2025-10-16 08:39:00,288,None,0,False,103
FL006500,2025-10-16,HEL,AMS,OH-A116,A320,2025-10-16 14:06:00,183,Late Aircraft,69,False,96
FL006501,2025-10-16,HEL,LHR,OH-A134,A320,2025-10-16 09:49:00,503,ATC,26,False,149
FL006502,2025-10-16,HEL,MAD,OH-A145,A350,2025-10-16 13:36:00,370,None,0,False,242
FL006503,2025-10-16,HEL,FRA,OH-A111,E190,2025-10-16 08:11:00,56,None,0,False,61
FL006504,2025-10-16,HEL,CPH,OH-A114,A320,2025-10-16 05:41:00,65,None,0,False,120
FL006505,2025-10-16,HEL,JFK,OH-A124,A350,2025-10-16 12:48:00,206,None,0,False,176
FL006506,2025-10-16,HEL,CDG,OH-A113,A350,2025-10-16 13:14:00,286,Crew,73,False,166
FL006507,2025-10-16,HEL,MAD,OH-A100,A350,2025-10-16 15:18:00,285,None,0,False,248
FL006508,2025-10-16,HEL,CDG,OH-A133,A320,2025-10-16 05:45:00,142,None,0,False,107
FL006509,2025-10-16,HEL,FCO,OH-A113,A350,2025-10-16 14:00:00,476,None,0,False,253
FL006510,2025-10-16,HEL,LHR,OH-A137,A320,2025-10-16 05:03:00,84,None,0,False,120
FL006511,2025-10-17,HEL,BKK,OH-A140,A320,2025-10-17 11:46:00,397,Weather,34,False,155
FL006512,2025-10-17,HEL,ARN,OH-A143,A321,2025-10-17 09:16:00,246,None,0,False,202
FL006513,2025-10-17,HEL,OSL,OH-A109,A320,2025-10-17 19:06:00,93,None,0,False,166
FL006514,2025-10-17,HEL,BCN,OH-A132,A321,2025-10-17 20:02:00,86,Weather,62,False,115
FL006515,2025-10-17,HEL,CDG,OH-A136,A321,2025-10-17 20:25:00,540,None,0,False,190
FL006516,2025-10-17,HEL,ARN,OH-A118,A350,2025-10-17 13:07:00,203,None,0,False,240
FL006517,2025-10-17,HEL,FRA,OH-A101,A320,2025-10-17 15:29:00,315,None,0,False,162
FL006518,2025-10-17,HEL,BCN,OH-A142,A350,2025-10-17 08:30:00,137,Weather,48,False,168
FL006519,2025-10-17,HEL,BKK,OH-A140,A320,2025-10-17 18:30:00,587,None,0,False,95
FL006520,2025-10-17,HEL,AMS,OH-A141,A350,2025-10-17 12:08:00,450,None,0,False,287
FL006521,2025-10-17,HEL,JFK,OH-A127,A321,2025-10-17 07:23:00,498,None,0,False,173
FL006522,2025-10-17,HEL,FRA,OH-A110,A320,2025-10-17 11:07:00,241,Weather,46,True,140
FL006523,2025-10-17,HEL,MAD,OH-A108,A321,2025-10-17 16:59:00,132,None,0,False,178
FL006524,2025-10-17,HEL,BKK,OH-A131,E190,2025-10-17 19:44:00,57,None,0,False,87
FL006525,2025-10-17,HEL,JFK,OH-A100,A350,2025-10-17 21:04:00,211,Technical,32,False,244
FL006526,2025-10-17,HEL,MAD,OH-A110,A320,2025-10-17 17:38:00,92,Technical,16,False,145
FL006527,2025-10-17,HEL,JFK,OH-A109,A320,2025-10-17 06:33:00,222,None,0,False,153
FL006528,2025-10-17,HEL,OSL,OH-A119,A350,2025-10-17 14:17:00,49,None,0,False,264
FL006529,2025-10-17,HEL,JFK,OH-A119,A350,2025-10-17 14:05:00,490,None,0,False,192
FL006530,2025-10-17,HEL,BKK,OH-A102,E190,2025-10-17 21:08:00,144,None,0,False,80
FL006531,2025-10-17,HEL,BKK,OH-A143,A321,2025-10-17 14:21:00,502,None,0,False,195
FL006532,2025-10-17,HEL,LHR,OH-A108,A321,2025-10-17 10:17:00,141,ATC,59,False,165
FL006533,2025-10-17,HEL,AMS,OH-A139,A350,2025-10-17 06:29:00,476,None,0,False,263
FL006534,2025-10-17,HEL,MAD,OH-A114,A320,2025-10-17 07:50:00,315,None,0,False,170
FL006535,2025-10-17,HEL,CPH,OH-A142,A350,2025-10-17 18:51:00,122,None,0,False,197
FL006536,2025-10-17,HEL,MAD,OH-A129,A350,2025-10-17 17:04:00,277,None,0,False,163
FL006537,2025-10-17,HEL,LHR,OH-A104,A321,2025-10-17 10:47:00,74,Weather,5,False,115
FL006538,2025-10-18,HEL,LHR,OH-A100,A350,2025-10-18 07:30:00,165,None,0,False,220
FL006539,2025-10-18,HEL,AMS,OH-A146,A320,2025-10-18 18:03:00,222,None,0,False,170
FL006540,2025-10-18,HEL,CDG,OH-A128,A321,2025-10-18 15:59:00,382,None,0,False,203
FL006541,2025-10-18,HEL,AMS,OH-A136,A321,2025-10-18 08:58:00,173,None,0,False,122
FL006542,2025-10-18,HEL,BKK,OH-A143,A321,2025-10-18 11:31:00,305,None,0,False,143
FL006543,2025-10-18,HEL,ARN,OH-A118,A350,2025-10-18 08:52:00,134,None,0,False,163
FL006544,2025-10-18,HEL,CPH,OH-A122,E190,2025-10-18 18:15:00,425,None,0,False,85
FL006545,2025-10-18,HEL,CDG,OH-A122,E190,2025-10-18 18:32:00,593,None,0,False,98
FL006546,2025-10-18,HEL,FCO,OH-A108,A321,2025-10-18 05:07:00,597,ATC,39,False,176
FL006547,2025-10-18,HEL,LHR,OH-A105,E190,2025-10-18 13:43:00,431,Weather,70,False,80
FL006548,2025-10-18,HEL,LHR,OH-A113,A350,2025-10-18 10:20:00,550,Ground Handling,23,False,199
FL006549,2025-10-18,HEL,FCO,OH-A129,A350,2025-10-18 08:04:00,507,Ground Handling,6,False,241
FL006550,2025-10-18,HEL,BCN,OH-A112,A350,2025-10-18 14:47:00,168,None,0,False,240
FL006551,2025-10-18,HEL,BCN,OH-A147,A321,2025-10-18 07:23:00,354,None,0,False,182
FL006552,2025-10-18,HEL,MAD,OH-A132,A321,2025-10-18 12:51:00,47,None,0,False,201
FL006553,2025-10-18,HEL,BCN,OH-A136,A321,2025-10-18 21:25:00,223,Crew,68,False,125
FL006554,2025-10-18,HEL,MUC,OH-A103,A350,2025-10-18 07:18:00,480,None,0,False,291
FL006555,2025-10-18,HEL,MUC,OH-A124,A350,2025-10-18 13:04:00,543,None,0,False,288
FL006556,2025-10-18,HEL,FCO,OH-A108,A321,2025-10-18 11:04:00,129,None,0,False,149
FL006557,2025-10-18,HEL,CDG,OH-A147,A321,2025-10-18 05:40:00,274,None,0,False,121
FL006558,2025-10-18,HEL,CDG,OH-A114,A320,2025-10-18 14:16:00,314,Late Aircraft,78,False,97
FL006559,2025-10-18,HEL,LHR,OH-A132,A321,2025-10-18 19:49:00,539,None,0,False,184
FL006560,2025-10-18,HEL,JFK,OH-A129,A350,2025-10-18 17:28:00,73,None,0,False,289
FL006561,2025-10-19,HEL,LHR,OH-A114,A320,2025-10-19 08:40:00,515,None,0,False,150
FL006562,2025-10-19,HEL,MAD,OH-A131,E190,2025-10-19 09:23:00,290,ATC,47,False,100
FL006563,2025-10-19,HEL,MAD,OH-A126,A320,2025-10-19 21:13:00,118,Ground Handling,43,False,135
FL006564,2025-10-19,HEL,OSL,OH-A107,A350,2025-10-19 12:58:00,223,None,0,False,226
FL006565,2025-10-19,HEL,JFK,OH-A130,A350,2025-10-19 08:08:00,155,Late Aircraft,5,False,185
FL006566,2025-10-19,HEL,OSL,OH-A138,A321,2025-10-19 14:28:00,502,None,0,False,122
FL006567,2025-10-19,HEL,FCO,OH-A113,A350,2025-10-19 07:50:00,154,Technical,29,False,215
FL006568,2025-10-19,HEL,FCO,OH-A146,A320,2025-10-19 21:54:00,591,Technical,44,False,170
FL006569,2025-10-19,HEL,BKK,OH-A138,A321,2025-10-19 12:39:00,374,None,0,False,146
FL006570,2025-10-19,HEL,MAD,OH-A121,A320,2025-10-19 09:30:00,433,None,0,False,126
FL006571,2025-10-19,HEL,CPH,OH-A126,A320,2025-10-19 10:58:00,302,None,0,False,147
FL006572,2025-10-19,HEL,BKK,OH-A113,A350,2025-10-19 13:05:00,600,None,0,False,289
FL006573,2025-10-19,HEL,AMS,OH-A140,A320,2025-10-19 06:23:00,135,Technical,56,False,107
FL006574,2025-10-19,HEL,FRA,OH-A139,A350,2025-10-19 14:23:00,254,None,0,False,225
FL006575,2025-10-19,HEL,NRT,OH-A109,A320,2025-10-19 12:36:00,573,Ground Handling,51,False,157
FL006576,2025-10-19,HEL,LHR,OH-A147,A321,2025-10-19 05:14:00,528,None,0,False,139
FL006577,2025-10-19,HEL,MAD,OH-A110,A320,2025-10-19 13:28:00,275,None,0,False,119
FL006578,2025-10-19,HEL,FCO,OH-A107,A350,2025-10-19 16:39:00,430,None,0,False,293
FL006579,2025-10-19,HEL,MUC,OH-A101,A320,2025-10-19 18:33:00,148,None,0,False,162
FL006580,2025-10-19,HEL,FCO,OH-A128,A321,2025-10-19 12:25:00,279,Crew,24,False,120
FL006581,2025-10-19,HEL,MAD,OH-A123,E190,2025-10-19 09:23:00,77,Weather,27,False,76
FL006582,2025-10-19,HEL,MUC,OH-A141,A350,2025-10-19 11:37:00,322,Crew,45,False,272
FL006583,2025-10-19,HEL,CPH,OH-A137,A320,2025-10-19 11:38:00,111,None,0,False,153
FL006584,2025-10-19,HEL,FCO,OH-A132,A321,2025-10-19 07:11:00,99,Ground Handling,40,False,182
FL006585,2025-10-19,HEL,JFK,OH-A114,A320,2025-10-19 12:22:00,453,None,0,False,168
FL006586,2025-10-20,HEL,LHR,OH-A127,A321,2025-10-20 15:38:00,302,None,0,False,207
FL006587,2025-10-20,HEL,CPH,OH-A144,A350,2025-10-20 06:37:00,291,None,0,False,172
FL006588,2025-10-20,HEL,LHR,OH-A142,A350,2025-10-20 13:31:00,543,Ground Handling,47,False,287
FL006589,2025-10-20,HEL,MAD,OH-A108,A321,2025-10-20 10:51:00,83,Crew,5,False,197
FL006590,2025-10-20,HEL,BKK,OH-A145,A350,2025-10-20 15:54:00,212,None,0,False,266
FL006591,2025-10-20,HEL,OSL,OH-A122,E190,2025-10-20 07:37:00,45,None,0,False,92
FL006592,2025-10-20,HEL,LHR,OH-A104,A321,2025-10-20 10:18:00,354,None,0,False,129
FL006593,2025-10-20,HEL,CPH,OH-A126,A320,2025-10-20 17:43:00,184,None,0,False,113
FL006594,2025-10-20,HEL,JFK,OH-A124,A350,2025-10-20 06:07:00,510,None,0,False,170
FL006595,2025-10-20,HEL,MUC,OH-A112,A350,2025-10-20 19:31:00,383,None,0,False,190
FL006596,2025-10-20,HEL,AMS,OH-A141,A350,2025-10-20 17:32:00,61,None,0,False,243
FL006597,2025-10-20,HEL,MAD,OH-A105,E190,2025-10-20 16:53:00,147,None,0,False,58
FL006598,2025-10-20,HEL,CPH,OH-A105,E190,2025-10-20 21:30:00,170,None,0,False,75
FL006599,2025-10-20,HEL,FCO,OH-A113,A350,2025-10-20 11:44:00,233,None,0,False,203
FL006600,2025-10-20,HEL,CPH,OH-A123,E190,2025-10-20 10:55:00,521,None,0,False,73
FL006601,2025-10-20,HEL,BCN,OH-A119,A350,2025-10-20 14:16:00,260,None,0,False,235
FL006602,2025-10-20,HEL,ARN,OH-A114,A320,2025-10-20 08:48:00,586,Technical,59,False,140
FL006603,2025-10-20,HEL,OSL,OH-A109,A320,2025-10-20 21:23:00,619,None,0,False,153
FL006604,2025-10-20,HEL,BCN,OH-A131,E190,2025-10-20 10:59:00,208,None,0,False,81
FL006605,2025-10-21,HEL,AMS,OH-A120,A350,2025-10-21 13:08:00,396,Weather,42,False,274
FL006606,2025-10-21,HEL,MAD,OH-A106,A350,2025-10-21 15:42:00,612,None,0,False,275
FL006607,2025-10-21,HEL,ARN,OH-A109,A320,2025-10-21 08:20:00,65,None,0,False,122
FL006608,2025-10-21,HEL,LHR,OH-A139,A350,2025-10-21 14:14:00,116,None,0,False,240
FL006609,2025-10-21,HEL,JFK,OH-A121,A320,2025-10-21 18:13:00,200,None,0,False,162
FL006610,2025-10-21,HEL,LHR,OH-A109,A320,2025-10-21 19:09:00,59,Technical,65,False,119
FL006611,2025-10-21,HEL,BKK,OH-A107,A350,2025-10-21 05:20:00,373,Technical,70,False,290
FL006612,2025-10-21,HEL,NRT,OH-A107,A350,2025-10-21 07:13:00,419,None,0,False,164
FL006613,2025-10-21,HEL,AMS,OH-A102,E190,2025-10-21 13:49:00,357,None,0,False,89
FL006614,2025-10-21,HEL,NRT,OH-A145,A350,2025-10-21 06:24:00,163,None,0,False,287
FL006615,2025-10-21,HEL,FCO,OH-A116,A320,2025-10-21 13:55:00,170,None,0,False,161
FL006616,2025-10-21,HEL,JFK,OH-A145,A350,2025-10-21 09:14:00,554,None,0,False,257
FL006617,2025-10-21,HEL,FRA,OH-A136,A321,2025-10-21 05:44:00,480,None,0,False,160
FL006618,2025-10-21,HEL,CPH,OH-A130,A350,2025-10-21 17:20:00,533,None,0,False,283
FL006619,2025-10-21,HEL,MUC,OH-A129,A350,2025-10-21 14:53:00,337,ATC,37,False,216
FL006620,2025-10-21,HEL,JFK,OH-A135,A321,2025-10-21 16:19:00,504,None,0,False,129
FL006621,2025-10-21,HEL,CPH,OH-A127,A321,2025-10-21 06:07:00,567,None,0,False,172
FL006622,2025-10-21,HEL,ARN,OH-A144,A350,2025-10-21 16:42:00,461,Crew,10,False,227
FL006623,2025-10-21,HEL,JFK,OH-A124,A350,2025-10-21 13:08:00,106,Weather,73,False,283
FL006624,2025-10-21,HEL,BCN,OH-A123,E190,2025-10-21 18:08:00,589,None,0,False,71
FL006625,2025-10-21,HEL,MUC,OH-A114,A320,2025-10-21 05:55:00,249,None,0,False,166
FL006626,2025-10-21,HEL,MAD,OH-A108,A321,2025-10-21 20:19:00,367,None,0,False,173
FL006627,2025-10-21,HEL,MAD,OH-A123,E190,2025-10-21 08:47:00,348,None,0,False,68
FL006628,2025-10-22,HEL,MUC,OH-A141,A350,2025-10-22 17:40:00,560,Weather,49,False,232
FL006629,2025-10-22,HEL,LHR,OH-A125,A321,2025-10-22 13:13:00,240,None,0,False,167
FL006630,2025-10-22,HEL,CDG,OH-A106,A350,2025-10-22 21:32:00,184,None,0,False,169
FL006631,2025-10-22,HEL,MUC,OH-A106,A350,2025-10-22 15:05:00,465,None,0,False,205
FL006632,2025-10-22,HEL,ARN,OH-A145,A350,2025-10-22 05:29:00,302,None,0,False,248
FL006633,2025-10-22,HEL,OSL,OH-A110,A320,2025-10-22 08:05:00,471,None,0,False,135
FL006634,2025-10-22,HEL,AMS,OH-A120,A350,2025-10-22 18:16:00,469,Technical,90,False,247
FL006635,2025-10-22,HEL,ARN,OH-A139,A350,2025-10-22 05:15:00,365,None,0,False,167
FL006636,2025-10-22,HEL,CPH,OH-A110,A320,2025-10-22 21:07:00,198,None,0,False,131
FL006637,2025-10-22,HEL,ARN,OH-A107,A350,2025-10-22 14:41:00,199,Crew,27,False,209
FL006638,2025-10-22,HEL,JFK,OH-A121,A320,2025-10-22 20:27:00,405,Crew,14,False,130
FL006639,2025-10-22,HEL,CPH,OH-A109,A320,2025-10-22 13:20:00,216,None,0,False,112
FL006640,2025-10-22,HEL,OSL,OH-A147,A321,2025-10-22 18:00:00,56,None,0,False,207
FL006641,2025-10-22,HEL,JFK,OH-A117,A321,2025-10-22 07:56:00,61,Crew,38,False,187
FL006642,2025-10-22,HEL,FRA,OH-A101,A320,2025-10-22 09:50:00,613,None,0,False,146
FL006643,2025-10-22,HEL,FRA,OH-A111,E190,2025-10-22 06:50:00,112,None,0,False,80
FL006644,2025-10-22,HEL,MAD,OH-A121,A320,2025-10-22 07:45:00,142,None,0,False,147
FL006645,2025-10-22,HEL,BCN,OH-A117,A321,2025-10-22 12:50:00,230,None,0,False,124
FL006646,2025-10-22,HEL,AMS,OH-A112,A350,2025-10-22 12:30:00,278,Weather,17,False,204
FL006647,2025-10-22,HEL,NRT,OH-A118,A350,2025-10-22 14:23:00,246,Crew,5,False,238
FL006648,2025-10-22,HEL,LHR,OH-A101,A320,2025-10-22 20:13:00,286,None,0,False,155
FL006649,2025-10-22,HEL,OSL,OH-A125,A321,2025-10-22 21:19:00,229,None,0,False,132
FL006650,2025-10-22,HEL,MUC,OH-A146,A320,2025-10-22 18:44:00,322,None,0,False,111
FL006651,2025-10-23,HEL,AMS,OH-A114,A320,2025-10-23 12:25:00,244,None,0,True,155
FL006652,2025-10-23,HEL,BKK,OH-A118,A350,2025-10-23 06:51:00,126,None,0,False,174
FL006653,2025-10-23,HEL,MAD,OH-A112,A350,2025-10-23 15:51:00,601,None,0,False,254
FL006654,2025-10-23,HEL,ARN,OH-A145,A350,2025-10-23 09:39:00,296,ATC,48,False,264
FL006655,2025-10-23,HEL,FRA,OH-A120,A350,2025-10-23 11:20:00,78,ATC,34,False,261
FL006656,2025-10-23,HEL,FCO,OH-A138,A321,2025-10-23 07:36:00,164,None,0,False,117
FL006657,2025-10-23,HEL,FRA,OH-A131,E190,2025-10-23 21:20:00,75,None,0,False,80
FL006658,2025-10-23,HEL,BCN,OH-A106,A350,2025-10-23 21:02:00,453,None,0,False,165
FL006659,2025-10-23,HEL,MUC,OH-A129,A350,2025-10-23 10:34:00,353,Weather,32,False,227
FL006660,2025-10-23,HEL,BKK,OH-A119,A350,2025-10-23 20:53:00,506,None,0,False,276
FL006661,2025-10-23,HEL,MAD,OH-A139,A350,2025-10-23 07:10:00,505,Weather,16,False,236
FL006662,2025-10-23,HEL,MUC,OH-A134,A320,2025-10-23 12:21:00,350,None,0,False,160
FL006663,2025-10-23,HEL,BKK,OH-A102,E190,2025-10-23 06:57:00,482,Crew,36,False,90
FL006664,2025-10-23,HEL,LHR,OH-A101,A320,2025-10-23 19:47:00,113,None,0,False,125
FL006665,2025-10-23,HEL,FCO,OH-A106,A350,2025-10-23 14:30:00,506,None,0,False,191
FL006666,2025-10-23,HEL,FCO,OH-A131,E190,2025-10-23 15:26:00,471,None,0,False,99
FL006667,2025-10-23,HEL,AMS,OH-A137,A320,2025-10-23 09:57:00,535,Technical,38,False,102
FL006668,2025-10-23,HEL,BKK,OH-A105,E190,2025-10-23 13:26:00,385,None,0,False,90
FL006669,2025-10-23,HEL,CDG,OH-A100,A350,2025-10-23 11:44:00,534,Ground Handling,62,False,270
FL006670,2025-10-23,HEL,NRT,OH-A137,A320,2025-10-23 12:41:00,378,Late Aircraft,33,False,159
FL006671,2025-10-23,HEL,ARN,OH-A135,A321,2025-10-23 15:27:00,187,Late Aircraft,5,False,190
FL006672,2025-10-23,HEL,CDG,OH-A125,A321,2025-10-23 21:24:00,199,ATC,16,False,153
FL006673,2025-10-24,HEL,BKK,OH-A115,A321,2025-10-24 13:43:00,126,None,0,False,144
FL006674,2025-10-24,HEL,BKK,OH-A140,A320,2025-10-24 16:26:00,433,Weather,14,False,166
FL006675,2025-10-24,HEL,JFK,OH-A115,A321,2025-10-24 07:49:00,465,None,0,False,118
FL006676,2025-10-24,HEL,NRT,OH-A129,A350,2025-10-24 12:43:00,412,None,0,False,275
FL006677,2025-10-24,HEL,NRT,OH-A134,A320,2025-10-24 21:08:00,341,None,0,False,168
FL006678,2025-10-24,HEL,MUC,OH-A107,A350,2025-10-24 21:28:00,246,None,0,False,192
FL006679,2025-10-24,HEL,NRT,OH-A101,A320,2025-10-24 14:50:00,262,None,0,False,109
FL006680,2025-10-24,HEL,FCO,OH-A101,A320,2025-10-24 07:47:00,160,ATC,78,False,99
FL006681,2025-10-24,HEL,AMS,OH-A114,A320,2025-10-24 17:55:00,72,None,0,False,147
FL006682,2025-10-24,HEL,NRT,OH-A107,A350,2025-10-24 17:42:00,427,None,0,False,215
FL006683,2025-10-24,HEL,ARN,OH-A143,A321,2025-10-24 13:34:00,592,Weather,43,False,130
FL006684,2025-10-24,HEL,CPH,OH-A128,A321,2025-10-24 05:22:00,130,Weather,37,False,174
FL006685,2025-10-24,HEL,OSL,OH-A117,A321,2025-10-24 08:16:00,484,None,0,False,129
FL006686,2025-10-24,HEL,MUC,OH-A105,E190,2025-10-24 08:17:00,236,None,0,False,55
FL006687,2025-10-24,HEL,CPH,OH-A113,A350,2025-10-24 20:34:00,346,Technical,29,False,251
FL006688,2025-10-24,HEL,LHR,OH-A117,A321,2025-10-24 15:45:00,249,None,0,False,165
FL006689,2025-10-24,HEL,LHR,OH-A111,E190,2025-10-24 10:12:00,352,Weather,69,False,66
FL006690,2025-10-24,HEL,LHR,OH-A145,A350,2025-10-24 18:52:00,87,Ground Handling,11,False,208
FL006691,2025-10-24,HEL,ARN,OH-A112,A350,2025-10-24 08:31:00,392,None,0,False,252
FL006692,2025-10-24,HEL,LHR,OH-A104,A321,2025-10-24 12:06:00,222,None,0,False,137
FL006693,2025-10-24,HEL,LHR,OH-A100,A350,2025-10-24 12:31:00,465,None,0,False,243
FL006694,2025-10-24,HEL,FCO,OH-A147,A321,2025-10-24 07:19:00,286,Ground Handling,15,False,131
FL006695,2025-10-24,HEL,BCN,OH-A147,A321,2025-10-24 19:43:00,398,ATC,30,False,191
FL006696,2025-10-25,HEL,LHR,OH-A140,A320,2025-10-25 20:06:00,83,None,0,False,172
FL006697,2025-10-25,HEL,OSL,OH-A109,A320,2025-10-25 20:00:00,418,None,0,False,134
FL006698,2025-10-25,HEL,MAD,OH-A101,A320,2025-10-25 10:58:00,246,Crew,39,False,97
FL006699,2025-10-25,HEL,FCO,OH-A115,A321,2025-10-25 17:17:00,375,None,0,False,172
FL006700,2025-10-25,HEL,ARN,OH-A135,A321,2025-10-25 14:41:00,302,Technical,93,False,202
FL006701,2025-10-25,HEL,FRA,OH-A132,A321,2025-10-25 19:02:00,58,None,0,False,144
FL006702,2025-10-25,HEL,AMS,OH-A108,A321,2025-10-25 19:59:00,101,None,0,False,163
FL006703,2025-10-25,HEL,JFK,OH-A122,E190,2025-10-25 17:38:00,333,None,0,False,60
FL006704,2025-10-25,HEL,NRT,OH-A144,A350,2025-10-25 21:04:00,385,None,0,False,288
FL006705,2025-10-25,HEL,CPH,OH-A101,A320,2025-10-25 20:27:00,153,None,0,False,145
FL006706,2025-10-25,HEL,BCN,OH-A102,E190,2025-10-25 10:35:00,471,None,0,False,86
FL006707,2025-10-25,HEL,FCO,OH-A132,A321,2025-10-25 12:39:00,131,Technical,33,False,165
FL006708,2025-10-25,HEL,LHR,OH-A109,A320,2025-10-25 06:26:00,452,None,0,False,155
FL006709,2025-10-25,HEL,BKK,OH-A131,E190,2025-10-25 15:48:00,333,Weather,11,False,81
FL006710,2025-10-25,HEL,NRT,OH-A104,A321,2025-10-25 14:29:00,131,ATC,57,False,151
FL006711,2025-10-25,HEL,OSL,OH-A104,A321,2025-10-25 16:45:00,473,None,0,False,132
FL006712,2025-10-25,HEL,ARN,OH-A112,A350,2025-10-25 08:58:00,323,ATC,34,False,284
FL006713,2025-10-25,HEL,BCN,OH-A132,A321,2025-10-25 19:16:00,212,None,0,False,136
FL006714,2025-10-25,HEL,NRT,OH-A134,A320,2025-10-25 09:43:00,189,None,0,False,124
FL006715,2025-10-25,HEL,MAD,OH-A126,A320,2025-10-25 12:17:00,256,Crew,33,False,168
FL006716,2025-10-25,HEL,FCO,OH-A142,A350,2025-10-25 13:36:00,63,None,0,False,225
FL006717,2025-10-25,HEL,FCO,OH-A111,E190,2025-10-25 12:57:00,249,Crew,5,False,97
FL006718,2025-10-25,HEL,OSL,OH-A111,E190,2025-10-25 07:31:00,173,None,0,False,97
FL006719,2025-10-25,HEL,ARN,OH-A134,A320,2025-10-25 05:23:00,295,Crew,56,False,140
FL006720,2025-10-25,HEL,ARN,OH-A128,A321,2025-10-25 17:48:00,533,None,0,False,159
FL006721,2025-10-25,HEL,BKK,OH-A121,A320,2025-10-25 09:11:00,521,None,0,False,144
FL006722,2025-10-25,HEL,BKK,OH-A136,A321,2025-10-25 11:02:00,540,None,0,False,132
FL006723,2025-10-26,HEL,CPH,OH-A137,A320,2025-10-26 13:46:00,501,ATC,20,False,95
FL006724,2025-10-26,HEL,ARN,OH-A101,A320,2025-10-26 18:11:00,80,ATC,50,False,167
FL006725,2025-10-26,HEL,CDG,OH-A117,A321,2025-10-26 13:32:00,445,Technical,35,False,163
FL006726,2025-10-26,HEL,AMS,OH-A100,A350,2025-10-26 11:21:00,239,None,0,False,265
FL006727,2025-10-26,HEL,FCO,OH-A100,A350,2025-10-26 17:59:00,238,None,0,False,254
FL006728,2025-10-26,HEL,FRA,OH-A124,A350,2025-10-26 18:26:00,282,None,0,False,248
FL006729,2025-10-26,HEL,LHR,OH-A130,A350,2025-10-26 12:33:00,562,None,0,False,242
FL006730,2025-10-26,HEL,CPH,OH-A134,A320,2025-10-26 08:20:00,378,Weather,34,False,161
FL006731,2025-10-26,HEL,JFK,OH-A110,A320,2025-10-26 06:55:00,344,None,0,False,140
FL006732,2025-10-26,HEL,MUC,OH-A114,A320,2025-10-26 06:16:00,585,None,0,False,112
FL006733,2025-10-26,HEL,BKK,OH-A128,A321,2025-10-26 09:47:00,194,None,0,False,199
FL006734,2025-10-26,HEL,CDG,OH-A112,A350,2025-10-26 17:36:00,530,None,0,False,197
FL006735,2025-10-26,HEL,LHR,OH-A120,A350,2025-10-26 10:22:00,544,None,0,False,258
FL006736,2025-10-26,HEL,LHR,OH-A120,A350,2025-10-26 16:18:00,281,None,0,False,278
FL006737,2025-10-26,HEL,AMS,OH-A112,A350,2025-10-26 12:47:00,421,None,0,False,274
FL006738,2025-10-26,HEL,CPH,OH-A134,A320,2025-10-26 17:34:00,215,Weather,22,False,129
FL006739,2025-10-26,HEL,CPH,OH-A141,A350,2025-10-26 10:31:00,465,None,0,False,239
FL006740,2025-10-26,HEL,JFK,OH-A123,E190,2025-10-26 12:14:00,400,None,0,False,57
FL006741,2025-10-26,HEL,MAD,OH-A105,E190,2025-10-26 10:02:00,202,ATC,39,False,62
FL006742,2025-10-26,HEL,MUC,OH-A101,A320,2025-10-26 20:30:00,464,Crew,59,False,118
FL006743,2025-10-26,HEL,FRA,OH-A113,A350,2025-10-26 16:11:00,548,Technical,89,False,229
FL006744,2025-10-26,HEL,FRA,OH-A119,A350,2025-10-26 17:19:00,115,Weather,5,False,258
FL006745,2025-10-26,HEL,BCN,OH-A105,E190,2025-10-26 07:41:00,468,None,0,False,91
FL006746,2025-10-26,HEL,CDG,OH-A136,A321,2025-10-26 18:08:00,451,ATC,59,False,172
FL006747,2025-10-26,HEL,FCO,OH-A128,A321,2025-10-26 11:58:00,290,None,0,False,145
FL006748,2025-10-26,HEL,ARN,OH-A119,A350,2025-10-26 13:02:00,466,None,0,False,279
FL006749,2025-10-27,HEL,FRA,OH-A113,A350,2025-10-27 16:42:00,184,None,0,False,256
FL006750,2025-10-27,HEL,NRT,OH-A141,A350,2025-10-27 17:20:00,79,None,0,False,238
FL006751,2025-10-27,HEL,MAD,OH-A131,E190,2025-10-27 11:29:00,202,None,0,False,100
FL006752,2025-10-27,HEL,CPH,OH-A118,A350,2025-10-27 08:16:00,526,Technical,64,False,297
FL006753,2025-10-27,HEL,FRA,OH-A138,A321,2025-10-27 11:55:00,149,None,0,False,187
FL006754,2025-10-27,HEL,NRT,OH-A144,A350,2025-10-27 11:15:00,543,Weather,22,False,258
FL006755,2025-10-27,HEL,CDG,OH-A131,E190,2025-10-27 19:15:00,191,None,0,False,63
FL006756,2025-10-27,HEL,MUC,OH-A100,A350,2025-10-27 17:27:00,447,None,0,False,276
FL006757,2025-10-27,HEL,CDG,OH-A127,A321,2025-10-27 17:07:00,474,None,0,False,208
FL006758,2025-10-27,HEL,OSL,OH-A109,A320,2025-10-27 19:28:00,413,ATC,41,False,156
FL006759,2025-10-27,HEL,NRT,OH-A115,A321,2025-10-27 05:48:00,287,None,0,False,182
FL006760,2025-10-27,HEL,LHR,OH-A102,E190,2025-10-27 15:46:00,474,ATC,28,False,93
FL006761,2025-10-27,HEL,BCN,OH-A100,A350,2025-10-27 10:27:00,419,Weather,80,False,274
FL006762,2025-10-27,HEL,CDG,OH-A144,A350,2025-10-27 13:16:00,214,Late Aircraft,22,False,217
FL006763,2025-10-27,HEL,BCN,OH-A142,A350,2025-10-27 16:29:00,280,None,0,False,279
FL006764,2025-10-27,HEL,JFK,OH-A130,A350,2025-10-27 21:58:00,285,None,0,False,248
FL006765,2025-10-27,HEL,MUC,OH-A106,A350,2025-10-27 15:14:00,531,None,0,False,233
FL006766,2025-10-27,HEL,OSL,OH-A123,E190,2025-10-27 18:38:00,168,Technical,48,True,75
FL006767,2025-10-28,HEL,CPH,OH-A116,A320,2025-10-28 09:42:00,100,Technical,5,False,109
FL006768,2025-10-28,HEL,MAD,OH-A131,E190,2025-10-28 05:26:00,328,None,0,False,75
FL006769,2025-10-28,HEL,ARN,OH-A114,A320,2025-10-28 21:07:00,615,None,0,False,98
FL006770,2025-10-28,HEL,OSL,OH-A103,A350,2025-10-28 09:45:00,289,None,0,False,295
FL006771,2025-10-28,HEL,LHR,OH-A139,A350,2025-10-28 17:37:00,122,None,0,False,190
FL006772,2025-10-28,HEL,BCN,OH-A129,A350,2025-10-28 14:57:00,283,None,0,False,202
FL006773,2025-10-28,HEL,AMS,OH-A135,A321,2025-10-28 17:44:00,526,None,0,False,201
FL006774,2025-10-28,HEL,FCO,OH-A104,A321,2025-10-28 12:24:00,398,None,0,False,166
FL006775,2025-10-28,HEL,FCO,OH-A135,A321,2025-10-28 17:14:00,422,None,0,False,195
FL006776,2025-10-28,HEL,AMS,OH-A122,E190,2025-10-28 09:09:00,480,Late Aircraft,14,False,97
FL006777,2025-10-28,HEL,ARN,OH-A106,A350,2025-10-28 10:55:00,489,None,0,False,274
FL006778,2025-10-28,HEL,BKK,OH-A141,A350,2025-10-28 08:18:00,561,None,0,False,193
FL006779,2025-10-28,HEL,CDG,OH-A134,A320,2025-10-28 15:01:00,271,None,0,False,139
FL006780,2025-10-28,HEL,MUC,OH-A135,A321,2025-10-28 11:31:00,115,None,0,False,192
FL006781,2025-10-28,HEL,BKK,OH-A105,E190,2025-10-28 05:54:00,249,None,0,False,85
FL006782,2025-10-28,HEL,MAD,OH-A103,A350,2025-10-28 08:41:00,216,Weather,33,False,163
FL006783,2025-10-28,HEL,BCN,OH-A127,A321,2025-10-28 06:27:00,357,Ground Handling,32,False,114
FL006784,2025-10-28,HEL,CDG,OH-A125,A321,2025-10-28 05:12:00,234,Crew,13,False,168
FL006785,2025-10-28,HEL,JFK,OH-A140,A320,2025-10-28 19:39:00,130,None,0,False,152
FL006786,2025-10-28,HEL,OSL,OH-A110,A320,2025-10-28 08:56:00,134,Late Aircraft,14,False,145
FL006787,2025-10-28,HEL,FRA,OH-A108,A321,2025-10-28 10:56:00,519,None,0,False,197
FL006788,2025-10-29,HEL,MAD,OH-A140,A320,2025-10-29 21:53:00,296,None,0,False,165
FL006789,2025-10-29,HEL,CPH,OH-A114,A320,2025-10-29 21:14:00,248,Weather,5,False,149
FL006790,2025-10-29,HEL,CPH,OH-A120,A350,2025-10-29 11:36:00,519,None,0,False,188
FL006791,2025-10-29,HEL,AMS,OH-A107,A350,2025-10-29 20:15:00,478,None,0,False,166
FL006792,2025-10-29,HEL,JFK,OH-A136,A321,2025-10-29 07:40:00,48,Crew,23,False,205
FL006793,2025-10-29,HEL,CDG,OH-A134,A320,2025-10-29 10:51:00,134,None,0,False,139
FL006794,2025-10-29,HEL,AMS,OH-A102,E190,2025-10-29 09:02:00,128,None,0,False,87
FL006795,2025-10-29,HEL,BKK,OH-A108,A321,2025-10-29 10:26:00,138,None,0,False,138
FL006796,2025-10-29,HEL,LHR,OH-A121,A320,2025-10-29 09:40:00,619,None,0,False,121
FL006797,2025-10-29,HEL,AMS,OH-A133,A320,2025-10-29 16:45:00,230,None,0,False,165
FL006798,2025-10-29,HEL,JFK,OH-A133,A320,2025-10-29 12:53:00,426,None,0,False,110
FL006799,2025-10-29,HEL,MUC,OH-A101,A320,2025-10-29 14:18:00,345,None,0,False,126
FL006800,2025-10-29,HEL,CPH,OH-A105,E190,2025-10-29 07:23:00,336,Crew,69,False,82
FL006801,2025-10-29,HEL,LHR,OH-A110,A320,2025-10-29 19:19:00,187,None,0,False,105
FL006802,2025-10-29,HEL,BKK,OH-A104,A321,2025-10-29 18:04:00,484,Weather,75,False,134
FL006803,2025-10-29,HEL,JFK,OH-A139,A350,2025-10-29 14:00:00,232,None,0,False,226
FL006804,2025-10-29,HEL,BKK,OH-A146,A320,2025-10-29 09:28:00,370,None,0,False,127
FL006805,2025-10-29,HEL,FRA,OH-A143,A321,2025-10-29 13:20:00,258,None,0,False,131
FL006806,2025-10-29,HEL,BCN,OH-A118,A350,2025-10-29 18:48:00,345,Crew,37,False,285
FL006807,2025-10-29,HEL,CPH,OH-A136,A321,2025-10-29 14:45:00,555,None,0,False,144
FL006808,2025-10-29,HEL,MAD,OH-A115,A321,2025-10-29 08:24:00,357,None,0,False,114
FL006809,2025-10-29,HEL,MUC,OH-A131,E190,2025-10-29 09:13:00,141,None,0,False,61
FL006810,2025-10-29,HEL,ARN,OH-A141,A350,2025-10-29 12:01:00,83,Ground Handling,25,False,174
FL006811,2025-10-30,HEL,BCN,OH-A101,A320,2025-10-30 07:54:00,319,Technical,7,False,126
FL006812,2025-10-30,HEL,FRA,OH-A123,E190,2025-10-30 12:44:00,259,Late Aircraft,75,False,58
FL006813,2025-10-30,HEL,OSL,OH-A129,A350,2025-10-30 17:29:00,394,None,0,False,268
FL006814,2025-10-30,HEL,MUC,OH-A126,A320,2025-10-30 14:58:00,447,None,0,False,113
FL006815,2025-10-30,HEL,OSL,OH-A125,A321,2025-10-30 11:39:00,507,Ground Handling,35,False,199
FL006816,2025-10-30,HEL,FCO,OH-A124,A350,2025-10-30 05:19:00,433,ATC,5,False,213
FL006817,2025-10-30,HEL,CPH,OH-A113,A350,2025-10-30 16:33:00,78,ATC,90,False,186
FL006818,2025-10-30,HEL,JFK,OH-A121,A320,2025-10-30 20:46:00,204,None,0,False,143
FL006819,2025-10-30,HEL,BKK,OH-A123,E190,2025-10-30 17:17:00,601,Weather,46,False,68
FL006820,2025-10-30,HEL,FCO,OH-A104,A321,2025-10-30 08:43:00,282,Technical,49,False,166
FL006821,2025-10-30,HEL,BCN,OH-A136,A321,2025-10-30 10:03:00,112,None,0,False,205
FL006822,2025-10-30,HEL,FRA,OH-A133,A320,2025-10-30 08:43:00,88,None,0,False,118
FL006823,2025-10-30,HEL,MUC,OH-A123,E190,2025-10-30 06:29:00,479,None,0,False,57
FL006824,2025-10-30,HEL,MUC,OH-A123,E190,2025-10-30 19:42:00,533,None,0,False,90
FL006825,2025-10-30,HEL,NRT,OH-A139,A350,2025-10-30 12:03:00,121,None,0,False,230
FL006826,2025-10-30,HEL,CPH,OH-A116,A320,2025-10-30 12:49:00,517,Late Aircraft,37,False,127
FL006827,2025-10-30,HEL,BCN,OH-A113,A350,2025-10-30 20:06:00,49,Weather,90,False,234
FL006828,2025-10-30,HEL,MUC,OH-A138,A321,2025-10-30 09:25:00,486,None,0,False,163
FL006829,2025-10-30,HEL,LHR,OH-A135,A321,2025-10-30 16:54:00,329,Crew,26,False,138
FL006830,2025-10-30,HEL,AMS,OH-A119,A350,2025-10-30 21:05:00,492,None,0,False,245
FL006831,2025-10-30,HEL,FRA,OH-A106,A350,2025-10-30 20:21:00,444,None,0,False,223
FL006832,2025-10-31,HEL,MAD,OH-A128,A321,2025-10-31 06:47:00,80,None,0,False,185
FL006833,2025-10-31,HEL,FCO,OH-A146,A320,2025-10-31 12:00:00,593,Crew,5,False,129
FL006834,2025-10-31,HEL,ARN,OH-A139,A350,2025-10-31 07:45:00,117,Late Aircraft,88,False,294
FL006835,2025-10-31,HEL,AMS,OH-A118,A350,2025-10-31 21:04:00,553,None,0,False,202
FL006836,2025-10-31,HEL,LHR,OH-A123,E190,2025-10-31 11:28:00,298,None,0,False,91
FL006837,2025-10-31,HEL,JFK,OH-A147,A321,2025-10-31 18:44:00,316,Crew,39,False,189
FL006838,2025-10-31,HEL,MAD,OH-A124,A350,2025-10-31 16:30:00,136,Crew,64,False,178
FL006839,2025-10-31,HEL,MUC,OH-A143,A321,2025-10-31 12:07:00,133,Late Aircraft,32,False,165
FL006840,2025-10-31,HEL,LHR,OH-A102,E190,2025-10-31 17:01:00,357,Technical,5,False,73
FL006841,2025-10-31,HEL,FRA,OH-A125,A321,2025-10-31 12:34:00,133,None,0,False,197
FL006842,2025-10-31,HEL,BKK,OH-A139,A350,2025-10-31 06:14:00,302,None,0,False,274
FL006843,2025-10-31,HEL,BKK,OH-A145,A350,2025-10-31 21:47:00,273,Ground Handling,43,False,222
FL006844,2025-10-31,HEL,OSL,OH-A113,A350,2025-10-31 13:05:00,513,None,0,False,228
FL006845,2025-10-31,HEL,FRA,OH-A115,A321,2025-10-31 11:35:00,164,None,0,False,149
FL006846,2025-10-31,HEL,FCO,OH-A118,A350,2025-10-31 05:49:00,281,None,0,False,233
FL006847,2025-10-31,HEL,CDG,OH-A143,A321,2025-10-31 12:20:00,273,None,0,False,191
FL006848,2025-10-31,HEL,BKK,OH-A123,E190,2025-10-31 14:26:00,562,None,0,False,59
FL006849,2025-10-31,HEL,FRA,OH-A102,E190,2025-10-31 17:49:00,400,None,0,False,93
FL006850,2025-10-31,HEL,CDG,OH-A128,A321,2025-10-31 14:51:00,252,None,0,False,195
FL006851,2025-10-31,HEL,BKK,OH-A130,A350,2025-10-31 20:44:00,237,None,0,False,254
FL006852,2025-11-01,HEL,BKK,OH-A105,E190,2025-11-01 06:55:00,48,ATC,46,False,87
FL006853,2025-11-01,HEL,AMS,OH-A134,A320,2025-11-01 09:44:00,572,None,0,False,137
FL006854,2025-11-01,HEL,BCN,OH-A144,A350,2025-11-01 13:25:00,223,None,0,False,288
FL006855,2025-11-01,HEL,ARN,OH-A136,A321,2025-11-01 05:06:00,395,None,0,False,141
FL006856,2025-11-01,HEL,OSL,OH-A116,A320,2025-11-01 11:52:00,265,Ground Handling,46,False,122
FL006857,2025-11-01,HEL,LHR,OH-A127,A321,2025-11-01 14:20:00,147,None,0,False,190
FL006858,2025-11-01,HEL,ARN,OH-A146,A320,2025-11-01 06:56:00,81,None,0,False,118
FL006859,2025-11-01,HEL,NRT,OH-A147,A321,2025-11-01 19:56:00,200,Ground Handling,44,False,169
FL006860,2025-11-01,HEL,BCN,OH-A106,A350,2025-11-01 13:55:00,599,None,0,False,243
FL006861,2025-11-01,HEL,JFK,OH-A118,A350,2025-11-01 12:32:00,159,None,0,False,238
FL006862,2025-11-01,HEL,CDG,OH-A111,E190,2025-11-01 07:57:00,306,None,0,False,90
FL006863,2025-11-01,HEL,CPH,OH-A133,A320,2025-11-01 18:19:00,128,None,0,False,109
FL006864,2025-11-01,HEL,CDG,OH-A134,A320,2025-11-01 13:32:00,289,ATC,37,False,97
FL006865,2025-11-01,HEL,ARN,OH-A117,A321,2025-11-01 08:49:00,82,None,0,False,138
FL006866,2025-11-01,HEL,CDG,OH-A132,A321,2025-11-01 09:18:00,374,Crew,50,False,166
FL006867,2025-11-01,HEL,CPH,OH-A137,A320,2025-11-01 11:41:00,395,None,0,False,130
FL006868,2025-11-01,HEL,OSL,OH-A143,A321,2025-11-01 07:45:00,217,None,0,False,138
FL006869,2025-11-01,HEL,BCN,OH-A129,A350,2025-11-01 08:46:00,462,Late Aircraft,5,False,216
FL006870,2025-11-01,HEL,BKK,OH-A132,A321,2025-11-01 16:00:00,156,None,0,False,144
FL006871,2025-11-01,HEL,LHR,OH-A137,A320,2025-11-01 08:10:00,135,None,0,False,144
FL006872,2025-11-01,HEL,BKK,OH-A113,A350,2025-11-01 14:52:00,198,None,0,False,254
FL006873,2025-11-01,HEL,FCO,OH-A123,E190,2025-11-01 10:17:00,81,Weather,74,False,88
FL006874,2025-11-02,HEL,LHR,OH-A121,A320,2025-11-02 12:54:00,214,None,0,False,120
FL006875,2025-11-02,HEL,OSL,OH-A127,A321,2025-11-02 15:45:00,360,None,0,False,151
FL006876,2025-11-02,HEL,FRA,OH-A110,A320,2025-11-02 18:15:00,352,None,0,False,142
FL006877,2025-11-02,HEL,LHR,OH-A113,A350,2025-11-02 15:03:00,617,ATC,36,False,235
FL006878,2025-11-02,HEL,FCO,OH-A125,A321,2025-11-02 05:37:00,417,Technical,82,False,192
FL006879,2025-11-02,HEL,CDG,OH-A120,A350,2025-11-02 21:01:00,296,None,0,False,217
FL006880,2025-11-02,HEL,FCO,OH-A111,E190,2025-11-02 07:27:00,115,Weather,48,False,71
FL006881,2025-11-02,HEL,ARN,OH-A126,A320,2025-11-02 13:35:00,210,None,0,False,116
FL006882,2025-11-02,HEL,CDG,OH-A131,E190,2025-11-02 15:13:00,373,Technical,5,False,65
FL006883,2025-11-02,HEL,LHR,OH-A124,A350,2025-11-02 18:38:00,520,Weather,16,False,250
FL006884,2025-11-02,HEL,MAD,OH-A134,A320,2025-11-02 05:03:00,152,Weather,33,False,170
FL006885,2025-11-02,HEL,OSL,OH-A138,A321,2025-11-02 07:54:00,520,None,0,False,117
FL006886,2025-11-02,HEL,FRA,OH-A135,A321,2025-11-02 19:48:00,240,Weather,72,False,147
FL006887,2025-11-02,HEL,AMS,OH-A124,A350,2025-11-02 21:29:00,391,None,0,False,284
FL006888,2025-11-02,HEL,FCO,OH-A113,A350,2025-11-02 07:04:00,130,None,0,False,173
FL006889,2025-11-02,HEL,AMS,OH-A122,E190,2025-11-02 07:19:00,144,None,0,False,71
FL006890,2025-11-02,HEL,MAD,OH-A143,A321,2025-11-02 13:52:00,411,Technical,5,False,166
FL006891,2025-11-02,HEL,CPH,OH-A133,A320,2025-11-02 05:48:00,428,None,0,False,137
FL006892,2025-11-02,HEL,FCO,OH-A137,A320,2025-11-02 20:16:00,484,None,0,False,121
FL006893,2025-11-02,HEL,BCN,OH-A122,E190,2025-11-02 18:02:00,573,Ground Handling,22,False,91
FL006894,2025-11-02,HEL,OSL,OH-A138,A321,2025-11-02 13:57:00,324,ATC,51,False,136
FL006895,2025-11-02,HEL,CPH,OH-A100,A350,2025-11-02 17:33:00,510,None,0,False,290
FL006896,2025-11-02,HEL,CDG,OH-A145,A350,2025-11-02 16:06:00,274,Weather,28,False,223
FL006897,2025-11-02,HEL,BKK,OH-A127,A321,2025-11-02 12:19:00,60,None,0,False,199
FL006898,2025-11-02,HEL,LHR,OH-A133,A320,2025-11-02 06:33:00,150,None,0,False,109
FL006899,2025-11-02,HEL,FRA,OH-A130,A350,2025-11-02 20:11:00,487,None,0,False,276
FL006900,2025-11-03,HEL,BKK,OH-A101,A320,2025-11-03 06:08:00,298,None,0,False,163
FL006901,2025-11-03,HEL,CPH,OH-A126,A320,2025-11-03 14:22:00,492,None,0,False,152
FL006902,2025-11-03,HEL,AMS,OH-A109,A320,2025-11-03 15:05:00,65,None,0,False,99
FL006903,2025-11-03,HEL,BCN,OH-A102,E190,2025-11-03 06:04:00,169,Weather,16,False,61
FL006904,2025-11-03,HEL,NRT,OH-A142,A350,2025-11-03 20:14:00,188,None,0,False,247
FL006905,2025-11-03,HEL,AMS,OH-A115,A321,2025-11-03 13:26:00,441,Weather,49,False,127
FL006906,2025-11-03,HEL,CPH,OH-A113,A350,2025-11-03 15:02:00,385,None,0,False,282
FL006907,2025-11-03,HEL,NRT,OH-A114,A320,2025-11-03 08:15:00,82,ATC,26,False,134
FL006908,2025-11-03,HEL,CPH,OH-A119,A350,2025-11-03 13:18:00,386,None,0,False,279
FL006909,2025-11-03,HEL,MAD,OH-A120,A350,2025-11-03 16:52:00,153,Weather,71,False,165
FL006910,2025-11-03,HEL,AMS,OH-A117,A321,2025-11-03 06:11:00,315,Technical,23,False,147
FL006911,2025-11-03,HEL,ARN,OH-A125,A321,2025-11-03 20:49:00,295,Technical,60,False,131
FL006912,2025-11-03,HEL,MUC,OH-A130,A350,2025-11-03 19:14:00,467,None,0,False,296
FL006913,2025-11-03,HEL,AMS,OH-A105,E190,2025-11-03 10:21:00,427,None,0,False,55
FL006914,2025-11-03,HEL,FRA,OH-A109,A320,2025-11-03 08:04:00,113,None,0,False,129
FL006915,2025-11-03,HEL,OSL,OH-A140,A320,2025-11-03 13:52:00,253,None,0,False,109
FL006916,2025-11-03,HEL,MAD,OH-A143,A321,2025-11-03 08:35:00,582,ATC,55,False,199
FL006917,2025-11-03,HEL,LHR,OH-A110,A320,2025-11-03 10:36:00,258,None,0,False,168
FL006918,2025-11-03,HEL,OSL,OH-A100,A350,2025-11-03 15:16:00,186,None,0,False,277
FL006919,2025-11-03,HEL,AMS,OH-A137,A320,2025-11-03 15:33:00,578,Technical,77,False,108
FL006920,2025-11-03,HEL,OSL,OH-A115,A321,2025-11-03 16:13:00,202,None,0,False,173
FL006921,2025-11-03,HEL,MUC,OH-A116,A320,2025-11-03 08:56:00,492,None,0,False,126
FL006922,2025-11-03,HEL,MUC,OH-A144,A350,2025-11-03 14:02:00,202,None,0,False,291
FL006923,2025-11-03,HEL,JFK,OH-A104,A321,2025-11-03 07:05:00,583,None,0,False,146
FL006924,2025-11-03,HEL,BKK,OH-A121,A320,2025-11-03 14:16:00,398,Technical,37,False,103
FL006925,2025-11-03,HEL,CPH,OH-A100,A350,2025-11-03 21:40:00,477,None,0,False,265
FL006926,2025-11-04,HEL,NRT,OH-A124,A350,2025-11-04 21:47:00,354,Late Aircraft,29,False,272
FL006927,2025-11-04,HEL,CPH,OH-A111,E190,2025-11-04 08:48:00,461,Weather,27,False,61
FL006928,2025-11-04,HEL,CPH,OH-A105,E190,2025-11-04 11:03:00,187,None,0,False,71
FL006929,2025-11-04,HEL,NRT,OH-A114,A320,2025-11-04 12:18:00,162,None,0,True,118
FL006930,2025-11-04,HEL,JFK,OH-A116,A320,2025-11-04 17:21:00,270,None,0,False,172
FL006931,2025-11-04,HEL,MUC,OH-A146,A320,2025-11-04 07:00:00,72,None,0,False,119
FL006932,2025-11-04,HEL,AMS,OH-A128,A321,2025-11-04 21:37:00,67,None,0,False,175
FL006933,2025-11-04,HEL,CPH,OH-A123,E190,2025-11-04 08:51:00,204,None,0,False,68
FL006934,2025-11-04,HEL,MAD,OH-A108,A321,2025-11-04 08:43:00,213,None,0,False,143
FL006935,2025-11-04,HEL,MUC,OH-A103,A350,2025-11-04 06:30:00,115,None,0,False,234
FL006936,2025-11-04,HEL,JFK,OH-A146,A320,2025-11-04 05:12:00,555,Late Aircraft,60,False,160
FL006937,2025-11-04,HEL,AMS,OH-A125,A321,2025-11-04 12:52:00,574,Technical,48,False,176
FL006938,2025-11-04,HEL,JFK,OH-A142,A350,2025-11-04 14:01:00,281,None,0,False,181
FL006939,2025-11-04,HEL,BKK,OH-A133,A320,2025-11-04 16:36:00,504,None,0,False,97
FL006940,2025-11-04,HEL,OSL,OH-A146,A320,2025-11-04 10:42:00,492,None,0,False,151
FL006941,2025-11-04,HEL,FCO,OH-A103,A350,2025-11-04 12:46:00,437,None,0,False,246
FL006942,2025-11-04,HEL,BCN,OH-A100,A350,2025-11-04 07:58:00,565,Late Aircraft,42,False,238
FL006943,2025-11-04,HEL,AMS,OH-A127,A321,2025-11-04 15:12:00,461,None,0,False,205
FL006944,2025-11-04,HEL,LHR,OH-A131,E190,2025-11-04 07:25:00,437,None,0,False,70
FL006945,2025-11-04,HEL,OSL,OH-A119,A350,2025-11-04 07:30:00,438,None,0,False,262
FL006946,2025-11-04,HEL,CPH,OH-A105,E190,2025-11-04 11:01:00,211,None,0,False,70
FL006947,2025-11-04,HEL,LHR,OH-A122,E190,2025-11-04 06:52:00,165,None,0,False,93
FL006948,2025-11-05,HEL,MUC,OH-A101,A320,2025-11-05 07:02:00,155,None,0,False,150
FL006949,2025-11-05,HEL,BCN,OH-A132,A321,2025-11-05 14:43:00,350,None,0,False,147
FL006950,2025-11-05,HEL,OSL,OH-A146,A320,2025-11-05 19:39:00,572,None,0,False,166
FL006951,2025-11-05,HEL,CPH,OH-A100,A350,2025-11-05 05:21:00,106,None,0,False,269
FL006952,2025-11-05,HEL,CPH,OH-A144,A350,2025-11-05 16:36:00,377,Weather,21,False,169
FL006953,2025-11-05,HEL,OSL,OH-A104,A321,2025-11-05 21:05:00,505,None,0,False,148
FL006954,2025-11-05,HEL,CPH,OH-A127,A321,2025-11-05 06:55:00,551,None,0,False,117
FL006955,2025-11-05,HEL,FCO,OH-A135,A321,2025-11-05 09:58:00,611,None,0,False,191
FL006956,2025-11-05,HEL,FCO,OH-A107,A350,2025-11-05 12:28:00,191,None,0,False,246
FL006957,2025-11-05,HEL,FCO,OH-A120,A350,2025-11-05 16:53:00,265,None,0,False,172
FL006958,2025-11-05,HEL,CDG,OH-A137,A320,2025-11-05 14:01:00,367,None,0,False,174
FL006959,2025-11-05,HEL,AMS,OH-A128,A321,2025-11-05 15:12:00,182,None,0,False,157
FL006960,2025-11-05,HEL,AMS,OH-A123,E190,2025-11-05 14:07:00,579,None,0,False,87
FL006961,2025-11-05,HEL,OSL,OH-A136,A321,2025-11-05 12:45:00,159,Weather,41,False,201
FL006962,2025-11-05,HEL,FRA,OH-A103,A350,2025-11-05 17:28:00,448,None,0,False,198
FL006963,2025-11-05,HEL,MUC,OH-A146,A320,2025-11-05 10:32:00,344,None,0,False,96
FL006964,2025-11-05,HEL,OSL,OH-A125,A321,2025-11-05 16:11:00,536,Late Aircraft,50,False,180
FL006965,2025-11-05,HEL,LHR,OH-A110,A320,2025-11-05 19:47:00,497,None,0,False,96
FL006966,2025-11-05,HEL,FRA,OH-A143,A321,2025-11-05 18:11:00,600,None,0,False,204
FL006967,2025-11-05,HEL,CPH,OH-A118,A350,2025-11-05 20:19:00,141,None,0,False,217
FL006968,2025-11-05,HEL,BCN,OH-A100,A350,2025-11-05 09:14:00,402,None,0,False,211
FL006969,2025-11-05,HEL,CDG,OH-A124,A350,2025-11-05 19:29:00,323,None,0,False,259
FL006970,2025-11-05,HEL,MAD,OH-A128,A321,2025-11-05 16:11:00,483,None,0,False,166
FL006971,2025-11-05,HEL,FCO,OH-A103,A350,2025-11-05 16:50:00,62,ATC,29,False,188
FL006972,2025-11-05,HEL,AMS,OH-A130,A350,2025-11-05 18:07:00,223,Technical,37,False,236
FL006973,2025-11-05,HEL,CDG,OH-A141,A350,2025-11-05 19:27:00,297,Weather,19,False,293
FL006974,2025-11-05,HEL,MUC,OH-A111,E190,2025-11-05 08:48:00,497,None,0,False,58
FL006975,2025-11-06,HEL,BCN,OH-A111,E190,2025-11-06 15:56:00,54,None,0,False,98
FL006976,2025-11-06,HEL,BCN,OH-A101,A320,2025-11-06 10:19:00,451,None,0,False,168
FL006977,2025-11-06,HEL,MUC,OH-A105,E190,2025-11-06 12:25:00,422,None,0,False,85
FL006978,2025-11-06,HEL,MAD,OH-A114,A320,2025-11-06 08:00:00,507,Late Aircraft,36,False,140
FL006979,2025-11-06,HEL,BCN,OH-A119,A350,2025-11-06 09:53:00,106,Crew,48,False,175
FL006980,2025-11-06,HEL,OSL,OH-A104,A321,2025-11-06 09:24:00,226,None,0,False,128
FL006981,2025-11-06,HEL,CPH,OH-A144,A350,2025-11-06 11:51:00,410,None,0,False,275
FL006982,2025-11-06,HEL,CDG,OH-A118,A350,2025-11-06 05:53:00,445,None,0,False,168
FL006983,2025-11-06,HEL,CPH,OH-A126,A320,2025-11-06 08:33:00,246,None,0,False,113
FL006984,2025-11-06,HEL,MAD,OH-A100,A350,2025-11-06 20:17:00,111,None,0,False,278
FL006985,2025-11-06,HEL,BKK,OH-A134,A320,2025-11-06 08:24:00,361,None,0,False,170
FL006986,2025-11-06,HEL,NRT,OH-A107,A350,2025-11-06 05:12:00,211,ATC,42,False,211
FL006987,2025-11-06,HEL,MUC,OH-A143,A321,2025-11-06 06:08:00,459,Technical,8,False,188
FL006988,2025-11-06,HEL,NRT,OH-A132,A321,2025-11-06 06:40:00,601,ATC,38,False,114
FL006989,2025-11-06,HEL,MAD,OH-A104,A321,2025-11-06 07:55:00,86,None,0,False,165
FL006990,2025-11-06,HEL,CPH,OH-A128,A321,2025-11-06 15:37:00,511,Crew,45,False,154
FL006991,2025-11-06,HEL,BCN,OH-A115,A321,2025-11-06 16:04:00,496,ATC,76,False,133
FL006992,2025-11-06,HEL,MUC,OH-A116,A320,2025-11-06 08:51:00,320,None,0,False,156
FL006993,2025-11-06,HEL,MUC,OH-A140,A320,2025-11-06 07:20:00,225,None,0,False,135
FL006994,2025-11-06,HEL,JFK,OH-A118,A350,2025-11-06 17:52:00,313,ATC,9,False,272
FL006995,2025-11-06,HEL,BKK,OH-A134,A320,2025-11-06 16:41:00,303,Weather,17,False,100
FL006996,2025-11-07,HEL,LHR,OH-A126,A320,2025-11-07 05:46:00,527,None,0,False,95
FL006997,2025-11-07,HEL,LHR,OH-A118,A350,2025-11-07 18:09:00,129,None,0,False,187
FL006998,2025-11-07,HEL,OSL,OH-A110,A320,2025-11-07 17:47:00,412,None,0,False,168
FL006999,2025-11-07,HEL,NRT,OH-A108,A321,2025-11-07 14:59:00,51,None,0,False,115
FL007000,2025-11-07,HEL,BCN,OH-A119,A350,2025-11-07 16:33:00,150,None,0,False,206
FL007001,2025-11-07,HEL,ARN,OH-A117,A321,2025-11-07 21:21:00,270,None,0,False,184
FL007002,2025-11-07,HEL,NRT,OH-A133,A320,2025-11-07 10:34:00,405,Weather,89,False,95
FL007003,2025-11-07,HEL,CDG,OH-A142,A350,2025-11-07 14:42:00,345,Weather,22,False,238
FL007004,2025-11-07,HEL,BKK,OH-A136,A321,2025-11-07 17:38:00,92,None,0,False,136
FL007005,2025-11-07,HEL,LHR,OH-A122,E190,2025-11-07 18:41:00,393,None,0,False,93
FL007006,2025-11-07,HEL,CPH,OH-A132,A321,2025-11-07 17:06:00,556,Weather,95,False,126
FL007007,2025-11-07,HEL,CPH,OH-A118,A350,2025-11-07 07:47:00,598,ATC,80,False,190
FL007008,2025-11-07,HEL,AMS,OH-A123,E190,2025-11-07 08:56:00,381,None,0,False,81
FL007009,2025-11-07,HEL,NRT,OH-A108,A321,2025-11-07 11:53:00,534,None,0,False,151
FL007010,2025-11-07,HEL,MUC,OH-A141,A350,2025-11-07 14:03:00,248,None,0,False,274
FL007011,2025-11-07,HEL,CPH,OH-A142,A350,2025-11-07 09:21:00,386,Technical,34,False,227
FL007012,2025-11-07,HEL,CDG,OH-A118,A350,2025-11-07 16:07:00,539,None,0,False,227
FL007013,2025-11-07,HEL,FRA,OH-A139,A350,2025-11-07 07:28:00,577,None,0,False,286
FL007014,2025-11-08,HEL,BKK,OH-A108,A321,2025-11-08 07:01:00,162,None,0,False,129
FL007015,2025-11-08,HEL,AMS,OH-A131,E190,2025-11-08 14:08:00,141,None,0,False,88
FL007016,2025-11-08,HEL,NRT,OH-A140,A320,2025-11-08 09:38:00,134,None,0,False,125
FL007017,2025-11-08,HEL,CPH,OH-A133,A320,2025-11-08 17:16:00,280,None,0,False,125
FL007018,2025-11-08,HEL,MUC,OH-A108,A321,2025-11-08 06:41:00,399,None,0,False,159
FL007019,2025-11-08,HEL,CDG,OH-A124,A350,2025-11-08 16:06:00,557,ATC,20,False,195
FL007020,2025-11-08,HEL,BCN,OH-A142,A350,2025-11-08 12:46:00,286,None,0,False,234
FL007021,2025-11-08,HEL,LHR,OH-A114,A320,2025-11-08 07:17:00,207,None,0,False,153
FL007022,2025-11-08,HEL,FRA,OH-A100,A350,2025-11-08 14:29:00,471,None,0,False,226
FL007023,2025-11-08,HEL,FCO,OH-A118,A350,2025-11-08 09:18:00,332,None,0,False,192
FL007024,2025-11-08,HEL,OSL,OH-A133,A320,2025-11-08 07:58:00,200,None,0,False,145
FL007025,2025-11-08,HEL,JFK,OH-A135,A321,2025-11-08 10:42:00,391,Technical,30,False,158
FL007026,2025-11-08,HEL,MAD,OH-A141,A350,2025-11-08 10:34:00,221,None,0,False,224
FL007027,2025-11-08,HEL,LHR,OH-A129,A350,2025-11-08 10:31:00,247,None,0,False,182
FL007028,2025-11-08,HEL,MAD,OH-A147,A321,2025-11-08 12:14:00,85,None,0,False,162
FL007029,2025-11-08,HEL,CDG,OH-A113,A350,2025-11-08 11:24:00,526,ATC,18,False,242
FL007030,2025-11-08,HEL,MUC,OH-A112,A350,2025-11-08 16:58:00,502,Weather,11,False,184
FL007031,2025-11-08,HEL,BCN,OH-A144,A350,2025-11-08 16:47:00,105,None,0,False,289
FL007032,2025-11-08,HEL,JFK,OH-A132,A321,2025-11-08 14:28:00,614,None,0,False,197
FL007033,2025-11-08,HEL,CDG,OH-A131,E190,2025-11-08 06:15:00,417,None,0,False,79
FL007034,2025-11-08,HEL,FRA,OH-A104,A321,2025-11-08 17:32:00,567,None,0,False,143
FL007035,2025-11-08,HEL,FRA,OH-A142,A350,2025-11-08 09:48:00,384,Weather,41,False,285
FL007036,2025-11-08,HEL,NRT,OH-A142,A350,2025-11-08 19:37:00,540,None,0,False,209
FL007037,2025-11-08,HEL,JFK,OH-A114,A320,2025-11-08 07:57:00,59,None,0,False,169
FL007038,2025-11-08,HEL,LHR,OH-A118,A350,2025-11-08 14:13:00,589,None,0,False,173
FL007039,2025-11-08,HEL,CPH,OH-A113,A350,2025-11-08 07:51:00,611,None,0,False,294
FL007040,2025-11-08,HEL,BKK,OH-A114,A320,2025-11-08 13:06:00,468,None,0,False,102
FL007041,2025-11-09,HEL,OSL,OH-A145,A350,2025-11-09 12:06:00,501,None,0,False,208
FL007042,2025-11-09,HEL,BCN,OH-A103,A350,2025-11-09 10:42:00,541,None,0,False,273
FL007043,2025-11-09,HEL,MUC,OH-A117,A321,2025-11-09 13:54:00,500,Ground Handling,51,False,202
FL007044,2025-11-09,HEL,AMS,OH-A108,A321,2025-11-09 13:45:00,213,ATC,58,False,197
FL007045,2025-11-09,HEL,LHR,OH-A104,A321,2025-11-09 09:20:00,119,None,0,False,138
FL007046,2025-11-09,HEL,MAD,OH-A132,A321,2025-11-09 11:47:00,456,None,0,False,121
FL007047,2025-11-09,HEL,MUC,OH-A140,A320,2025-11-09 15:35:00,497,None,0,False,102
FL007048,2025-11-09,HEL,FRA,OH-A139,A350,2025-11-09 10:07:00,454,None,0,False,223
FL007049,2025-11-09,HEL,OSL,OH-A118,A350,2025-11-09 20:00:00,232,Ground Handling,7,False,183
FL007050,2025-11-09,HEL,CPH,OH-A102,E190,2025-11-09 13:21:00,537,Crew,36,False,66
FL007051,2025-11-09,HEL,LHR,OH-A145,A350,2025-11-09 12:12:00,578,None,0,False,272
FL007052,2025-11-09,HEL,BCN,OH-A141,A350,2025-11-09 20:53:00,498,None,0,False,236
FL007053,2025-11-09,HEL,ARN,OH-A127,A321,2025-11-09 17:58:00,605,None,0,False,155
FL007054,2025-11-09,HEL,CPH,OH-A145,A350,2025-11-09 11:03:00,102,None,0,False,173
FL007055,2025-11-09,HEL,BKK,OH-A122,E190,2025-11-09 21:11:00,561,None,0,False,61
FL007056,2025-11-09,HEL,LHR,OH-A138,A321,2025-11-09 11:01:00,560,None,0,False,118
FL007057,2025-11-09,HEL,CPH,OH-A143,A321,2025-11-09 14:03:00,343,None,0,False,171
FL007058,2025-11-09,HEL,BKK,OH-A107,A350,2025-11-09 05:07:00,377,Ground Handling,5,False,275
FL007059,2025-11-09,HEL,AMS,OH-A136,A321,2025-11-09 15:26:00,454,None,0,False,168
FL007060,2025-11-09,HEL,ARN,OH-A140,A320,2025-11-09 06:01:00,142,Technical,25,False,168
FL007061,2025-11-09,HEL,AMS,OH-A114,A320,2025-11-09 19:08:00,390,None,0,False,163
FL007062,2025-11-09,HEL,ARN,OH-A134,A320,2025-11-09 13:09:00,385,Crew,60,False,159
FL007063,2025-11-09,HEL,CDG,OH-A109,A320,2025-11-09 14:27:00,178,None,0,False,113
FL007064,2025-11-10,HEL,MUC,OH-A119,A350,2025-11-10 19:00:00,224,Technical,40,False,283
FL007065,2025-11-10,HEL,JFK,OH-A114,A320,2025-11-10 06:25:00,298,None,0,False,121
FL007066,2025-11-10,HEL,ARN,OH-A142,A350,2025-11-10 18:48:00,574,Weather,9,False,182
FL007067,2025-11-10,HEL,FCO,OH-A116,A320,2025-11-10 17:52:00,530,None,0,False,125
FL007068,2025-11-10,HEL,FRA,OH-A110,A320,2025-11-10 13:56:00,208,None,0,False,136
FL007069,2025-11-10,HEL,MAD,OH-A116,A320,2025-11-10 05:13:00,132,None,0,False,104
FL007070,2025-11-10,HEL,JFK,OH-A116,A320,2025-11-10 16:37:00,133,None,0,False,148
FL007071,2025-11-10,HEL,CDG,OH-A102,E190,2025-11-10 11:55:00,574,Weather,33,False,95
FL007072,2025-11-10,HEL,LHR,OH-A134,A320,2025-11-10 10:05:00,590,None,0,False,171
FL007073,2025-11-10,HEL,FCO,OH-A147,A321,2025-11-10 19:43:00,48,None,0,False,128
FL007074,2025-11-10,HEL,BCN,OH-A102,E190,2025-11-10 18:13:00,320,Technical,69,False,91
FL007075,2025-11-10,HEL,OSL,OH-A100,A350,2025-11-10 09:28:00,293,None,0,False,247
FL007076,2025-11-10,HEL,LHR,OH-A105,E190,2025-11-10 12:05:00,203,None,0,False,58
FL007077,2025-11-10,HEL,JFK,OH-A109,A320,2025-11-10 15:57:00,267,None,0,False,120
FL007078,2025-11-10,HEL,MUC,OH-A109,A320,2025-11-10 13:54:00,441,Crew,37,False,106
FL007079,2025-11-10,HEL,NRT,OH-A135,A321,2025-11-10 15:11:00,58,None,0,False,118
FL007080,2025-11-10,HEL,MAD,OH-A137,A320,2025-11-10 21:47:00,585,None,0,False,105
FL007081,2025-11-10,HEL,OSL,OH-A144,A350,2025-11-10 17:45:00,335,None,0,False,220
FL007082,2025-11-10,HEL,OSL,OH-A106,A350,2025-11-10 18:32:00,171,None,0,False,292
FL007083,2025-11-10,HEL,BKK,OH-A143,A321,2025-11-10 07:31:00,589,None,0,False,152
FL007084,2025-11-10,HEL,FCO,OH-A108,A321,2025-11-10 19:50:00,427,None,0,False,186
FL007085,2025-11-10,HEL,BCN,OH-A141,A350,2025-11-10 08:56:00,588,ATC,36,False,183
FL007086,2025-11-10,HEL,MAD,OH-A102,E190,2025-11-10 21:52:00,554,Crew,27,False,97
FL007087,2025-11-11,HEL,CDG,OH-A100,A350,2025-11-11 13:34:00,503,Ground Handling,24,False,228
FL007088,2025-11-11,HEL,AMS,OH-A138,A321,2025-11-11 18:37:00,570,Ground Handling,5,False,206
FL007089,2025-11-11,HEL,CPH,OH-A145,A350,2025-11-11 15:26:00,421,None,0,False,290
FL007090,2025-11-11,HEL,CPH,OH-A121,A320,2025-11-11 05:43:00,487,ATC,28,False,112
FL007091,2025-11-11,HEL,NRT,OH-A147,A321,2025-11-11 18:30:00,352,Technical,64,False,197
FL007092,2025-11-11,HEL,LHR,OH-A113,A350,2025-11-11 18:34:00,254,ATC,53,False,249
FL007093,2025-11-11,HEL,BKK,OH-A111,E190,2025-11-11 14:19:00,165,None,0,False,87
FL007094,2025-11-11,HEL,AMS,OH-A118,A350,2025-11-11 14:24:00,88,None,0,False,194
FL007095,2025-11-11,HEL,ARN,OH-A115,A321,2025-11-11 09:49:00,49,None,0,False,173
FL007096,2025-11-11,HEL,CPH,OH-A144,A350,2025-11-11 09:47:00,356,Technical,13,False,240
FL007097,2025-11-11,HEL,MAD,OH-A133,A320,2025-11-11 07:57:00,585,None,0,False,145
FL007098,2025-11-11,HEL,ARN,OH-A124,A350,2025-11-11 20:27:00,213,None,0,False,261
FL007099,2025-11-11,HEL,BKK,OH-A113,A350,2025-11-11 12:57:00,570,Weather,32,False,184
FL007100,2025-11-11,HEL,LHR,OH-A110,A320,2025-11-11 09:01:00,243,Ground Handling,41,False,151
FL007101,2025-11-11,HEL,BCN,OH-A106,A350,2025-11-11 08:26:00,211,None,0,False,231
FL007102,2025-11-11,HEL,FRA,OH-A104,A321,2025-11-11 07:19:00,68,Technical,28,False,170
FL007103,2025-11-11,HEL,ARN,OH-A108,A321,2025-11-11 10:11:00,426,Late Aircraft,58,False,159
FL007104,2025-11-11,HEL,MAD,OH-A114,A320,2025-11-11 05:07:00,562,None,0,False,105
FL007105,2025-11-12,HEL,OSL,OH-A139,A350,2025-11-12 09:17:00,557,Technical,59,True,213
FL007106,2025-11-12,HEL,FRA,OH-A146,A320,2025-11-12 17:56:00,247,None,0,False,129
FL007107,2025-11-12,HEL,NRT,OH-A103,A350,2025-11-12 17:34:00,351,Ground Handling,55,False,176
FL007108,2025-11-12,HEL,AMS,OH-A116,A320,2025-11-12 20:10:00,486,None,0,False,106
FL007109,2025-11-12,HEL,AMS,OH-A115,A321,2025-11-12 07:07:00,501,None,0,False,149
FL007110,2025-11-12,HEL,FRA,OH-A106,A350,2025-11-12 11:27:00,62,ATC,68,False,179
FL007111,2025-11-12,HEL,OSL,OH-A119,A350,2025-11-12 16:00:00,469,None,0,False,186
FL007112,2025-11-12,HEL,JFK,OH-A119,A350,2025-11-12 13:38:00,533,None,0,False,269
FL007113,2025-11-12,HEL,MAD,OH-A105,E190,2025-11-12 14:54:00,393,None,0,False,70
FL007114,2025-11-12,HEL,MAD,OH-A120,A350,2025-11-12 15:43:00,539,None,0,False,226
FL007115,2025-11-12,HEL,CDG,OH-A145,A350,2025-11-12 12:36:00,534,None,0,False,208
FL007116,2025-11-12,HEL,LHR,OH-A106,A350,2025-11-12 12:57:00,87,None,0,False,170
FL007117,2025-11-12,HEL,FRA,OH-A141,A350,2025-11-12 07:18:00,177,None,0,False,266
FL007118,2025-11-12,HEL,LHR,OH-A112,A350,2025-11-12 15:56:00,152,Weather,8,False,247
FL007119,2025-11-12,HEL,ARN,OH-A103,A350,2025-11-12 12:31:00,90,None,0,False,244
FL007120,2025-11-12,HEL,FCO,OH-A136,A321,2025-11-12 19:40:00,397,None,0,False,123
FL007121,2025-11-12,HEL,NRT,OH-A146,A320,2025-11-12 05:36:00,487,None,0,False,124
FL007122,2025-11-12,HEL,LHR,OH-A122,E190,2025-11-12 05:04:00,67,None,0,False,73
FL007123,2025-11-12,HEL,BCN,OH-A142,A350,2025-11-12 19:05:00,77,Ground Handling,14,False,201
FL007124,2025-11-12,HEL,NRT,OH-A104,A321,2025-11-12 13:48:00,601,ATC,57,False,117
FL007125,2025-11-12,HEL,FCO,OH-A107,A350,2025-11-12 08:05:00,232,None,0,False,257
FL007126,2025-11-13,HEL,LHR,OH-A142,A350,2025-11-13 13:24:00,397,None,0,False,255
FL007127,2025-11-13,HEL,JFK,OH-A124,A350,2025-11-13 10:10:00,533,ATC,17,False,209
FL007128,2025-11-13,HEL,MUC,OH-A126,A320,2025-11-13 19:04:00,180,None,0,False,118
FL007129,2025-11-13,HEL,ARN,OH-A122,E190,2025-11-13 18:15:00,329,None,0,False,74
FL007130,2025-11-13,HEL,MAD,OH-A140,A320,2025-11-13 07:21:00,317,None,0,False,126
FL007131,2025-11-13,HEL,AMS,OH-A113,A350,2025-11-13 10:24:00,421,None,0,False,239
FL007132,2025-11-13,HEL,CPH,OH-A122,E190,2025-11-13 17:49:00,143,None,0,False,60
FL007133,2025-11-13,HEL,LHR,OH-A125,A321,2025-11-13 10:36:00,148,None,0,False,124
FL007134,2025-11-13,HEL,CDG,OH-A147,A321,2025-11-13 19:05:00,492,Weather,31,False,162
FL007135,2025-11-13,HEL,ARN,OH-A121,A320,2025-11-13 18:30:00,235,ATC,5,False,121
FL007136,2025-11-13,HEL,FCO,OH-A132,A321,2025-11-13 11:47:00,378,None,0,False,202
FL007137,2025-11-13,HEL,LHR,OH-A144,A350,2025-11-13 19:36:00,346,ATC,44,False,164
FL007138,2025-11-13,HEL,OSL,OH-A130,A350,2025-11-13 14:11:00,229,None,0,False,257
FL007139,2025-11-13,HEL,OSL,OH-A114,A320,2025-11-13 16:57:00,139,Ground Handling,5,False,147
FL007140,2025-11-13,HEL,FCO,OH-A122,E190,2025-11-13 14:36:00,74,Weather,46,False,69
FL007141,2025-11-13,HEL,MUC,OH-A141,A350,2025-11-13 05:28:00,104,Weather,36,False,215
FL007142,2025-11-13,HEL,JFK,OH-A144,A350,2025-11-13 18:18:00,120,None,0,False,169
FL007143,2025-11-13,HEL,FRA,OH-A101,A320,2025-11-13 05:18:00,239,None,0,False,160
FL007144,2025-11-13,HEL,MAD,OH-A114,A320,2025-11-13 18:43:00,356,None,0,False,112
FL007145,2025-11-13,HEL,FRA,OH-A132,A321,2025-11-13 05:31:00,352,None,0,False,179
FL007146,2025-11-13,HEL,BCN,OH-A136,A321,2025-11-13 15:47:00,475,None,0,False,150
FL007147,2025-11-14,HEL,ARN,OH-A102,E190,2025-11-14 21:27:00,324,None,0,False,64
FL007148,2025-11-14,HEL,CDG,OH-A131,E190,2025-11-14 11:55:00,357,Weather,33,False,87
FL007149,2025-11-14,HEL,FRA,OH-A126,A320,2025-11-14 08:37:00,102,None,0,False,143
FL007150,2025-11-14,HEL,MUC,OH-A118,A350,2025-11-14 15:22:00,317,None,0,False,286
FL007151,2025-11-14,HEL,OSL,OH-A146,A320,2025-11-14 06:17:00,47,None,0,False,147
FL007152,2025-11-14,HEL,CPH,OH-A101,A320,2025-11-14 06:34:00,418,ATC,47,False,114
FL007153,2025-11-14,HEL,NRT,OH-A120,A350,2025-11-14 05:20:00,143,Technical,49,False,184
FL007154,2025-11-14,HEL,CPH,OH-A109,A320,2025-11-14 20:10:00,597,None,0,False,124
FL007155,2025-11-14,HEL,CPH,OH-A118,A350,2025-11-14 14:10:00,463,None,0,False,169
FL007156,2025-11-14,HEL,OSL,OH-A132,A321,2025-11-14 11:59:00,237,Weather,6,False,147
FL007157,2025-11-14,HEL,CDG,OH-A127,A321,2025-11-14 08:08:00,444,Weather,10,False,187
FL007158,2025-11-14,HEL,LHR,OH-A143,A321,2025-11-14 21:00:00,83,None,0,False,208
FL007159,2025-11-14,HEL,JFK,OH-A131,E190,2025-11-14 11:03:00,191,None,0,False,100
FL007160,2025-11-14,HEL,CPH,OH-A134,A320,2025-11-14 14:38:00,238,None,0,False,160
FL007161,2025-11-14,HEL,CPH,OH-A119,A350,2025-11-14 12:42:00,48,None,0,False,171
FL007162,2025-11-14,HEL,CPH,OH-A118,A350,2025-11-14 06:05:00,322,Technical,30,False,242
FL007163,2025-11-14,HEL,MAD,OH-A120,A350,2025-11-14 07:36:00,398,None,0,False,212
FL007164,2025-11-14,HEL,NRT,OH-A121,A320,2025-11-14 18:24:00,176,None,0,False,98
FL007165,2025-11-14,HEL,OSL,OH-A104,A321,2025-11-14 11:39:00,135,None,0,False,123
FL007166,2025-11-14,HEL,MUC,OH-A103,A350,2025-11-14 17:25:00,335,None,0,False,272
FL007167,2025-11-14,HEL,AMS,OH-A132,A321,2025-11-14 06:26:00,610,Crew,28,False,186
FL007168,2025-11-14,HEL,BCN,OH-A122,E190,2025-11-14 11:45:00,279,Technical,53,False,61
FL007169,2025-11-14,HEL,MAD,OH-A114,A320,2025-11-14 18:15:00,597,Late Aircraft,39,False,138
FL007170,2025-11-14,HEL,CDG,OH-A126,A320,2025-11-14 14:22:00,360,None,0,False,139
FL007171,2025-11-14,HEL,BCN,OH-A134,A320,2025-11-14 21:02:00,237,Weather,73,False,126
FL007172,2025-11-15,HEL,CDG,OH-A108,A321,2025-11-15 13:10:00,107,None,0,False,153
FL007173,2025-11-15,HEL,BCN,OH-A129,A350,2025-11-15 13:39:00,537,Technical,51,False,187
FL007174,2025-11-15,HEL,OSL,OH-A146,A320,2025-11-15 08:35:00,394,None,0,False,111
FL007175,2025-11-15,HEL,BCN,OH-A108,A321,2025-11-15 05:39:00,573,None,0,False,160
FL007176,2025-11-15,HEL,FRA,OH-A105,E190,2025-11-15 21:02:00,483,None,0,False,76
FL007177,2025-11-15,HEL,JFK,OH-A132,A321,2025-11-15 05:44:00,371,Technical,5,False,147
FL007178,2025-11-15,HEL,BCN,OH-A106,A350,2025-11-15 14:38:00,556,None,0,False,259
FL007179,2025-11-15,HEL,FRA,OH-A120,A350,2025-11-15 12:25:00,281,None,0,False,297
FL007180,2025-11-15,HEL,JFK,OH-A132,A321,2025-11-15 12:49:00,65,None,0,False,144
FL007181,2025-11-15,HEL,OSL,OH-A109,A320,2025-11-15 19:18:00,537,None,0,False,131
FL007182,2025-11-15,HEL,MUC,OH-A137,A320,2025-11-15 10:10:00,124,None,0,False,106
FL007183,2025-11-15,HEL,LHR,OH-A142,A350,2025-11-15 14:01:00,282,Ground Handling,12,False,279
FL007184,2025-11-15,HEL,FRA,OH-A104,A321,2025-11-15 07:20:00,94,None,0,False,120
FL007185,2025-11-15,HEL,FRA,OH-A121,A320,2025-11-15 11:07:00,426,None,0,False,152
FL007186,2025-11-15,HEL,BCN,OH-A147,A321,2025-11-15 06:01:00,494,ATC,5,False,188
FL007187,2025-11-15,HEL,CDG,OH-A146,A320,2025-11-15 12:11:00,346,None,0,False,134
FL007188,2025-11-15,HEL,MAD,OH-A139,A350,2025-11-15 15:24:00,569,None,0,False,295
FL007189,2025-11-15,HEL,OSL,OH-A133,A320,2025-11-15 17:58:00,108,None,0,False,159
FL007190,2025-11-16,HEL,NRT,OH-A146,A320,2025-11-16 10:54:00,301,Weather,49,False,96
FL007191,2025-11-16,HEL,ARN,OH-A103,A350,2025-11-16 06:17:00,542,None,0,False,191
FL007192,2025-11-16,HEL,LHR,OH-A106,A350,2025-11-16 11:53:00,613,Technical,19,False,198
FL007193,2025-11-16,HEL,CDG,OH-A106,A350,2025-11-16 16:52:00,574,None,0,False,178
FL007194,2025-11-16,HEL,AMS,OH-A145,A350,2025-11-16 18:05:00,176,None,0,False,291
FL007195,2025-11-16,HEL,MAD,OH-A120,A350,2025-11-16 10:04:00,542,None,0,False,248
FL007196,2025-11-16,HEL,JFK,OH-A146,A320,2025-11-16 15:17:00,433,None,0,False,143
FL007197,2025-11-16,HEL,ARN,OH-A133,A320,2025-11-16 09:12:00,406,None,0,False,142
FL007198,2025-11-16,HEL,LHR,OH-A119,A350,2025-11-16 17:58:00,578,None,0,False,196
FL007199,2025-11-16,HEL,JFK,OH-A115,A321,2025-11-16 07:30:00,433,Weather,7,False,136
FL007200,2025-11-16,HEL,MUC,OH-A132,A321,2025-11-16 18:53:00,468,None,0,False,140
FL007201,2025-11-16,HEL,CDG,OH-A117,A321,2025-11-16 17:41:00,310,None,0,False,180
FL007202,2025-11-16,HEL,FRA,OH-A125,A321,2025-11-16 17:39:00,171,None,0,False,209
FL007203,2025-11-16,HEL,BCN,OH-A140,A320,2025-11-16 06:06:00,124,None,0,False,109
FL007204,2025-11-16,HEL,BCN,OH-A106,A350,2025-11-16 09:34:00,332,None,0,False,239
FL007205,2025-11-16,HEL,JFK,OH-A138,A321,2025-11-16 15:41:00,606,None,0,False,147
FL007206,2025-11-16,HEL,BKK,OH-A103,A350,2025-11-16 15:02:00,186,None,0,False,185
FL007207,2025-11-16,HEL,JFK,OH-A103,A350,2025-11-16 06:17:00,246,Technical,85,False,256
FL007208,2025-11-16,HEL,CPH,OH-A144,A350,2025-11-16 18:23:00,237,None,0,False,182
FL007209,2025-11-16,HEL,AMS,OH-A128,A321,2025-11-16 13:16:00,387,None,0,False,140
FL007210,2025-11-16,HEL,FRA,OH-A138,A321,2025-11-16 10:51:00,239,Technical,5,False,194
FL007211,2025-11-16,HEL,BCN,OH-A124,A350,2025-11-16 10:32:00,472,None,0,False,215
FL007212,2025-11-17,HEL,MUC,OH-A124,A350,2025-11-17 05:04:00,547,None,0,False,236
FL007213,2025-11-17,HEL,FCO,OH-A113,A350,2025-11-17 14:07:00,330,None,0,False,167
FL007214,2025-11-17,HEL,JFK,OH-A140,A320,2025-11-17 21:57:00,172,None,0,False,164
FL007215,2025-11-17,HEL,CDG,OH-A111,E190,2025-11-17 14:42:00,464,Technical,37,True,75
FL007216,2025-11-17,HEL,LHR,OH-A116,A320,2025-11-17 18:09:00,117,None,0,False,123
FL007217,2025-11-17,HEL,BCN,OH-A108,A321,2025-11-17 08:40:00,517,None,0,False,190
FL007218,2025-11-17,HEL,FRA,OH-A138,A321,2025-11-17 08:22:00,473,None,0,False,122
FL007219,2025-11-17,HEL,NRT,OH-A134,A320,2025-11-17 19:18:00,575,None,0,False,154
FL007220,2025-11-17,HEL,OSL,OH-A102,E190,2025-11-17 06:49:00,495,None,0,False,82
FL007221,2025-11-17,HEL,AMS,OH-A116,A320,2025-11-17 12:52:00,217,None,0,False,146
FL007222,2025-11-17,HEL,ARN,OH-A107,A350,2025-11-17 08:16:00,223,Crew,35,False,232
FL007223,2025-11-17,HEL,AMS,OH-A115,A321,2025-11-17 15:54:00,617,None,0,False,185
FL007224,2025-11-17,HEL,BCN,OH-A139,A350,2025-11-17 10:38:00,539,None,0,False,266
FL007225,2025-11-17,HEL,JFK,OH-A106,A350,2025-11-17 14:20:00,106,Weather,37,False,167
FL007226,2025-11-17,HEL,JFK,OH-A116,A320,2025-11-17 16:41:00,428,None,0,False,136
FL007227,2025-11-17,HEL,ARN,OH-A121,A320,2025-11-17 17:37:00,60,None,0,False,167
FL007228,2025-11-17,HEL,NRT,OH-A118,A350,2025-11-17 08:02:00,46,None,0,False,245
FL007229,2025-11-17,HEL,MAD,OH-A146,A320,2025-11-17 15:58:00,210,Technical,46,False,98
FL007230,2025-11-17,HEL,OSL,OH-A135,A321,2025-11-17 14:09:00,566,None,0,False,169
FL007231,2025-11-17,HEL,LHR,OH-A118,A350,2025-11-17 05:21:00,197,None,0,False,165
FL007232,2025-11-17,HEL,FCO,OH-A138,A321,2025-11-17 18:52:00,279,Late Aircraft,58,False,193
FL007233,2025-11-17,HEL,MAD,OH-A146,A320,2025-11-17 10:30:00,279,None,0,False,119
FL007234,2025-11-17,HEL,OSL,OH-A145,A350,2025-11-17 13:34:00,232,Ground Handling,5,False,177
FL007235,2025-11-17,HEL,FRA,OH-A106,A350,2025-11-17 20:07:00,84,None,0,False,234
FL007236,2025-11-17,HEL,NRT,OH-A124,A350,2025-11-17 10:01:00,88,None,0,False,243
FL007237,2025-11-17,HEL,ARN,OH-A102,E190,2025-11-17 16:44:00,261,None,0,False,57
FL007238,2025-11-18,HEL,OSL,OH-A127,A321,2025-11-18 11:24:00,348,None,0,False,202
FL007239,2025-11-18,HEL,LHR,OH-A115,A321,2025-11-18 14:46:00,111,None,0,False,202
FL007240,2025-11-18,HEL,FRA,OH-A130,A350,2025-11-18 17:23:00,570,None,0,False,187
FL007241,2025-11-18,HEL,BKK,OH-A104,A321,2025-11-18 21:03:00,509,None,0,False,198
FL007242,2025-11-18,HEL,MAD,OH-A133,A320,2025-11-18 18:27:00,296,ATC,37,False,157
FL007243,2025-11-18,HEL,BCN,OH-A104,A321,2025-11-18 19:03:00,393,None,0,False,149
FL007244,2025-11-18,HEL,JFK,OH-A141,A350,2025-11-18 17:57:00,312,None,0,False,254
FL007245,2025-11-18,HEL,CPH,OH-A122,E190,2025-11-18 05:35:00,420,Weather,6,False,56
FL007246,2025-11-18,HEL,CPH,OH-A111,E190,2025-11-18 18:23:00,442,None,0,False,99
FL007247,2025-11-18,HEL,BCN,OH-A110,A320,2025-11-18 10:40:00,356,None,0,False,98
FL007248,2025-11-18,HEL,BCN,OH-A133,A320,2025-11-18 12:38:00,567,Late Aircraft,15,False,171
FL007249,2025-11-18,HEL,LHR,OH-A144,A350,2025-11-18 20:03:00,68,None,0,False,165
FL007250,2025-11-18,HEL,BCN,OH-A119,A350,2025-11-18 14:59:00,379,None,0,False,223
FL007251,2025-11-18,HEL,OSL,OH-A125,A321,2025-11-18 07:59:00,291,ATC,22,False,125
FL007252,2025-11-18,HEL,OSL,OH-A125,A321,2025-11-18 21:43:00,211,Technical,27,False,155
FL007253,2025-11-18,HEL,NRT,OH-A105,E190,2025-11-18 17:23:00,57,None,0,False,64
FL007254,2025-11-18,HEL,ARN,OH-A141,A350,2025-11-18 11:59:00,602,None,0,False,179
FL007255,2025-11-18,HEL,MUC,OH-A136,A321,2025-11-18 07:13:00,376,None,0,False,149
FL007256,2025-11-18,HEL,JFK,OH-A112,A350,2025-11-18 13:36:00,127,Ground Handling,54,False,250
FL007257,2025-11-18,HEL,MAD,OH-A107,A350,2025-11-18 20:19:00,48,None,0,False,253
FL007258,2025-11-18,HEL,FRA,OH-A126,A320,2025-11-18 12:50:00,88,None,0,False,131
FL007259,2025-11-18,HEL,CDG,OH-A127,A321,2025-11-18 06:09:00,325,None,0,False,169
FL007260,2025-11-18,HEL,ARN,OH-A118,A350,2025-11-18 21:57:00,407,None,0,False,252
FL007261,2025-11-18,HEL,CPH,OH-A132,A321,2025-11-18 14:18:00,495,None,0,False,164
FL007262,2025-11-19,HEL,MAD,OH-A108,A321,2025-11-19 06:00:00,377,Crew,50,False,174
FL007263,2025-11-19,HEL,AMS,OH-A115,A321,2025-11-19 19:48:00,197,None,0,False,131
FL007264,2025-11-19,HEL,BCN,OH-A121,A320,2025-11-19 14:24:00,212,None,0,False,118
FL007265,2025-11-19,HEL,CPH,OH-A116,A320,2025-11-19 20:39:00,412,None,0,False,169
FL007266,2025-11-19,HEL,AMS,OH-A144,A350,2025-11-19 14:24:00,442,ATC,17,True,213
FL007267,2025-11-19,HEL,ARN,OH-A132,A321,2025-11-19 16:09:00,317,None,0,False,150
FL007268,2025-11-19,HEL,OSL,OH-A101,A320,2025-11-19 09:58:00,55,Late Aircraft,5,False,104
FL007269,2025-11-19,HEL,AMS,OH-A117,A321,2025-11-19 11:44:00,468,None,0,False,192
FL007270,2025-11-19,HEL,ARN,OH-A137,A320,2025-11-19 13:49:00,110,None,0,False,120
FL007271,2025-11-19,HEL,OSL,OH-A144,A350,2025-11-19 09:48:00,456,None,0,False,208
FL007272,2025-11-19,HEL,NRT,OH-A115,A321,2025-11-19 15:11:00,254,None,0,False,155
FL007273,2025-11-19,HEL,JFK,OH-A103,A350,2025-11-19 21:28:00,234,Weather,37,False,256
FL007274,2025-11-19,HEL,MUC,OH-A144,A350,2025-11-19 17:16:00,565,None,0,False,202
FL007275,2025-11-19,HEL,BKK,OH-A112,A350,2025-11-19 19:15:00,570,None,0,False,282
FL007276,2025-11-19,HEL,ARN,OH-A135,A321,2025-11-19 18:11:00,442,None,0,False,129
FL007277,2025-11-19,HEL,BKK,OH-A114,A320,2025-11-19 19:12:00,123,None,0,False,141
FL007278,2025-11-19,HEL,FRA,OH-A116,A320,2025-11-19 18:35:00,476,None,0,False,121
FL007279,2025-11-19,HEL,AMS,OH-A105,E190,2025-11-19 16:40:00,53,None,0,False,65
FL007280,2025-11-19,HEL,JFK,OH-A135,A321,2025-11-19 10:29:00,57,None,0,False,143
FL007281,2025-11-19,HEL,FRA,OH-A127,A321,2025-11-19 15:13:00,67,None,0,False,120
FL007282,2025-11-19,HEL,BCN,OH-A117,A321,2025-11-19 12:37:00,473,None,0,False,140
FL007283,2025-11-19,HEL,CDG,OH-A130,A350,2025-11-19 07:08:00,315,Ground Handling,81,False,170
FL007284,2025-11-19,HEL,MUC,OH-A132,A321,2025-11-19 15:48:00,298,None,0,False,164
FL007285,2025-11-19,HEL,CPH,OH-A147,A321,2025-11-19 07:10:00,206,None,0,False,202
FL007286,2025-11-19,HEL,LHR,OH-A108,A321,2025-11-19 14:05:00,499,ATC,94,False,147
FL007287,2025-11-19,HEL,MUC,OH-A112,A350,2025-11-19 17:45:00,518,None,0,False,202
FL007288,2025-11-19,HEL,BKK,OH-A138,A321,2025-11-19 21:37:00,176,None,0,False,195
FL007289,2025-11-20,HEL,MUC,OH-A123,E190,2025-11-20 08:24:00,347,None,0,False,98
FL007290,2025-11-20,HEL,OSL,OH-A100,A350,2025-11-20 09:02:00,593,Weather,45,False,195
FL007291,2025-11-20,HEL,LHR,OH-A137,A320,2025-11-20 10:38:00,375,None,0,False,139
FL007292,2025-11-20,HEL,LHR,OH-A141,A350,2025-11-20 17:01:00,222,Ground Handling,34,False,169
FL007293,2025-11-20,HEL,LHR,OH-A125,A321,2025-11-20 13:43:00,198,None,0,False,181
FL007294,2025-11-20,HEL,AMS,OH-A119,A350,2025-11-20 15:12:00,172,None,0,False,251
FL007295,2025-11-20,HEL,MAD,OH-A127,A321,2025-11-20 15:32:00,101,None,0,False,136
FL007296,2025-11-20,HEL,NRT,OH-A121,A320,2025-11-20 18:11:00,117,Technical,29,False,147
FL007297,2025-11-20,HEL,BCN,OH-A117,A321,2025-11-20 19:16:00,495,ATC,41,False,206
FL007298,2025-11-20,HEL,FRA,OH-A113,A350,2025-11-20 20:37:00,417,Ground Handling,38,False,295
FL007299,2025-11-20,HEL,MAD,OH-A126,A320,2025-11-20 11:26:00,535,Technical,13,False,103
FL007300,2025-11-20,HEL,BCN,OH-A110,A320,2025-11-20 15:34:00,590,Weather,7,False,155
FL007301,2025-11-20,HEL,FRA,OH-A142,A350,2025-11-20 16:35:00,503,ATC,26,False,282
FL007302,2025-11-20,HEL,ARN,OH-A103,A350,2025-11-20 07:07:00,497,None,0,False,167
FL007303,2025-11-20,HEL,MUC,OH-A146,A320,2025-11-20 12:55:00,338,ATC,70,False,111
FL007304,2025-11-20,HEL,ARN,OH-A115,A321,2025-11-20 21:09:00,424,None,0,False,177
FL007305,2025-11-20,HEL,BCN,OH-A145,A350,2025-11-20 18:23:00,164,Crew,16,False,210
FL007306,2025-11-20,HEL,BKK,OH-A106,A350,2025-11-20 11:23:00,234,None,0,False,180
FL007307,2025-11-20,HEL,JFK,OH-A145,A350,2025-11-20 16:54:00,461,Technical,31,False,171
FL007308,2025-11-20,HEL,JFK,OH-A134,A320,2025-11-20 10:05:00,188,None,0,False,134
FL007309,2025-11-20,HEL,FRA,OH-A117,A321,2025-11-20 09:55:00,501,None,0,False,131
FL007310,2025-11-21,HEL,JFK,OH-A125,A321,2025-11-21 12:50:00,612,ATC,38,False,191
FL007311,2025-11-21,HEL,BCN,OH-A116,A320,2025-11-21 21:06:00,392,Technical,58,False,102
FL007312,2025-11-21,HEL,FRA,OH-A136,A321,2025-11-21 15:32:00,585,ATC,5,False,124
FL007313,2025-11-21,HEL,AMS,OH-A106,A350,2025-11-21 17:38:00,150,None,0,True,217
FL007314,2025-11-21,HEL,AMS,OH-A106,A350,2025-11-21 17:49:00,574,ATC,35,False,294
FL007315,2025-11-21,HEL,JFK,OH-A120,A350,2025-11-21 08:24:00,332,None,0,False,229
FL007316,2025-11-21,HEL,OSL,OH-A140,A320,2025-11-21 05:05:00,499,None,0,False,162
FL007317,2025-11-21,HEL,NRT,OH-A105,E190,2025-11-21 20:39:00,388,ATC,26,False,85
FL007318,2025-11-21,HEL,LHR,OH-A137,A320,2025-11-21 07:02:00,558,None,0,False,135
FL007319,2025-11-21,HEL,LHR,OH-A113,A350,2025-11-21 16:10:00,476,None,0,False,261
FL007320,2025-11-21,HEL,AMS,OH-A105,E190,2025-11-21 13:51:00,303,None,0,False,83
FL007321,2025-11-21,HEL,JFK,OH-A118,A350,2025-11-21 10:47:00,242,None,0,False,224
FL007322,2025-11-21,HEL,ARN,OH-A125,A321,2025-11-21 17:01:00,561,None,0,False,146
FL007323,2025-11-21,HEL,OSL,OH-A106,A350,2025-11-21 11:21:00,458,None,0,False,214
FL007324,2025-11-21,HEL,AMS,OH-A140,A320,2025-11-21 07:11:00,139,None,0,False,114
FL007325,2025-11-21,HEL,CPH,OH-A124,A350,2025-11-21 05:07:00,141,None,0,False,255
FL007326,2025-11-21,HEL,AMS,OH-A137,A320,2025-11-21 10:46:00,370,None,0,False,142
FL007327,2025-11-21,HEL,AMS,OH-A113,A350,2025-11-21 17:19:00,290,None,0,False,291
FL007328,2025-11-21,HEL,BCN,OH-A125,A321,2025-11-21 10:33:00,500,None,0,False,166
FL007329,2025-11-21,HEL,CDG,OH-A101,A320,2025-11-21 13:22:00,261,ATC,45,False,95
FL007330,2025-11-22,HEL,CPH,OH-A102,E190,2025-11-22 11:05:00,248,None,0,False,85
FL007331,2025-11-22,HEL,NRT,OH-A110,A320,2025-11-22 11:53:00,618,Weather,5,False,133
FL007332,2025-11-22,HEL,ARN,OH-A134,A320,2025-11-22 05:36:00,306,Crew,14,False,112
FL007333,2025-11-22,HEL,ARN,OH-A133,A320,2025-11-22 17:42:00,68,None,0,False,146
FL007334,2025-11-22,HEL,CDG,OH-A142,A350,2025-11-22 16:22:00,91,None,0,False,266
FL007335,2025-11-22,HEL,JFK,OH-A129,A350,2025-11-22 16:06:00,244,None,0,False,182
FL007336,2025-11-22,HEL,NRT,OH-A125,A321,2025-11-22 17:24:00,342,Weather,5,False,179
FL007337,2025-11-22,HEL,BCN,OH-A117,A321,2025-11-22 19:11:00,433,ATC,28,False,114
FL007338,2025-11-22,HEL,ARN,OH-A143,A321,2025-11-22 08:26:00,169,None,0,False,190
FL007339,2025-11-22,HEL,NRT,OH-A123,E190,2025-11-22 19:25:00,379,None,0,False,66
FL007340,2025-11-22,HEL,LHR,OH-A113,A350,2025-11-22 07:25:00,519,None,0,False,213
FL007341,2025-11-22,HEL,FCO,OH-A104,A321,2025-11-22 12:40:00,608,None,0,False,168
FL007342,2025-11-22,HEL,LHR,OH-A104,A321,2025-11-22 21:31:00,464,None,0,False,175
FL007343,2025-11-22,HEL,MUC,OH-A142,A350,2025-11-22 20:02:00,278,None,0,False,212
FL007344,2025-11-22,HEL,CPH,OH-A139,A350,2025-11-22 15:24:00,377,Technical,42,False,227
FL007345,2025-11-22,HEL,BKK,OH-A144,A350,2025-11-22 17:32:00,551,Ground Handling,7,False,232
FL007346,2025-11-22,HEL,CPH,OH-A131,E190,2025-11-22 16:06:00,334,None,0,False,75
FL007347,2025-11-22,HEL,BKK,OH-A129,A350,2025-11-22 08:04:00,404,Technical,43,False,211
FL007348,2025-11-22,HEL,NRT,OH-A139,A350,2025-11-22 08:22:00,214,None,0,False,293
FL007349,2025-11-22,HEL,OSL,OH-A103,A350,2025-11-22 06:31:00,564,Ground Handling,39,False,291
FL007350,2025-11-22,HEL,MAD,OH-A122,E190,2025-11-22 05:06:00,285,None,0,False,90
FL007351,2025-11-22,HEL,CDG,OH-A124,A350,2025-11-22 11:41:00,418,Weather,23,False,194
FL007352,2025-11-22,HEL,CDG,OH-A147,A321,2025-11-22 18:09:00,544,None,0,False,193
FL007353,2025-11-22,HEL,CDG,OH-A140,A320,2025-11-22 15:12:00,507,None,0,False,114
FL007354,2025-11-22,HEL,LHR,OH-A108,A321,2025-11-22 21:18:00,398,None,0,False,153
FL007355,2025-11-22,HEL,BKK,OH-A117,A321,2025-11-22 20:25:00,532,None,0,False,181
FL007356,2025-11-23,HEL,MUC,OH-A147,A321,2025-11-23 16:40:00,231,ATC,38,False,124
FL007357,2025-11-23,HEL,NRT,OH-A118,A350,2025-11-23 09:38:00,561,None,0,False,276
FL007358,2025-11-23,HEL,CPH,OH-A125,A321,2025-11-23 15:01:00,431,None,0,False,176
FL007359,2025-11-23,HEL,AMS,OH-A124,A350,2025-11-23 16:18:00,237,None,0,False,220
FL007360,2025-11-23,HEL,FRA,OH-A117,A321,2025-11-23 19:42:00,143,None,0,False,149
FL007361,2025-11-23,HEL,FCO,OH-A137,A320,2025-11-23 14:16:00,297,Ground Handling,22,False,126
FL007362,2025-11-23,HEL,LHR,OH-A143,A321,2025-11-23 09:24:00,146,None,0,True,175
FL007363,2025-11-23,HEL,CDG,OH-A108,A321,2025-11-23 06:25:00,302,Weather,28,False,204
FL007364,2025-11-23,HEL,CPH,OH-A132,A321,2025-11-23 21:42:00,237,None,0,False,209
FL007365,2025-11-23,HEL,BKK,OH-A140,A320,2025-11-23 10:31:00,469,None,0,False,102
FL007366,2025-11-23,HEL,FRA,OH-A114,A320,2025-11-23 19:19:00,560,None,0,False,153
FL007367,2025-11-23,HEL,ARN,OH-A124,A350,2025-11-23 18:31:00,538,None,0,False,189
FL007368,2025-11-23,HEL,LHR,OH-A113,A350,2025-11-23 06:10:00,537,None,0,False,195
FL007369,2025-11-23,HEL,MUC,OH-A116,A320,2025-11-23 19:09:00,127,Weather,103,False,144
FL007370,2025-11-23,HEL,FRA,OH-A144,A350,2025-11-23 09:07:00,514,Weather,25,False,288
FL007371,2025-11-23,HEL,MUC,OH-A138,A321,2025-11-23 21:50:00,303,None,0,False,125
FL007372,2025-11-23,HEL,ARN,OH-A127,A321,2025-11-23 13:50:00,143,None,0,False,188
FL007373,2025-11-23,HEL,NRT,OH-A109,A320,2025-11-23 12:15:00,549,None,0,False,104
FL007374,2025-11-23,HEL,JFK,OH-A130,A350,2025-11-23 10:53:00,86,None,0,False,210
FL007375,2025-11-23,HEL,LHR,OH-A111,E190,2025-11-23 07:25:00,285,Weather,6,False,98
FL007376,2025-11-23,HEL,AMS,OH-A129,A350,2025-11-23 06:38:00,119,Weather,14,False,268
FL007377,2025-11-23,HEL,CPH,OH-A115,A321,2025-11-23 19:08:00,116,None,0,False,192
FL007378,2025-11-23,HEL,CPH,OH-A127,A321,2025-11-23 18:01:00,548,Ground Handling,97,True,166
FL007379,2025-11-23,HEL,JFK,OH-A111,E190,2025-11-23 05:26:00,234,None,0,False,64
FL007380,2025-11-23,HEL,CPH,OH-A118,A350,2025-11-23 16:27:00,440,Technical,18,False,290
FL007381,2025-11-23,HEL,CDG,OH-A105,E190,2025-11-23 15:35:00,488,None,0,False,92
FL007382,2025-11-24,HEL,ARN,OH-A113,A350,2025-11-24 06:16:00,436,None,0,False,287
FL007383,2025-11-24,HEL,OSL,OH-A110,A320,2025-11-24 08:33:00,596,Technical,12,False,136
FL007384,2025-11-24,HEL,LHR,OH-A141,A350,2025-11-24 14:54:00,322,ATC,18,False,175
FL007385,2025-11-24,HEL,BCN,OH-A103,A350,2025-11-24 11:15:00,163,None,0,False,286
FL007386,2025-11-24,HEL,ARN,OH-A112,A350,2025-11-24 13:20:00,418,None,0,False,254
FL007387,2025-11-24,HEL,BKK,OH-A121,A320,2025-11-24 07:30:00,601,None,0,False,107
FL007388,2025-11-24,HEL,MAD,OH-A122,E190,2025-11-24 18:38:00,574,None,0,False,68
FL007389,2025-11-24,HEL,NRT,OH-A104,A321,2025-11-24 12:00:00,331,Crew,28,False,205
FL007390,2025-11-24,HEL,ARN,OH-A113,A350,2025-11-24 17:28:00,421,None,0,False,213
FL007391,2025-11-24,HEL,LHR,OH-A122,E190,2025-11-24 13:23:00,130,None,0,False,55
FL007392,2025-11-24,HEL,FRA,OH-A102,E190,2025-11-24 14:41:00,165,None,0,False,75
FL007393,2025-11-24,HEL,FCO,OH-A115,A321,2025-11-24 15:34:00,73,None,0,False,179
FL007394,2025-11-24,HEL,MAD,OH-A117,A321,2025-11-24 06:18:00,334,None,0,False,176
FL007395,2025-11-24,HEL,AMS,OH-A118,A350,2025-11-24 10:48:00,409,None,0,False,238
FL007396,2025-11-24,HEL,CDG,OH-A103,A350,2025-11-24 21:53:00,87,None,0,False,163
FL007397,2025-11-24,HEL,CDG,OH-A108,A321,2025-11-24 20:41:00,239,None,0,False,193
FL007398,2025-11-24,HEL,AMS,OH-A134,A320,2025-11-24 10:10:00,300,Ground Handling,38,False,150
FL007399,2025-11-24,HEL,MAD,OH-A146,A320,2025-11-24 13:21:00,460,ATC,54,False,144
FL007400,2025-11-24,HEL,NRT,OH-A117,A321,2025-11-24 11:11:00,235,None,0,False,133
FL007401,2025-11-24,HEL,FRA,OH-A129,A350,2025-11-24 09:43:00,259,None,0,False,225
FL007402,2025-11-24,HEL,NRT,OH-A130,A350,2025-11-24 06:44:00,309,None,0,False,169
FL007403,2025-11-24,HEL,CDG,OH-A147,A321,2025-11-24 13:48:00,592,None,0,False,180
FL007404,2025-11-24,HEL,NRT,OH-A123,E190,2025-11-24 05:43:00,249,Late Aircraft,46,False,83
FL007405,2025-11-24,HEL,ARN,OH-A124,A350,2025-11-24 19:57:00,409,Technical,14,False,244
FL007406,2025-11-24,HEL,FCO,OH-A141,A350,2025-11-24 17:08:00,180,None,0,False,242
FL007407,2025-11-24,HEL,BKK,OH-A140,A320,2025-11-24 08:19:00,524,None,0,False,106
FL007408,2025-11-25,HEL,CDG,OH-A100,A350,2025-11-25 15:47:00,341,Crew,39,False,224
FL007409,2025-11-25,HEL,CPH,OH-A125,A321,2025-11-25 15:26:00,266,None,0,False,166
FL007410,2025-11-25,HEL,MAD,OH-A129,A350,2025-11-25 21:58:00,208,None,0,False,232
FL007411,2025-11-25,HEL,LHR,OH-A107,A350,2025-11-25 18:00:00,189,None,0,False,285
FL007412,2025-11-25,HEL,FCO,OH-A123,E190,2025-11-25 16:22:00,396,None,0,True,93
FL007413,2025-11-25,HEL,MUC,OH-A134,A320,2025-11-25 17:11:00,269,None,0,False,170
FL007414,2025-11-25,HEL,FRA,OH-A147,A321,2025-11-25 21:53:00,544,Crew,34,False,145
FL007415,2025-11-25,HEL,OSL,OH-A101,A320,2025-11-25 09:29:00,444,None,0,False,160
FL007416,2025-11-25,HEL,CDG,OH-A112,A350,2025-11-25 17:51:00,398,None,0,False,262
FL007417,2025-11-25,HEL,CDG,OH-A116,A320,2025-11-25 19:57:00,256,None,0,False,138
FL007418,2025-11-25,HEL,MAD,OH-A110,A320,2025-11-25 09:55:00,103,Crew,41,False,133
FL007419,2025-11-25,HEL,AMS,OH-A122,E190,2025-11-25 18:20:00,182,Weather,38,False,75
FL007420,2025-11-25,HEL,ARN,OH-A136,A321,2025-11-25 10:30:00,184,Crew,18,False,128
FL007421,2025-11-25,HEL,ARN,OH-A103,A350,2025-11-25 14:52:00,324,None,0,False,180
FL007422,2025-11-25,HEL,LHR,OH-A130,A350,2025-11-25 17:26:00,358,ATC,5,False,196
FL007423,2025-11-25,HEL,MUC,OH-A101,A320,2025-11-25 09:55:00,474,None,0,False,171
FL007424,2025-11-25,HEL,CDG,OH-A138,A321,2025-11-25 09:27:00,251,None,0,False,117
FL007425,2025-11-25,HEL,BKK,OH-A100,A350,2025-11-25 19:56:00,493,None,0,False,284
FL007426,2025-11-25,HEL,LHR,OH-A100,A350,2025-11-25 07:08:00,479,Weather,32,False,170
FL007427,2025-11-25,HEL,AMS,OH-A146,A320,2025-11-25 21:38:00,350,None,0,False,167
FL007428,2025-11-25,HEL,AMS,OH-A112,A350,2025-11-25 11:04:00,376,ATC,53,False,262
FL007429,2025-11-25,HEL,LHR,OH-A139,A350,2025-11-25 14:40:00,399,None,0,False,190
FL007430,2025-11-25,HEL,NRT,OH-A132,A321,2025-11-25 13:26:00,449,None,0,False,141
FL007431,2025-11-25,HEL,LHR,OH-A115,A321,2025-11-25 14:09:00,567,Technical,67,False,157
FL007432,2025-11-26,HEL,BCN,OH-A105,E190,2025-11-26 15:20:00,192,None,0,False,55
FL007433,2025-11-26,HEL,MUC,OH-A131,E190,2025-11-26 12:09:00,507,None,0,False,61
FL007434,2025-11-26,HEL,LHR,OH-A145,A350,2025-11-26 11:49:00,336,None,0,False,232
FL007435,2025-11-26,HEL,MUC,OH-A136,A321,2025-11-26 13:58:00,612,None,0,False,169
FL007436,2025-11-26,HEL,JFK,OH-A144,A350,2025-11-26 19:58:00,530,None,0,False,205
FL007437,2025-11-26,HEL,BCN,OH-A107,A350,2025-11-26 11:24:00,80,None,0,False,177
FL007438,2025-11-26,HEL,CPH,OH-A122,E190,2025-11-26 14:44:00,142,Weather,65,False,71
FL007439,2025-11-26,HEL,FCO,OH-A121,A320,2025-11-26 14:53:00,261,Ground Handling,49,False,118
FL007440,2025-11-26,HEL,JFK,OH-A138,A321,2025-11-26 21:53:00,485,None,0,False,117
FL007441,2025-11-26,HEL,MAD,OH-A100,A350,2025-11-26 18:28:00,92,None,0,False,181
FL007442,2025-11-26,HEL,OSL,OH-A147,A321,2025-11-26 12:30:00,380,None,0,False,114
FL007443,2025-11-26,HEL,CDG,OH-A113,A350,2025-11-26 14:01:00,100,None,0,False,216
FL007444,2025-11-26,HEL,FRA,OH-A105,E190,2025-11-26 18:08:00,436,None,0,False,78
FL007445,2025-11-26,HEL,NRT,OH-A147,A321,2025-11-26 19:06:00,151,None,0,False,120
FL007446,2025-11-26,HEL,JFK,OH-A110,A320,2025-11-26 14:44:00,227,ATC,71,False,96
FL007447,2025-11-26,HEL,CPH,OH-A138,A321,2025-11-26 07:21:00,160,None,0,False,136
FL007448,2025-11-26,HEL,ARN,OH-A103,A350,2025-11-26 05:51:00,100,None,0,False,250
FL007449,2025-11-26,HEL,ARN,OH-A122,E190,2025-11-26 17:35:00,291,None,0,False,69
FL007450,2025-11-26,HEL,NRT,OH-A102,E190,2025-11-26 10:22:00,288,Ground Handling,48,False,55
FL007451,2025-11-26,HEL,NRT,OH-A147,A321,2025-11-26 11:59:00,419,None,0,False,205
FL007452,2025-11-26,HEL,LHR,OH-A131,E190,2025-11-26 08:31:00,222,None,0,False,73
FL007453,2025-11-26,HEL,NRT,OH-A131,E190,2025-11-26 06:32:00,263,None,0,False,72
FL007454,2025-11-26,HEL,MUC,OH-A143,A321,2025-11-26 07:18:00,469,None,0,False,151
FL007455,2025-11-26,HEL,CDG,OH-A140,A320,2025-11-26 20:27:00,231,Weather,43,False,115
FL007456,2025-11-26,HEL,FCO,OH-A141,A350,2025-11-26 10:58:00,222,None,0,False,293
FL007457,2025-11-26,HEL,ARN,OH-A114,A320,2025-11-26 19:47:00,601,None,0,False,173
FL007458,2025-11-27,HEL,FCO,OH-A116,A320,2025-11-27 10:22:00,533,None,0,False,116
FL007459,2025-11-27,HEL,CDG,OH-A126,A320,2025-11-27 18:45:00,178,None,0,False,143
FL007460,2025-11-27,HEL,FCO,OH-A134,A320,2025-11-27 12:36:00,418,None,0,False,135
FL007461,2025-11-27,HEL,BCN,OH-A121,A320,2025-11-27 12:50:00,57,ATC,22,False,159
FL007462,2025-11-27,HEL,NRT,OH-A138,A321,2025-11-27 10:48:00,316,Weather,20,False,170
FL007463,2025-11-27,HEL,ARN,OH-A105,E190,2025-11-27 19:02:00,174,Weather,81,False,71
FL007464,2025-11-27,HEL,MUC,OH-A144,A350,2025-11-27 06:16:00,603,Crew,22,False,287
FL007465,2025-11-27,HEL,MAD,OH-A143,A321,2025-11-27 13:42:00,465,Late Aircraft,22,False,178
FL007466,2025-11-27,HEL,AMS,OH-A124,A350,2025-11-27 20:57:00,526,None,0,False,264
FL007467,2025-11-27,HEL,CDG,OH-A103,A350,2025-11-27 05:43:00,385,Ground Handling,5,False,248
FL007468,2025-11-27,HEL,CDG,OH-A116,A320,2025-11-27 16:36:00,251,None,0,False,99
FL007469,2025-11-27,HEL,FCO,OH-A137,A320,2025-11-27 07:29:00,524,None,0,False,145
FL007470,2025-11-27,HEL,OSL,OH-A102,E190,2025-11-27 06:30:00,618,None,0,False,61
FL007471,2025-11-27,HEL,BKK,OH-A105,E190,2025-11-27 11:55:00,448,None,0,False,73
FL007472,2025-11-27,HEL,OSL,OH-A135,A321,2025-11-27 05:52:00,128,None,0,False,119
FL007473,2025-11-27,HEL,AMS,OH-A112,A350,2025-11-27 21:29:00,297,None,0,False,265
FL007474,2025-11-27,HEL,BKK,OH-A109,A320,2025-11-27 14:56:00,330,Weather,55,False,95
FL007475,2025-11-27,HEL,ARN,OH-A144,A350,2025-11-27 08:24:00,412,ATC,25,False,201
FL007476,2025-11-28,HEL,AMS,OH-A128,A321,2025-11-28 10:43:00,194,None,0,False,139
FL007477,2025-11-28,HEL,FRA,OH-A101,A320,2025-11-28 18:39:00,520,None,0,False,104
FL007478,2025-11-28,HEL,BCN,OH-A133,A320,2025-11-28 17:38:00,410,Late Aircraft,40,False,143
FL007479,2025-11-28,HEL,MAD,OH-A112,A350,2025-11-28 17:57:00,116,None,0,False,187
FL007480,2025-11-28,HEL,FCO,OH-A109,A320,2025-11-28 06:47:00,201,Weather,31,False,148
FL007481,2025-11-28,HEL,OSL,OH-A139,A350,2025-11-28 08:52:00,120,None,0,False,264
FL007482,2025-11-28,HEL,MAD,OH-A129,A350,2025-11-28 11:36:00,347,None,0,False,257
FL007483,2025-11-28,HEL,ARN,OH-A145,A350,2025-11-28 14:33:00,295,None,0,False,248
FL007484,2025-11-28,HEL,NRT,OH-A134,A320,2025-11-28 15:37:00,76,ATC,5,False,167
FL007485,2025-11-28,HEL,FRA,OH-A103,A350,2025-11-28 05:30:00,373,None,0,False,171
FL007486,2025-11-28,HEL,BKK,OH-A115,A321,2025-11-28 12:14:00,397,Ground Handling,54,False,132
FL007487,2025-11-28,HEL,NRT,OH-A101,A320,2025-11-28 18:45:00,138,ATC,23,False,169
FL007488,2025-11-28,HEL,OSL,OH-A131,E190,2025-11-28 21:21:00,87,None,0,False,58
FL007489,2025-11-28,HEL,CPH,OH-A105,E190,2025-11-28 13:59:00,290,None,0,False,80
FL007490,2025-11-28,HEL,NRT,OH-A129,A350,2025-11-28 19:37:00,609,None,0,False,194
FL007491,2025-11-28,HEL,FRA,OH-A146,A320,2025-11-28 09:16:00,600,None,0,False,133
FL007492,2025-11-28,HEL,CPH,OH-A127,A321,2025-11-28 19:53:00,412,None,0,False,159
FL007493,2025-11-28,HEL,BCN,OH-A119,A350,2025-11-28 13:03:00,541,None,0,False,227
FL007494,2025-11-28,HEL,BKK,OH-A125,A321,2025-11-28 16:53:00,349,None,0,False,123
FL007495,2025-11-29,HEL,BKK,OH-A129,A350,2025-11-29 05:39:00,534,None,0,False,181
FL007496,2025-11-29,HEL,LHR,OH-A123,E190,2025-11-29 18:38:00,581,None,0,False,78
FL007497,2025-11-29,HEL,ARN,OH-A114,A320,2025-11-29 21:26:00,284,None,0,False,99
FL007498,2025-11-29,HEL,CDG,OH-A102,E190,2025-11-29 14:12:00,351,None,0,False,75
FL007499,2025-11-29,HEL,CDG,OH-A108,A321,2025-11-29 16:04:00,418,None,0,False,128
FL007500,2025-11-29,HEL,ARN,OH-A113,A350,2025-11-29 12:10:00,433,None,0,False,174
FL007501,2025-11-29,HEL,FRA,OH-A134,A320,2025-11-29 21:57:00,424,None,0,False,115
FL007502,2025-11-29,HEL,MUC,OH-A114,A320,2025-11-29 15:36:00,51,None,0,False,167
FL007503,2025-11-29,HEL,JFK,OH-A129,A350,2025-11-29 12:00:00,95,Ground Handling,30,False,194
FL007504,2025-11-29,HEL,MAD,OH-A119,A350,2025-11-29 07:04:00,69,None,0,False,214
FL007505,2025-11-29,HEL,FRA,OH-A107,A350,2025-11-29 19:33:00,404,None,0,False,165
FL007506,2025-11-29,HEL,MAD,OH-A131,E190,2025-11-29 08:44:00,458,None,0,False,66
FL007507,2025-11-29,HEL,CDG,OH-A125,A321,2025-11-29 12:34:00,435,None,0,False,130
FL007508,2025-11-29,HEL,OSL,OH-A140,A320,2025-11-29 11:12:00,392,Technical,48,False,108
FL007509,2025-11-29,HEL,MUC,OH-A118,A350,2025-11-29 12:55:00,495,None,0,False,194
FL007510,2025-11-29,HEL,FRA,OH-A114,A320,2025-11-29 09:39:00,292,None,0,False,104
FL007511,2025-11-29,HEL,CDG,OH-A110,A320,2025-11-29 15:31:00,385,None,0,False,125
FL007512,2025-11-29,HEL,NRT,OH-A111,E190,2025-11-29 14:31:00,68,None,0,False,86
FL007513,2025-11-29,HEL,MUC,OH-A111,E190,2025-11-29 14:33:00,420,None,0,False,93
FL007514,2025-11-29,HEL,MUC,OH-A135,A321,2025-11-29 07:14:00,359,Ground Handling,62,False,156
FL007515,2025-11-29,HEL,MAD,OH-A113,A350,2025-11-29 12:58:00,209,None,0,False,163
FL007516,2025-11-29,HEL,CDG,OH-A134,A320,2025-11-29 06:46:00,576,None,0,False,118
FL007517,2025-11-29,HEL,MUC,OH-A146,A320,2025-11-29 21:32:00,109,None,0,False,167
FL007518,2025-11-29,HEL,NRT,OH-A110,A320,2025-11-29 12:06:00,594,Late Aircraft,46,False,114
FL007519,2025-11-30,HEL,FCO,OH-A146,A320,2025-11-30 12:54:00,525,Ground Handling,52,False,170
FL007520,2025-11-30,HEL,FCO,OH-A141,A350,2025-11-30 15:31:00,131,None,0,False,175
FL007521,2025-11-30,HEL,LHR,OH-A104,A321,2025-11-30 19:16:00,572,Ground Handling,18,False,194
FL007522,2025-11-30,HEL,BKK,OH-A102,E190,2025-11-30 05:04:00,238,Technical,11,False,90
FL007523,2025-11-30,HEL,MAD,OH-A138,A321,2025-11-30 19:19:00,198,None,0,False,198
FL007524,2025-11-30,HEL,BKK,OH-A119,A350,2025-11-30 11:51:00,589,None,0,False,212
FL007525,2025-11-30,HEL,FRA,OH-A124,A350,2025-11-30 20:52:00,249,Weather,52,False,223
FL007526,2025-11-30,HEL,BCN,OH-A120,A350,2025-11-30 18:30:00,53,None,0,False,279
FL007527,2025-11-30,HEL,MAD,OH-A122,E190,2025-11-30 20:57:00,400,None,0,False,64
FL007528,2025-11-30,HEL,OSL,OH-A124,A350,2025-11-30 07:34:00,470,None,0,False,237
FL007529,2025-11-30,HEL,LHR,OH-A122,E190,2025-11-30 19:58:00,202,None,0,False,95
FL007530,2025-11-30,HEL,BKK,OH-A141,A350,2025-11-30 21:00:00,170,Weather,11,False,194
FL007531,2025-11-30,HEL,MAD,OH-A104,A321,2025-11-30 07:09:00,427,None,0,False,177
FL007532,2025-11-30,HEL,MUC,OH-A134,A320,2025-11-30 14:10:00,588,None,0,False,115
FL007533,2025-11-30,HEL,ARN,OH-A143,A321,2025-11-30 18:29:00,103,Ground Handling,5,False,142
FL007534,2025-11-30,HEL,ARN,OH-A143,A321,2025-11-30 07:20:00,263,None,0,False,164
FL007535,2025-11-30,HEL,MUC,OH-A124,A350,2025-11-30 18:43:00,572,Ground Handling,49,False,256
FL007536,2025-11-30,HEL,CPH,OH-A139,A350,2025-11-30 20:56:00,451,None,0,False,180
FL007537,2025-11-30,HEL,CPH,OH-A123,E190,2025-11-30 15:56:00,180,Ground Handling,30,False,97
FL007538,2025-11-30,HEL,BCN,OH-A138,A321,2025-11-30 05:58:00,204,None,0,False,195
FL007539,2025-12-01,HEL,BCN,OH-A120,A350,2025-12-01 18:07:00,419,Crew,5,False,199
FL007540,2025-12-01,HEL,ARN,OH-A130,A350,2025-12-01 17:54:00,434,None,0,False,238
FL007541,2025-12-01,HEL,BKK,OH-A125,A321,2025-12-01 20:02:00,554,Weather,37,False,208
FL007542,2025-12-01,HEL,BKK,OH-A102,E190,2025-12-01 12:47:00,414,None,0,False,73
FL007543,2025-12-01,HEL,LHR,OH-A105,E190,2025-12-01 06:46:00,93,None,0,False,84
FL007544,2025-12-01,HEL,MAD,OH-A103,A350,2025-12-01 16:14:00,346,None,0,False,244
FL007545,2025-12-01,HEL,CPH,OH-A130,A350,2025-12-01 21:52:00,134,None,0,False,166
FL007546,2025-12-01,HEL,LHR,OH-A103,A350,2025-12-01 06:12:00,280,None,0,False,221
FL007547,2025-12-01,HEL,BCN,OH-A116,A320,2025-12-01 13:34:00,425,None,0,False,136
FL007548,2025-12-01,HEL,CDG,OH-A146,A320,2025-12-01 12:12:00,513,None,0,False,124
FL007549,2025-12-01,HEL,BKK,OH-A121,A320,2025-12-01 10:01:00,314,None,0,False,157
FL007550,2025-12-01,HEL,CPH,OH-A115,A321,2025-12-01 14:41:00,103,ATC,5,False,209
FL007551,2025-12-01,HEL,MAD,OH-A135,A321,2025-12-01 15:27:00,93,None,0,False,192
FL007552,2025-12-01,HEL,BCN,OH-A139,A350,2025-12-01 15:29:00,528,Crew,44,False,197
FL007553,2025-12-01,HEL,NRT,OH-A122,E190,2025-12-01 19:28:00,432,None,0,False,71
FL007554,2025-12-01,HEL,JFK,OH-A121,A320,2025-12-01 06:17:00,475,Late Aircraft,58,False,163
FL007555,2025-12-01,HEL,NRT,OH-A135,A321,2025-12-01 07:42:00,201,ATC,21,False,207
FL007556,2025-12-01,HEL,JFK,OH-A118,A350,2025-12-01 12:17:00,334,None,0,False,273
FL007557,2025-12-01,HEL,LHR,OH-A121,A320,2025-12-01 21:46:00,333,Late Aircraft,41,False,126
FL007558,2025-12-01,HEL,AMS,OH-A113,A350,2025-12-01 20:37:00,537,None,0,False,181
FL007559,2025-12-01,HEL,MAD,OH-A131,E190,2025-12-01 20:28:00,581,None,0,False,95
FL007560,2025-12-01,HEL,BKK,OH-A124,A350,2025-12-01 18:36:00,314,None,0,False,240
FL007561,2025-12-01,HEL,NRT,OH-A138,A321,2025-12-01 16:36:00,120,None,0,False,201
FL007562,2025-12-01,HEL,MAD,OH-A106,A350,2025-12-01 12:15:00,614,Weather,11,False,218
FL007563,2025-12-01,HEL,CPH,OH-A145,A350,2025-12-01 07:22:00,90,Weather,5,False,292
FL007564,2025-12-02,HEL,JFK,OH-A101,A320,2025-12-02 21:26:00,566,None,0,False,158
FL007565,2025-12-02,HEL,AMS,OH-A132,A321,2025-12-02 18:07:00,328,None,0,False,192
FL007566,2025-12-02,HEL,ARN,OH-A125,A321,2025-12-02 16:48:00,474,Technical,50,False,148
FL007567,2025-12-02,HEL,FRA,OH-A105,E190,2025-12-02 13:55:00,536,None,0,False,80
FL007568,2025-12-02,HEL,CPH,OH-A146,A320,2025-12-02 15:50:00,592,None,0,False,106
FL007569,2025-12-02,HEL,FRA,OH-A137,A320,2025-12-02 19:18:00,291,None,0,False,113
FL007570,2025-12-02,HEL,MAD,OH-A130,A350,2025-12-02 12:07:00,570,None,0,False,183
FL007571,2025-12-02,HEL,CDG,OH-A124,A350,2025-12-02 08:08:00,213,None,0,False,242
FL007572,2025-12-02,HEL,CPH,OH-A100,A350,2025-12-02 21:34:00,489,None,0,False,199
FL007573,2025-12-02,HEL,NRT,OH-A142,A350,2025-12-02 21:35:00,516,Crew,28,False,292
FL007574,2025-12-02,HEL,MUC,OH-A133,A320,2025-12-02 18:07:00,358,None,0,False,108
FL007575,2025-12-02,HEL,ARN,OH-A113,A350,2025-12-02 16:07:00,524,None,0,False,267
FL007576,2025-12-02,HEL,BCN,OH-A130,A350,2025-12-02 19:43:00,66,ATC,71,False,282
FL007577,2025-12-02,HEL,NRT,OH-A142,A350,2025-12-02 08:28:00,593,None,0,False,269
FL007578,2025-12-02,HEL,ARN,OH-A132,A321,2025-12-02 07:32:00,251,None,0,False,153
FL007579,2025-12-02,HEL,JFK,OH-A129,A350,2025-12-02 17:02:00,416,None,0,False,295
FL007580,2025-12-02,HEL,AMS,OH-A140,A320,2025-12-02 12:07:00,402,None,0,False,96
FL007581,2025-12-02,HEL,MAD,OH-A133,A320,2025-12-02 18:12:00,558,None,0,False,132
FL007582,2025-12-03,HEL,BCN,OH-A140,A320,2025-12-03 14:16:00,590,None,0,False,123
FL007583,2025-12-03,HEL,NRT,OH-A134,A320,2025-12-03 14:00:00,381,None,0,False,132
FL007584,2025-12-03,HEL,FRA,OH-A105,E190,2025-12-03 10:05:00,162,None,0,False,68
FL007585,2025-12-03,HEL,MUC,OH-A103,A350,2025-12-03 05:51:00,357,None,0,False,173
FL007586,2025-12-03,HEL,MUC,OH-A139,A350,2025-12-03 12:56:00,156,None,0,False,283
FL007587,2025-12-03,HEL,FRA,OH-A146,A320,2025-12-03 10:40:00,357,None,0,False,145
FL007588,2025-12-03,HEL,MAD,OH-A108,A321,2025-12-03 15:09:00,124,None,0,False,151
FL007589,2025-12-03,HEL,OSL,OH-A146,A320,2025-12-03 16:19:00,441,None,0,False,159
FL007590,2025-12-03,HEL,AMS,OH-A127,A321,2025-12-03 11:13:00,445,None,0,False,159
FL007591,2025-12-03,HEL,FRA,OH-A124,A350,2025-12-03 10:07:00,284,None,0,False,257
FL007592,2025-12-03,HEL,MUC,OH-A138,A321,2025-12-03 18:51:00,472,None,0,False,159
FL007593,2025-12-03,HEL,FRA,OH-A124,A350,2025-12-03 15:07:00,163,None,0,False,200
FL007594,2025-12-03,HEL,AMS,OH-A147,A321,2025-12-03 16:59:00,232,None,0,False,116
FL007595,2025-12-03,HEL,NRT,OH-A123,E190,2025-12-03 17:07:00,240,Crew,32,False,96
FL007596,2025-12-03,HEL,JFK,OH-A133,A320,2025-12-03 19:38:00,508,Weather,57,False,126
FL007597,2025-12-03,HEL,NRT,OH-A106,A350,2025-12-03 17:18:00,587,None,0,False,237
FL007598,2025-12-03,HEL,BCN,OH-A125,A321,2025-12-03 21:22:00,310,ATC,74,False,195
FL007599,2025-12-03,HEL,FRA,OH-A145,A350,2025-12-03 19:33:00,114,None,0,False,253
FL007600,2025-12-03,HEL,FRA,OH-A120,A350,2025-12-03 12:03:00,386,None,0,False,175
FL007601,2025-12-03,HEL,NRT,OH-A127,A321,2025-12-03 18:50:00,451,Ground Handling,28,False,171
FL007602,2025-12-03,HEL,MAD,OH-A113,A350,2025-12-03 10:59:00,171,None,0,False,209
FL007603,2025-12-03,HEL,JFK,OH-A109,A320,2025-12-03 21:02:00,159,None,0,False,112
FL007604,2025-12-04,HEL,FCO,OH-A100,A350,2025-12-04 08:05:00,602,None,0,False,247
FL007605,2025-12-04,HEL,AMS,OH-A141,A350,2025-12-04 07:30:00,443,None,0,False,215
FL007606,2025-12-04,HEL,JFK,OH-A117,A321,2025-12-04 10:03:00,199,None,0,False,137
FL007607,2025-12-04,HEL,BKK,OH-A109,A320,2025-12-04 06:03:00,165,None,0,False,115
FL007608,2025-12-04,HEL,FCO,OH-A112,A350,2025-12-04 14:32:00,390,ATC,18,False,261
FL007609,2025-12-04,HEL,CPH,OH-A100,A350,2025-12-04 21:40:00,256,None,0,False,223
FL007610,2025-12-04,HEL,BKK,OH-A141,A350,2025-12-04 21:55:00,495,Crew,38,False,252
FL007611,2025-12-04,HEL,FCO,OH-A146,A320,2025-12-04 15:46:00,374,Technical,28,False,102
FL007612,2025-12-04,HEL,ARN,OH-A133,A320,2025-12-04 15:00:00,236,None,0,False,107
FL007613,2025-12-04,HEL,OSL,OH-A130,A350,2025-12-04 21:40:00,415,ATC,5,False,178
FL007614,2025-12-04,HEL,BKK,OH-A101,A320,2025-12-04 15:01:00,424,Ground Handling,13,False,123
FL007615,2025-12-04,HEL,JFK,OH-A130,A350,2025-12-04 11:37:00,369,Weather,77,False,215
FL007616,2025-12-04,HEL,AMS,OH-A140,A320,2025-12-04 06:01:00,465,None,0,False,174
FL007617,2025-12-04,HEL,BKK,OH-A102,E190,2025-12-04 07:43:00,568,None,0,False,71
FL007618,2025-12-04,HEL,FRA,OH-A130,A350,2025-12-04 14:42:00,73,None,0,False,224
FL007619,2025-12-04,HEL,NRT,OH-A136,A321,2025-12-04 16:36:00,68,None,0,False,147
FL007620,2025-12-04,HEL,BCN,OH-A110,A320,2025-12-04 09:25:00,555,None,0,False,166
FL007621,2025-12-04,HEL,MAD,OH-A120,A350,2025-12-04 21:18:00,397,None,0,False,200
FL007622,2025-12-05,HEL,OSL,OH-A134,A320,2025-12-05 16:54:00,456,ATC,49,False,96
FL007623,2025-12-05,HEL,JFK,OH-A142,A350,2025-12-05 10:03:00,234,Weather,29,False,210
FL007624,2025-12-05,HEL,OSL,OH-A130,A350,2025-12-05 05:51:00,189,None,0,False,262
FL007625,2025-12-05,HEL,FRA,OH-A145,A350,2025-12-05 05:34:00,546,None,0,False,267
FL007626,2025-12-05,HEL,ARN,OH-A100,A350,2025-12-05 20:46:00,108,None,0,False,289
FL007627,2025-12-05,HEL,BCN,OH-A119,A350,2025-12-05 21:57:00,392,None,0,False,246
FL007628,2025-12-05,HEL,FCO,OH-A131,E190,2025-12-05 21:06:00,152,None,0,False,67
FL007629,2025-12-05,HEL,BCN,OH-A116,A320,2025-12-05 16:14:00,66,None,0,False,133
FL007630,2025-12-05,HEL,LHR,OH-A124,A350,2025-12-05 07:53:00,222,ATC,43,False,210
FL007631,2025-12-05,HEL,CPH,OH-A133,A320,2025-12-05 17:21:00,431,None,0,False,136
FL007632,2025-12-05,HEL,AMS,OH-A128,A321,2025-12-05 18:58:00,153,None,0,False,119
FL007633,2025-12-05,HEL,FCO,OH-A135,A321,2025-12-05 08:43:00,94,ATC,19,False,172
FL007634,2025-12-05,HEL,CPH,OH-A116,A320,2025-12-05 07:49:00,277,None,0,False,155
FL007635,2025-12-05,HEL,JFK,OH-A112,A350,2025-12-05 11:48:00,90,None,0,False,256
FL007636,2025-12-05,HEL,NRT,OH-A113,A350,2025-12-05 09:11:00,178,Weather,14,False,281
FL007637,2025-12-05,HEL,BCN,OH-A135,A321,2025-12-05 17:08:00,371,ATC,21,False,182
FL007638,2025-12-05,HEL,JFK,OH-A115,A321,2025-12-05 18:23:00,164,Technical,86,False,170
FL007639,2025-12-05,HEL,LHR,OH-A141,A350,2025-12-05 20:17:00,529,None,0,False,206
FL007640,2025-12-05,HEL,BCN,OH-A121,A320,2025-12-05 11:07:00,494,None,0,False,164
FL007641,2025-12-06,HEL,OSL,OH-A121,A320,2025-12-06 20:29:00,269,None,0,False,124
FL007642,2025-12-06,HEL,MUC,OH-A103,A350,2025-12-06 10:40:00,557,None,0,False,193
FL007643,2025-12-06,HEL,JFK,OH-A140,A320,2025-12-06 10:42:00,514,Crew,32,False,160
FL007644,2025-12-06,HEL,BCN,OH-A131,E190,2025-12-06 07:21:00,462,None,0,False,98
FL007645,2025-12-06,HEL,MAD,OH-A101,A320,2025-12-06 10:18:00,57,None,0,False,148
FL007646,2025-12-06,HEL,LHR,OH-A147,A321,2025-12-06 11:14:00,159,None,0,False,177
FL007647,2025-12-06,HEL,ARN,OH-A129,A350,2025-12-06 06:18:00,393,None,0,False,170
FL007648,2025-12-06,HEL,BKK,OH-A128,A321,2025-12-06 10:57:00,211,None,0,False,124
FL007649,2025-12-06,HEL,NRT,OH-A147,A321,2025-12-06 18:59:00,461,None,0,False,191
FL007650,2025-12-06,HEL,BKK,OH-A138,A321,2025-12-06 18:55:00,179,None,0,False,198
FL007651,2025-12-06,HEL,ARN,OH-A139,A350,2025-12-06 10:12:00,297,None,0,False,183
FL007652,2025-12-06,HEL,MAD,OH-A121,A320,2025-12-06 16:53:00,424,None,0,False,104
FL007653,2025-12-06,HEL,LHR,OH-A146,A320,2025-12-06 17:58:00,202,None,0,False,108
FL007654,2025-12-06,HEL,CDG,OH-A147,A321,2025-12-06 16:29:00,507,None,0,False,135
FL007655,2025-12-06,HEL,AMS,OH-A128,A321,2025-12-06 20:27:00,529,None,0,False,184
FL007656,2025-12-06,HEL,LHR,OH-A138,A321,2025-12-06 21:42:00,602,Ground Handling,56,False,159
FL007657,2025-12-06,HEL,BCN,OH-A141,A350,2025-12-06 15:15:00,155,Crew,13,False,288
FL007658,2025-12-06,HEL,BCN,OH-A109,A320,2025-12-06 11:31:00,498,None,0,False,141
FL007659,2025-12-06,HEL,NRT,OH-A134,A320,2025-12-06 15:28:00,475,None,0,False,142
FL007660,2025-12-06,HEL,JFK,OH-A102,E190,2025-12-06 17:23:00,50,None,0,False,88
FL007661,2025-12-06,HEL,MAD,OH-A140,A320,2025-12-06 05:15:00,163,None,0,False,137
FL007662,2025-12-06,HEL,BKK,OH-A117,A321,2025-12-06 10:20:00,484,None,0,False,173
FL007663,2025-12-06,HEL,AMS,OH-A142,A350,2025-12-06 08:25:00,412,Weather,28,False,284
FL007664,2025-12-06,HEL,ARN,OH-A134,A320,2025-12-06 16:42:00,468,None,0,False,135
FL007665,2025-12-06,HEL,NRT,OH-A103,A350,2025-12-06 07:27:00,547,None,0,False,173
FL007666,2025-12-06,HEL,CDG,OH-A122,E190,2025-12-06 08:34:00,534,None,0,False,67
FL007667,2025-12-07,HEL,FRA,OH-A128,A321,2025-12-07 21:49:00,71,Late Aircraft,46,False,200
FL007668,2025-12-07,HEL,CPH,OH-A132,A321,2025-12-07 11:15:00,403,Technical,55,False,176
FL007669,2025-12-07,HEL,LHR,OH-A119,A350,2025-12-07 19:40:00,101,None,0,False,295
FL007670,2025-12-07,HEL,ARN,OH-A134,A320,2025-12-07 13:11:00,142,None,0,False,127
FL007671,2025-12-07,HEL,BKK,OH-A105,E190,2025-12-07 15:09:00,379,None,0,False,67
FL007672,2025-12-07,HEL,BCN,OH-A135,A321,2025-12-07 08:04:00,242,Technical,78,False,117
FL007673,2025-12-07,HEL,CDG,OH-A116,A320,2025-12-07 13:53:00,167,None,0,False,102
FL007674,2025-12-07,HEL,CDG,OH-A126,A320,2025-12-07 09:08:00,472,ATC,5,False,152
FL007675,2025-12-07,HEL,ARN,OH-A116,A320,2025-12-07 08:40:00,278,Crew,20,False,112
FL007676,2025-12-07,HEL,FRA,OH-A139,A350,2025-12-07 10:22:00,461,Technical,56,False,199
FL007677,2025-12-07,HEL,ARN,OH-A142,A350,2025-12-07 12:42:00,162,None,0,False,234
FL007678,2025-12-07,HEL,MAD,OH-A131,E190,2025-12-07 15:47:00,325,None,0,False,59
FL007679,2025-12-07,HEL,OSL,OH-A113,A350,2025-12-07 12:53:00,140,None,0,False,221
FL007680,2025-12-07,HEL,CPH,OH-A138,A321,2025-12-07 06:39:00,504,None,0,False,169
FL007681,2025-12-07,HEL,CPH,OH-A115,A321,2025-12-07 10:30:00,133,None,0,False,133
FL007682,2025-12-07,HEL,ARN,OH-A105,E190,2025-12-07 17:55:00,94,None,0,False,78
FL007683,2025-12-07,HEL,AMS,OH-A136,A321,2025-12-07 07:50:00,58,Technical,22,False,134
FL007684,2025-12-07,HEL,ARN,OH-A134,A320,2025-12-07 11:38:00,402,None,0,False,117
FL007685,2025-12-07,HEL,CPH,OH-A135,A321,2025-12-07 12:57:00,447,Crew,22,False,191
FL007686,2025-12-07,HEL,LHR,OH-A114,A320,2025-12-07 05:38:00,457,None,0,False,106
FL007687,2025-12-07,HEL,MUC,OH-A137,A320,2025-12-07 12:28:00,276,ATC,75,False,107
FL007688,2025-12-07,HEL,LHR,OH-A106,A350,2025-12-07 12:31:00,615,None,0,False,265
FL007689,2025-12-07,HEL,AMS,OH-A105,E190,2025-12-07 11:38:00,74,None,0,False,74
FL007690,2025-12-07,HEL,FRA,OH-A125,A321,2025-12-07 07:45:00,429,None,0,False,191
FL007691,2025-12-08,HEL,ARN,OH-A120,A350,2025-12-08 06:06:00,318,Weather,37,False,287
FL007692,2025-12-08,HEL,FRA,OH-A142,A350,2025-12-08 08:10:00,320,None,0,False,284
FL007693,2025-12-08,HEL,NRT,OH-A121,A320,2025-12-08 05:56:00,368,None,0,False,122
FL007694,2025-12-08,HEL,BCN,OH-A112,A350,2025-12-08 18:25:00,561,None,0,False,259
FL007695,2025-12-08,HEL,BCN,OH-A112,A350,2025-12-08 21:09:00,355,Technical,24,False,234
FL007696,2025-12-08,HEL,BKK,OH-A115,A321,2025-12-08 06:23:00,439,None,0,False,197
FL007697,2025-12-08,HEL,FCO,OH-A116,A320,2025-12-08 11:49:00,279,Weather,38,False,165
FL007698,2025-12-08,HEL,FCO,OH-A127,A321,2025-12-08 15:42:00,449,None,0,False,181
FL007699,2025-12-08,HEL,JFK,OH-A135,A321,2025-12-08 06:53:00,313,ATC,45,False,194
FL007700,2025-12-08,HEL,CDG,OH-A113,A350,2025-12-08 18:47:00,525,None,0,False,266
FL007701,2025-12-08,HEL,BKK,OH-A116,A320,2025-12-08 16:09:00,426,None,0,False,164
FL007702,2025-12-08,HEL,JFK,OH-A114,A320,2025-12-08 10:56:00,556,None,0,False,161
FL007703,2025-12-08,HEL,ARN,OH-A140,A320,2025-12-08 08:35:00,354,Ground Handling,29,False,102
FL007704,2025-12-08,HEL,MUC,OH-A133,A320,2025-12-08 20:23:00,284,None,0,False,100
FL007705,2025-12-08,HEL,LHR,OH-A102,E190,2025-12-08 11:42:00,379,Technical,69,False,76
FL007706,2025-12-08,HEL,MUC,OH-A114,A320,2025-12-08 11:00:00,349,None,0,False,114
FL007707,2025-12-08,HEL,JFK,OH-A129,A350,2025-12-08 20:31:00,480,None,0,False,296
FL007708,2025-12-08,HEL,MAD,OH-A100,A350,2025-12-08 13:48:00,260,Weather,47,False,287
FL007709,2025-12-08,HEL,JFK,OH-A107,A350,2025-12-08 05:29:00,314,None,0,False,247
FL007710,2025-12-08,HEL,FRA,OH-A143,A321,2025-12-08 08:40:00,591,Technical,5,False,122
FL007711,2025-12-08,HEL,CPH,OH-A141,A350,2025-12-08 19:34:00,181,None,0,False,262
FL007712,2025-12-08,HEL,NRT,OH-A109,A320,2025-12-08 08:52:00,430,None,0,False,135
FL007713,2025-12-08,HEL,CPH,OH-A129,A350,2025-12-08 12:00:00,436,None,0,False,204
FL007714,2025-12-08,HEL,OSL,OH-A110,A320,2025-12-08 06:35:00,565,None,0,False,162
FL007715,2025-12-08,HEL,FCO,OH-A118,A350,2025-12-08 20:59:00,55,None,0,False,268
FL007716,2025-12-09,HEL,FCO,OH-A101,A320,2025-12-09 20:48:00,93,ATC,5,False,129
FL007717,2025-12-09,HEL,NRT,OH-A114,A320,2025-12-09 13:11:00,501,ATC,23,False,120
FL007718,2025-12-09,HEL,MUC,OH-A105,E190,2025-12-09 07:19:00,399,None,0,False,61
FL007719,2025-12-09,HEL,OSL,OH-A144,A350,2025-12-09 18:39:00,87,Late Aircraft,13,False,289
FL007720,2025-12-09,HEL,MAD,OH-A118,A350,2025-12-09 14:50:00,189,None,0,False,221
FL007721,2025-12-09,HEL,LHR,OH-A117,A321,2025-12-09 10:42:00,81,None,0,False,177
FL007722,2025-12-09,HEL,BCN,OH-A122,E190,2025-12-09 05:37:00,433,None,0,False,63
FL007723,2025-12-09,HEL,OSL,OH-A124,A350,2025-12-09 12:24:00,109,None,0,False,193
FL007724,2025-12-09,HEL,ARN,OH-A135,A321,2025-12-09 21:23:00,117,Weather,28,False,143
FL007725,2025-12-09,HEL,FRA,OH-A143,A321,2025-12-09 14:18:00,580,None,0,False,189
FL007726,2025-12-09,HEL,BCN,OH-A135,A321,2025-12-09 11:54:00,79,None,0,False,153
FL007727,2025-12-09,HEL,OSL,OH-A143,A321,2025-12-09 08:27:00,592,Late Aircraft,33,False,124
FL007728,2025-12-09,HEL,FCO,OH-A136,A321,2025-12-09 06:28:00,564,None,0,False,145
FL007729,2025-12-09,HEL,MAD,OH-A133,A320,2025-12-09 12:34:00,104,Technical,36,False,151
FL007730,2025-12-09,HEL,JFK,OH-A131,E190,2025-12-09 19:57:00,435,Crew,73,False,58
FL007731,2025-12-09,HEL,AMS,OH-A122,E190,2025-12-09 06:18:00,534,None,0,False,78
FL007732,2025-12-09,HEL,MAD,OH-A142,A350,2025-12-09 06:51:00,390,Technical,25,False,259
FL007733,2025-12-09,HEL,BKK,OH-A144,A350,2025-12-09 21:29:00,293,Technical,42,True,176
FL007734,2025-12-09,HEL,OSL,OH-A142,A350,2025-12-09 16:54:00,408,Weather,47,True,208
FL007735,2025-12-09,HEL,JFK,OH-A131,E190,2025-12-09 17:46:00,94,Weather,5,True,75
FL007736,2025-12-09,HEL,BCN,OH-A139,A350,2025-12-09 07:40:00,385,Technical,36,False,228
FL007737,2025-12-09,HEL,FCO,OH-A141,A350,2025-12-09 18:35:00,408,None,0,False,247
FL007738,2025-12-09,HEL,BCN,OH-A127,A321,2025-12-09 20:18:00,152,None,0,False,195
FL007739,2025-12-09,HEL,MAD,OH-A140,A320,2025-12-09 19:37:00,347,None,0,False,101
FL007740,2025-12-09,HEL,FCO,OH-A129,A350,2025-12-09 10:53:00,117,None,0,False,287
FL007741,2025-12-09,HEL,ARN,OH-A123,E190,2025-12-09 19:48:00,218,Crew,29,False,94
FL007742,2025-12-10,HEL,BKK,OH-A100,A350,2025-12-10 13:15:00,543,None,0,False,284
FL007743,2025-12-10,HEL,ARN,OH-A112,A350,2025-12-10 20:22:00,362,None,0,False,185
FL007744,2025-12-10,HEL,BCN,OH-A120,A350,2025-12-10 17:15:00,452,Technical,49,False,253
FL007745,2025-12-10,HEL,ARN,OH-A133,A320,2025-12-10 18:30:00,327,None,0,False,120
FL007746,2025-12-10,HEL,ARN,OH-A108,A321,2025-12-10 14:26:00,104,None,0,False,191
FL007747,2025-12-10,HEL,CDG,OH-A103,A350,2025-12-10 21:35:00,550,None,0,False,258
FL007748,2025-12-10,HEL,FCO,OH-A130,A350,2025-12-10 18:27:00,338,Late Aircraft,37,False,275
FL007749,2025-12-10,HEL,CDG,OH-A112,A350,2025-12-10 05:14:00,447,None,0,False,266
FL007750,2025-12-10,HEL,AMS,OH-A106,A350,2025-12-10 07:06:00,364,None,0,False,237
FL007751,2025-12-10,HEL,NRT,OH-A100,A350,2025-12-10 10:58:00,536,Crew,27,False,274
FL007752,2025-12-10,HEL,LHR,OH-A127,A321,2025-12-10 19:25:00,192,None,0,False,196
FL007753,2025-12-10,HEL,FCO,OH-A108,A321,2025-12-10 11:50:00,108,None,0,False,166
FL007754,2025-12-10,HEL,JFK,OH-A142,A350,2025-12-10 15:45:00,536,None,0,False,165
FL007755,2025-12-10,HEL,MAD,OH-A129,A350,2025-12-10 10:04:00,182,Technical,78,False,261
FL007756,2025-12-10,HEL,BKK,OH-A120,A350,2025-12-10 13:59:00,467,None,0,False,292
FL007757,2025-12-10,HEL,BKK,OH-A137,A320,2025-12-10 20:34:00,203,None,0,False,174
FL007758,2025-12-10,HEL,ARN,OH-A108,A321,2025-12-10 17:04:00,141,None,0,False,205
FL007759,2025-12-10,HEL,OSL,OH-A127,A321,2025-12-10 06:24:00,122,None,0,False,197
FL007760,2025-12-10,HEL,AMS,OH-A135,A321,2025-12-10 13:03:00,395,Weather,63,False,188
FL007761,2025-12-10,HEL,MAD,OH-A100,A350,2025-12-10 16:16:00,292,None,0,False,173
FL007762,2025-12-10,HEL,LHR,OH-A113,A350,2025-12-10 12:41:00,386,ATC,49,False,287
FL007763,2025-12-10,HEL,BCN,OH-A122,E190,2025-12-10 09:24:00,454,None,0,False,99
FL007764,2025-12-10,HEL,NRT,OH-A114,A320,2025-12-10 15:59:00,279,None,0,False,122
FL007765,2025-12-11,HEL,ARN,OH-A106,A350,2025-12-11 13:40:00,194,None,0,False,287
FL007766,2025-12-11,HEL,CPH,OH-A124,A350,2025-12-11 12:40:00,362,Crew,59,False,208
FL007767,2025-12-11,HEL,FCO,OH-A125,A321,2025-12-11 08:59:00,495,None,0,False,151
FL007768,2025-12-11,HEL,FCO,OH-A125,A321,2025-12-11 19:28:00,175,None,0,False,129
FL007769,2025-12-11,HEL,CPH,OH-A101,A320,2025-12-11 19:37:00,352,None,0,False,157
FL007770,2025-12-11,HEL,MUC,OH-A137,A320,2025-12-11 09:18:00,345,Weather,57,False,112
FL007771,2025-12-11,HEL,CDG,OH-A103,A350,2025-12-11 09:42:00,222,None,0,False,174
FL007772,2025-12-11,HEL,MAD,OH-A125,A321,2025-12-11 19:19:00,232,None,0,False,178
FL007773,2025-12-11,HEL,BCN,OH-A126,A320,2025-12-11 12:38:00,272,None,0,False,132
FL007774,2025-12-11,HEL,JFK,OH-A144,A350,2025-12-11 20:26:00,297,None,0,False,282
FL007775,2025-12-11,HEL,BCN,OH-A108,A321,2025-12-11 16:34:00,199,Crew,5,False,141
FL007776,2025-12-11,HEL,OSL,OH-A136,A321,2025-12-11 12:31:00,172,None,0,False,187
FL007777,2025-12-11,HEL,MAD,OH-A112,A350,2025-12-11 06:39:00,221,Ground Handling,16,False,175
FL007778,2025-12-11,HEL,JFK,OH-A115,A321,2025-12-11 21:55:00,271,None,0,False,137
FL007779,2025-12-11,HEL,BKK,OH-A115,A321,2025-12-11 17:33:00,123,None,0,False,179
FL007780,2025-12-11,HEL,MAD,OH-A125,A321,2025-12-11 16:02:00,581,None,0,False,117
FL007781,2025-12-11,HEL,AMS,OH-A118,A350,2025-12-11 10:53:00,56,None,0,False,279
FL007782,2025-12-11,HEL,MUC,OH-A133,A320,2025-12-11 06:41:00,147,None,0,False,99
FL007783,2025-12-11,HEL,CPH,OH-A125,A321,2025-12-11 16:54:00,278,None,0,False,169
FL007784,2025-12-11,HEL,BCN,OH-A117,A321,2025-12-11 08:59:00,140,None,0,False,186
FL007785,2025-12-12,HEL,CDG,OH-A120,A350,2025-12-12 07:23:00,502,None,0,False,291
FL007786,2025-12-12,HEL,FRA,OH-A123,E190,2025-12-12 07:34:00,140,None,0,False,68
FL007787,2025-12-12,HEL,BCN,OH-A111,E190,2025-12-12 21:10:00,142,None,0,False,61
FL007788,2025-12-12,HEL,JFK,OH-A104,A321,2025-12-12 06:42:00,227,Late Aircraft,45,False,130
FL007789,2025-12-12,HEL,ARN,OH-A124,A350,2025-12-12 11:58:00,104,None,0,False,173
FL007790,2025-12-12,HEL,LHR,OH-A117,A321,2025-12-12 09:09:00,410,Crew,70,False,122
FL007791,2025-12-12,HEL,OSL,OH-A146,A320,2025-12-12 19:49:00,335,None,0,False,98
FL007792,2025-12-12,HEL,CDG,OH-A102,E190,2025-12-12 08:41:00,362,None,0,False,58
FL007793,2025-12-12,HEL,MAD,OH-A132,A321,2025-12-12 10:45:00,576,None,0,False,191
FL007794,2025-12-12,HEL,AMS,OH-A129,A350,2025-12-12 12:58:00,259,None,0,False,279
FL007795,2025-12-12,HEL,FRA,OH-A121,A320,2025-12-12 19:39:00,562,None,0,False,132
FL007796,2025-12-12,HEL,FRA,OH-A103,A350,2025-12-12 21:51:00,211,None,0,False,193
FL007797,2025-12-12,HEL,ARN,OH-A127,A321,2025-12-12 10:27:00,95,None,0,False,201
FL007798,2025-12-12,HEL,CPH,OH-A125,A321,2025-12-12 17:51:00,49,None,0,False,208
FL007799,2025-12-12,HEL,LHR,OH-A138,A321,2025-12-12 07:06:00,113,Late Aircraft,12,False,149
FL007800,2025-12-12,HEL,ARN,OH-A109,A320,2025-12-12 10:09:00,254,None,0,False,104
FL007801,2025-12-12,HEL,JFK,OH-A125,A321,2025-12-12 09:26:00,464,None,0,False,132
FL007802,2025-12-12,HEL,BKK,OH-A128,A321,2025-12-12 13:01:00,471,Technical,10,False,161
FL007803,2025-12-12,HEL,FRA,OH-A142,A350,2025-12-12 11:41:00,262,Weather,40,False,285
FL007804,2025-12-12,HEL,MAD,OH-A135,A321,2025-12-12 10:28:00,492,None,0,False,208
FL007805,2025-12-12,HEL,ARN,OH-A118,A350,2025-12-12 19:23:00,143,None,0,False,292
FL007806,2025-12-12,HEL,ARN,OH-A120,A350,2025-12-12 06:43:00,374,None,0,False,295
FL007807,2025-12-12,HEL,BCN,OH-A147,A321,2025-12-12 10:10:00,548,None,0,False,130
FL007808,2025-12-12,HEL,FCO,OH-A113,A350,2025-12-12 13:46:00,509,None,0,False,286
FL007809,2025-12-12,HEL,BKK,OH-A114,A320,2025-12-12 13:41:00,359,None,0,False,148
FL007810,2025-12-12,HEL,AMS,OH-A106,A350,2025-12-12 13:42:00,361,Weather,18,False,163
FL007811,2025-12-13,HEL,NRT,OH-A124,A350,2025-12-13 08:53:00,152,Technical,36,True,204
FL007812,2025-12-13,HEL,MAD,OH-A105,E190,2025-12-13 21:51:00,345,None,0,False,95
FL007813,2025-12-13,HEL,BCN,OH-A123,E190,2025-12-13 13:51:00,289,None,0,False,86
FL007814,2025-12-13,HEL,JFK,OH-A127,A321,2025-12-13 11:25:00,316,Technical,5,False,154
FL007815,2025-12-13,HEL,NRT,OH-A119,A350,2025-12-13 13:11:00,334,None,0,False,216
FL007816,2025-12-13,HEL,LHR,OH-A121,A320,2025-12-13 19:34:00,265,None,0,False,107
FL007817,2025-12-13,HEL,BKK,OH-A119,A350,2025-12-13 16:30:00,128,Crew,58,False,202
FL007818,2025-12-13,HEL,CPH,OH-A108,A321,2025-12-13 20:22:00,278,None,0,False,187
FL007819,2025-12-13,HEL,FCO,OH-A119,A350,2025-12-13 20:59:00,329,Weather,43,False,247
FL007820,2025-12-13,HEL,AMS,OH-A113,A350,2025-12-13 19:10:00,493,Technical,5,False,255
FL007821,2025-12-13,HEL,BCN,OH-A140,A320,2025-12-13 19:27:00,327,None,0,False,119
FL007822,2025-12-13,HEL,JFK,OH-A113,A350,2025-12-13 10:55:00,573,Ground Handling,80,False,241
FL007823,2025-12-13,HEL,FRA,OH-A121,A320,2025-12-13 11:43:00,462,None,0,False,131
FL007824,2025-12-13,HEL,CPH,OH-A106,A350,2025-12-13 10:20:00,517,Crew,36,False,278
FL007825,2025-12-13,HEL,JFK,OH-A130,A350,2025-12-13 10:43:00,490,None,0,False,207
FL007826,2025-12-13,HEL,CPH,OH-A145,A350,2025-12-13 19:48:00,442,None,0,False,238
FL007827,2025-12-13,HEL,MAD,OH-A131,E190,2025-12-13 10:32:00,523,None,0,False,91
FL007828,2025-12-13,HEL,FRA,OH-A119,A350,2025-12-13 20:23:00,285,None,0,False,212
FL007829,2025-12-13,HEL,FRA,OH-A143,A321,2025-12-13 20:14:00,510,None,0,False,131
FL007830,2025-12-13,HEL,LHR,OH-A140,A320,2025-12-13 09:19:00,104,None,0,False,117
FL007831,2025-12-14,HEL,FCO,OH-A113,A350,2025-12-14 19:41:00,302,Ground Handling,38,False,278
FL007832,2025-12-14,HEL,BKK,OH-A116,A320,2025-12-14 13:37:00,315,None,0,False,151
FL007833,2025-12-14,HEL,NRT,OH-A100,A350,2025-12-14 18:52:00,49,Crew,43,False,260
FL007834,2025-12-14,HEL,BKK,OH-A130,A350,2025-12-14 11:12:00,372,None,0,False,216
FL007835,2025-12-14,HEL,MAD,OH-A140,A320,2025-12-14 19:07:00,85,None,0,False,100
FL007836,2025-12-14,HEL,FRA,OH-A112,A350,2025-12-14 15:41:00,304,None,0,False,214
FL007837,2025-12-14,HEL,FCO,OH-A144,A350,2025-12-14 09:55:00,587,Crew,5,False,211
FL007838,2025-12-14,HEL,CPH,OH-A125,A321,2025-12-14 10:25:00,523,None,0,False,195
FL007839,2025-12-14,HEL,BKK,OH-A134,A320,2025-12-14 08:46:00,112,None,0,False,131
FL007840,2025-12-14,HEL,NRT,OH-A132,A321,2025-12-14 07:52:00,477,Weather,13,False,147
FL007841,2025-12-14,HEL,MUC,OH-A103,A350,2025-12-14 07:24:00,331,Ground Handling,32,False,235
FL007842,2025-12-14,HEL,MUC,OH-A110,A320,2025-12-14 11:08:00,410,Crew,50,True,112
FL007843,2025-12-14,HEL,MUC,OH-A141,A350,2025-12-14 10:05:00,540,None,0,False,232
FL007844,2025-12-14,HEL,CPH,OH-A143,A321,2025-12-14 13:53:00,397,None,0,False,126
FL007845,2025-12-14,HEL,OSL,OH-A125,A321,2025-12-14 18:04:00,331,ATC,27,False,191
FL007846,2025-12-14,HEL,FCO,OH-A100,A350,2025-12-14 13:09:00,505,None,0,False,291
FL007847,2025-12-14,HEL,ARN,OH-A107,A350,2025-12-14 07:18:00,96,None,0,False,202
FL007848,2025-12-14,HEL,MAD,OH-A101,A320,2025-12-14 15:14:00,251,None,0,False,133
FL007849,2025-12-14,HEL,CDG,OH-A112,A350,2025-12-14 07:40:00,596,None,0,False,290
FL007850,2025-12-14,HEL,CPH,OH-A118,A350,2025-12-14 15:45:00,454,Ground Handling,61,False,249
FL007851,2025-12-14,HEL,BCN,OH-A126,A320,2025-12-14 13:01:00,470,None,0,False,142
FL007852,2025-12-15,HEL,AMS,OH-A117,A321,2025-12-15 20:01:00,220,None,0,False,189
FL007853,2025-12-15,HEL,JFK,OH-A139,A350,2025-12-15 14:50:00,137,None,0,False,172
FL007854,2025-12-15,HEL,BCN,OH-A109,A320,2025-12-15 11:18:00,533,None,0,False,107
FL007855,2025-12-15,HEL,AMS,OH-A121,A320,2025-12-15 10:11:00,260,None,0,False,142
FL007856,2025-12-15,HEL,JFK,OH-A108,A321,2025-12-15 12:42:00,335,None,0,False,122
FL007857,2025-12-15,HEL,CPH,OH-A112,A350,2025-12-15 15:42:00,248,None,0,False,218
FL007858,2025-12-15,HEL,ARN,OH-A139,A350,2025-12-15 21:50:00,129,None,0,False,264
FL007859,2025-12-15,HEL,MAD,OH-A120,A350,2025-12-15 10:24:00,150,None,0,False,223
FL007860,2025-12-15,HEL,FRA,OH-A102,E190,2025-12-15 09:18:00,499,ATC,22,False,78
FL007861,2025-12-15,HEL,JFK,OH-A110,A320,2025-12-15 18:45:00,228,Weather,34,False,97
FL007862,2025-12-15,HEL,MAD,OH-A123,E190,2025-12-15 13:46:00,47,None,0,False,90
FL007863,2025-12-15,HEL,FCO,OH-A103,A350,2025-12-15 18:14:00,419,None,0,False,184
FL007864,2025-12-15,HEL,LHR,OH-A108,A321,2025-12-15 12:09:00,550,None,0,False,165
FL007865,2025-12-15,HEL,LHR,OH-A106,A350,2025-12-15 10:19:00,463,Ground Handling,5,False,169
FL007866,2025-12-15,HEL,LHR,OH-A142,A350,2025-12-15 21:41:00,494,None,0,False,192
FL007867,2025-12-15,HEL,MAD,OH-A138,A321,2025-12-15 16:46:00,174,Crew,32,False,115
FL007868,2025-12-15,HEL,MAD,OH-A127,A321,2025-12-15 13:51:00,327,None,0,False,125
FL007869,2025-12-15,HEL,BKK,OH-A146,A320,2025-12-15 18:18:00,557,None,0,False,151
FL007870,2025-12-15,HEL,LHR,OH-A139,A350,2025-12-15 20:16:00,360,None,0,False,174
FL007871,2025-12-15,HEL,CPH,OH-A101,A320,2025-12-15 07:39:00,511,None,0,False,161
FL007872,2025-12-15,HEL,BKK,OH-A106,A350,2025-12-15 21:15:00,227,None,0,False,217
FL007873,2025-12-15,HEL,MUC,OH-A138,A321,2025-12-15 18:10:00,80,None,0,False,115
FL007874,2025-12-16,HEL,MAD,OH-A117,A321,2025-12-16 21:47:00,399,None,0,False,118
FL007875,2025-12-16,HEL,CPH,OH-A124,A350,2025-12-16 18:16:00,87,Technical,33,True,259
FL007876,2025-12-16,HEL,FCO,OH-A141,A350,2025-12-16 20:27:00,310,ATC,56,False,224
FL007877,2025-12-16,HEL,AMS,OH-A145,A350,2025-12-16 06:09:00,310,None,0,False,172
FL007878,2025-12-16,HEL,BCN,OH-A122,E190,2025-12-16 17:49:00,335,None,0,True,60
FL007879,2025-12-16,HEL,OSL,OH-A130,A350,2025-12-16 19:35:00,539,Crew,22,False,197
FL007880,2025-12-16,HEL,BKK,OH-A105,E190,2025-12-16 17:46:00,56,None,0,False,73
FL007881,2025-12-16,HEL,FCO,OH-A114,A320,2025-12-16 18:22:00,321,Technical,5,False,140
FL007882,2025-12-16,HEL,MAD,OH-A122,E190,2025-12-16 20:13:00,48,None,0,False,90
FL007883,2025-12-16,HEL,OSL,OH-A114,A320,2025-12-16 10:50:00,285,None,0,False,157
FL007884,2025-12-16,HEL,FCO,OH-A108,A321,2025-12-16 14:09:00,529,None,0,False,114
FL007885,2025-12-16,HEL,AMS,OH-A118,A350,2025-12-16 08:36:00,278,None,0,False,219
FL007886,2025-12-16,HEL,BCN,OH-A133,A320,2025-12-16 15:38:00,48,None,0,False,141
FL007887,2025-12-16,HEL,MAD,OH-A112,A350,2025-12-16 13:00:00,498,None,0,False,262
FL007888,2025-12-16,HEL,JFK,OH-A117,A321,2025-12-16 17:01:00,113,Crew,62,False,123
FL007889,2025-12-16,HEL,JFK,OH-A142,A350,2025-12-16 18:15:00,188,Weather,44,False,197
FL007890,2025-12-16,HEL,AMS,OH-A134,A320,2025-12-16 06:35:00,125,None,0,False,138
FL007891,2025-12-16,HEL,CPH,OH-A129,A350,2025-12-16 14:39:00,208,None,0,False,295
FL007892,2025-12-16,HEL,FRA,OH-A109,A320,2025-12-16 18:34:00,49,ATC,10,False,128
FL007893,2025-12-16,HEL,AMS,OH-A143,A321,2025-12-16 19:21:00,409,Technical,55,False,169
FL007894,2025-12-16,HEL,CDG,OH-A146,A320,2025-12-16 13:23:00,130,None,0,False,158
FL007895,2025-12-16,HEL,FRA,OH-A132,A321,2025-12-16 05:42:00,81,Ground Handling,55,False,160
FL007896,2025-12-16,HEL,BCN,OH-A100,A350,2025-12-16 14:23:00,383,None,0,False,192
FL007897,2025-12-16,HEL,BCN,OH-A126,A320,2025-12-16 12:20:00,511,None,0,False,128
FL007898,2025-12-17,HEL,BCN,OH-A139,A350,2025-12-17 20:16:00,56,ATC,40,False,232
FL007899,2025-12-17,HEL,NRT,OH-A134,A320,2025-12-17 06:07:00,241,None,0,False,104
FL007900,2025-12-17,HEL,BCN,OH-A138,A321,2025-12-17 21:40:00,475,None,0,False,174
FL007901,2025-12-17,HEL,CDG,OH-A114,A320,2025-12-17 18:16:00,329,None,0,False,124
FL007902,2025-12-17,HEL,FCO,OH-A113,A350,2025-12-17 17:46:00,112,Late Aircraft,5,False,191
FL007903,2025-12-17,HEL,OSL,OH-A117,A321,2025-12-17 10:47:00,526,None,0,False,123
FL007904,2025-12-17,HEL,LHR,OH-A143,A321,2025-12-17 11:42:00,81,None,0,False,185
FL007905,2025-12-17,HEL,OSL,OH-A146,A320,2025-12-17 13:42:00,421,Technical,14,False,108
FL007906,2025-12-17,HEL,NRT,OH-A109,A320,2025-12-17 08:24:00,97,None,0,False,127
FL007907,2025-12-17,HEL,BKK,OH-A139,A350,2025-12-17 20:54:00,216,None,0,False,280
FL007908,2025-12-17,HEL,BKK,OH-A122,E190,2025-12-17 15:18:00,111,None,0,False,93
FL007909,2025-12-17,HEL,ARN,OH-A141,A350,2025-12-17 13:07:00,540,None,0,False,205
FL007910,2025-12-17,HEL,NRT,OH-A130,A350,2025-12-17 10:13:00,603,None,0,False,265
FL007911,2025-12-17,HEL,LHR,OH-A119,A350,2025-12-17 12:19:00,285,None,0,False,260
FL007912,2025-12-17,HEL,BKK,OH-A147,A321,2025-12-17 11:30:00,564,Weather,18,False,181
FL007913,2025-12-17,HEL,CDG,OH-A142,A350,2025-12-17 18:21:00,227,Late Aircraft,27,False,285
FL007914,2025-12-17,HEL,CDG,OH-A130,A350,2025-12-17 19:46:00,253,None,0,False,178
FL007915,2025-12-17,HEL,MAD,OH-A132,A321,2025-12-17 20:48:00,445,ATC,5,False,124
FL007916,2025-12-17,HEL,JFK,OH-A136,A321,2025-12-17 05:05:00,510,Technical,36,False,176
FL007917,2025-12-17,HEL,AMS,OH-A146,A320,2025-12-17 11:24:00,493,None,0,False,153
FL007918,2025-12-18,HEL,MUC,OH-A146,A320,2025-12-18 18:15:00,484,None,0,False,104
FL007919,2025-12-18,HEL,ARN,OH-A143,A321,2025-12-18 18:37:00,243,None,0,False,173
FL007920,2025-12-18,HEL,BKK,OH-A113,A350,2025-12-18 15:42:00,133,None,0,False,217
FL007921,2025-12-18,HEL,MUC,OH-A118,A350,2025-12-18 14:08:00,370,None,0,False,167
FL007922,2025-12-18,HEL,MUC,OH-A138,A321,2025-12-18 15:52:00,99,ATC,48,False,195
FL007923,2025-12-18,HEL,CDG,OH-A104,A321,2025-12-18 16:13:00,357,Weather,26,True,132
FL007924,2025-12-18,HEL,LHR,OH-A111,E190,2025-12-18 19:08:00,332,ATC,6,False,56
FL007925,2025-12-18,HEL,CDG,OH-A140,A320,2025-12-18 12:49:00,121,Technical,5,False,115
FL007926,2025-12-18,HEL,FRA,OH-A113,A350,2025-12-18 20:57:00,133,None,0,False,275
FL007927,2025-12-18,HEL,AMS,OH-A124,A350,2025-12-18 15:29:00,549,None,0,False,166
FL007928,2025-12-18,HEL,AMS,OH-A111,E190,2025-12-18 07:02:00,252,None,0,False,92
FL007929,2025-12-18,HEL,MUC,OH-A141,A350,2025-12-18 13:59:00,264,Crew,5,False,218
FL007930,2025-12-18,HEL,FRA,OH-A120,A350,2025-12-18 18:37:00,406,None,0,False,186
FL007931,2025-12-18,HEL,CDG,OH-A116,A320,2025-12-18 20:52:00,328,Technical,50,False,127
FL007932,2025-12-18,HEL,BCN,OH-A100,A350,2025-12-18 15:27:00,438,None,0,False,267
FL007933,2025-12-18,HEL,LHR,OH-A104,A321,2025-12-18 15:07:00,259,None,0,False,169
FL007934,2025-12-18,HEL,BKK,OH-A107,A350,2025-12-18 20:30:00,409,None,0,False,282
FL007935,2025-12-18,HEL,MAD,OH-A100,A350,2025-12-18 07:39:00,174,None,0,False,180
FL007936,2025-12-18,HEL,LHR,OH-A126,A320,2025-12-18 08:08:00,286,Weather,12,False,145
FL007937,2025-12-18,HEL,MAD,OH-A103,A350,2025-12-18 13:26:00,484,None,0,False,202
FL007938,2025-12-19,HEL,MUC,OH-A129,A350,2025-12-19 06:10:00,110,Weather,61,False,279
FL007939,2025-12-19,HEL,ARN,OH-A138,A321,2025-12-19 16:57:00,51,None,0,False,169
FL007940,2025-12-19,HEL,NRT,OH-A147,A321,2025-12-19 10:58:00,519,None,0,False,203
FL007941,2025-12-19,HEL,LHR,OH-A108,A321,2025-12-19 17:38:00,128,Crew,5,False,209
FL007942,2025-12-19,HEL,BCN,OH-A137,A320,2025-12-19 14:11:00,230,None,0,False,112
FL007943,2025-12-19,HEL,JFK,OH-A145,A350,2025-12-19 05:33:00,362,Weather,34,False,212
FL007944,2025-12-19,HEL,MAD,OH-A140,A320,2025-12-19 09:04:00,466,None,0,False,119
FL007945,2025-12-19,HEL,AMS,OH-A113,A350,2025-12-19 17:16:00,135,None,0,False,206
FL007946,2025-12-19,HEL,ARN,OH-A145,A350,2025-12-19 14:47:00,218,Crew,60,False,226
FL007947,2025-12-19,HEL,LHR,OH-A104,A321,2025-12-19 18:41:00,61,None,0,False,121
FL007948,2025-12-19,HEL,MUC,OH-A135,A321,2025-12-19 05:16:00,475,ATC,42,False,187
FL007949,2025-12-19,HEL,BKK,OH-A118,A350,2025-12-19 21:27:00,109,None,0,False,230
FL007950,2025-12-19,HEL,ARN,OH-A102,E190,2025-12-19 16:07:00,324,None,0,False,100
FL007951,2025-12-19,HEL,OSL,OH-A142,A350,2025-12-19 11:06:00,613,None,0,False,222
FL007952,2025-12-19,HEL,AMS,OH-A121,A320,2025-12-19 20:45:00,251,Ground Handling,26,True,166
FL007953,2025-12-19,HEL,JFK,OH-A120,A350,2025-12-19 08:03:00,522,Technical,20,False,238
FL007954,2025-12-19,HEL,BKK,OH-A135,A321,2025-12-19 16:02:00,197,None,0,False,118
FL007955,2025-12-19,HEL,OSL,OH-A122,E190,2025-12-19 10:27:00,311,None,0,False,91
FL007956,2025-12-19,HEL,BCN,OH-A140,A320,2025-12-19 11:35:00,115,None,0,False,147
FL007957,2025-12-19,HEL,BKK,OH-A107,A350,2025-12-19 21:55:00,50,Ground Handling,57,False,219
FL007958,2025-12-19,HEL,BKK,OH-A106,A350,2025-12-19 11:25:00,462,None,0,False,206
FL007959,2025-12-19,HEL,JFK,OH-A147,A321,2025-12-19 18:18:00,565,Crew,43,False,126
FL007960,2025-12-19,HEL,FCO,OH-A135,A321,2025-12-19 17:20:00,495,None,0,False,117
FL007961,2025-12-19,HEL,LHR,OH-A114,A320,2025-12-19 16:17:00,490,None,0,False,116
FL007962,2025-12-19,HEL,CDG,OH-A110,A320,2025-12-19 06:33:00,172,None,0,False,110
FL007963,2025-12-19,HEL,BKK,OH-A133,A320,2025-12-19 19:03:00,223,ATC,5,False,157
FL007964,2025-12-20,HEL,BKK,OH-A138,A321,2025-12-20 17:36:00,108,Ground Handling,10,False,199
FL007965,2025-12-20,HEL,ARN,OH-A105,E190,2025-12-20 11:09:00,48,None,0,False,56
FL007966,2025-12-20,HEL,ARN,OH-A115,A321,2025-12-20 14:25:00,239,None,0,False,177
FL007967,2025-12-20,HEL,CPH,OH-A105,E190,2025-12-20 14:30:00,555,None,0,False,84
FL007968,2025-12-20,HEL,MUC,OH-A145,A350,2025-12-20 08:59:00,605,None,0,False,291
FL007969,2025-12-20,HEL,LHR,OH-A123,E190,2025-12-20 17:38:00,509,Crew,31,False,66
FL007970,2025-12-20,HEL,LHR,OH-A112,A350,2025-12-20 21:28:00,466,None,0,False,167
FL007971,2025-12-20,HEL,NRT,OH-A109,A320,2025-12-20 13:55:00,559,None,0,False,125
FL007972,2025-12-20,HEL,BKK,OH-A145,A350,2025-12-20 19:19:00,292,Weather,59,False,215
FL007973,2025-12-20,HEL,NRT,OH-A116,A320,2025-12-20 15:45:00,388,None,0,False,140
FL007974,2025-12-20,HEL,CDG,OH-A118,A350,2025-12-20 11:38:00,247,None,0,False,182
FL007975,2025-12-20,HEL,CPH,OH-A112,A350,2025-12-20 20:40:00,204,Technical,5,False,211
FL007976,2025-12-20,HEL,BKK,OH-A131,E190,2025-12-20 12:40:00,279,ATC,66,False,74
FL007977,2025-12-20,HEL,MUC,OH-A117,A321,2025-12-20 13:27:00,300,ATC,6,False,209
FL007978,2025-12-20,HEL,BKK,OH-A114,A320,2025-12-20 06:24:00,95,Ground Handling,41,False,127
FL007979,2025-12-20,HEL,OSL,OH-A119,A350,2025-12-20 17:52:00,584,None,0,False,181
FL007980,2025-12-20,HEL,BKK,OH-A101,A320,2025-12-20 06:13:00,599,None,0,False,117
FL007981,2025-12-20,HEL,CDG,OH-A138,A321,2025-12-20 16:00:00,361,None,0,False,136
FL007982,2025-12-21,HEL,AMS,OH-A103,A350,2025-12-21 20:42:00,585,None,0,False,275
FL007983,2025-12-21,HEL,NRT,OH-A127,A321,2025-12-21 18:17:00,197,None,0,False,202
FL007984,2025-12-21,HEL,CDG,OH-A143,A321,2025-12-21 12:27:00,73,None,0,False,119
FL007985,2025-12-21,HEL,AMS,OH-A145,A350,2025-12-21 07:00:00,279,None,0,False,215
FL007986,2025-12-21,HEL,CPH,OH-A141,A350,2025-12-21 12:49:00,242,None,0,False,176
FL007987,2025-12-21,HEL,FCO,OH-A139,A350,2025-12-21 09:51:00,572,None,0,False,215
FL007988,2025-12-21,HEL,CDG,OH-A136,A321,2025-12-21 12:37:00,229,ATC,14,False,199
FL007989,2025-12-21,HEL,OSL,OH-A104,A321,2025-12-21 12:25:00,109,None,0,False,122
FL007990,2025-12-21,HEL,CPH,OH-A116,A320,2025-12-21 16:49:00,373,None,0,False,166
FL007991,2025-12-21,HEL,CDG,OH-A121,A320,2025-12-21 17:01:00,196,None,0,False,111
FL007992,2025-12-21,HEL,OSL,OH-A112,A350,2025-12-21 06:56:00,172,Crew,59,False,259
FL007993,2025-12-21,HEL,FRA,OH-A127,A321,2025-12-21 07:19:00,367,None,0,False,194
FL007994,2025-12-21,HEL,AMS,OH-A122,E190,2025-12-21 09:06:00,318,None,0,False,63
FL007995,2025-12-21,HEL,FRA,OH-A126,A320,2025-12-21 19:39:00,381,None,0,False,155
FL007996,2025-12-21,HEL,AMS,OH-A110,A320,2025-12-21 06:48:00,116,None,0,False,139
FL007997,2025-12-21,HEL,CPH,OH-A104,A321,2025-12-21 15:23:00,297,None,0,False,196
FL007998,2025-12-21,HEL,FCO,OH-A147,A321,2025-12-21 14:26:00,476,None,0,False,181
FL007999,2025-12-21,HEL,MUC,OH-A144,A350,2025-12-21 21:01:00,471,None,0,False,178
FL008000,2025-12-21,HEL,OSL,OH-A130,A350,2025-12-21 06:53:00,506,None,0,False,259
FL008001,2025-12-22,HEL,ARN,OH-A104,A321,2025-12-22 06:52:00,436,None,0,False,116
FL008002,2025-12-22,HEL,BCN,OH-A144,A350,2025-12-22 17:25:00,482,None,0,False,178
FL008003,2025-12-22,HEL,ARN,OH-A133,A320,2025-12-22 17:09:00,275,None,0,False,150
FL008004,2025-12-22,HEL,CDG,OH-A122,E190,2025-12-22 09:07:00,485,None,0,False,98
FL008005,2025-12-22,HEL,CPH,OH-A145,A350,2025-12-22 06:53:00,459,None,0,False,271
FL008006,2025-12-22,HEL,MUC,OH-A123,E190,2025-12-22 16:14:00,132,None,0,False,86
FL008007,2025-12-22,HEL,LHR,OH-A116,A320,2025-12-22 12:04:00,367,None,0,False,174
FL008008,2025-12-22,HEL,LHR,OH-A103,A350,2025-12-22 08:31:00,583,None,0,False,292
FL008009,2025-12-22,HEL,AMS,OH-A138,A321,2025-12-22 14:27:00,286,None,0,False,144
FL008010,2025-12-22,HEL,FRA,OH-A122,E190,2025-12-22 18:13:00,486,ATC,58,False,84
FL008011,2025-12-22,HEL,FCO,OH-A127,A321,2025-12-22 20:37:00,113,Weather,16,False,191
FL008012,2025-12-22,HEL,BKK,OH-A129,A350,2025-12-22 08:06:00,423,Technical,62,False,174
FL008013,2025-12-22,HEL,BCN,OH-A101,A320,2025-12-22 13:04:00,219,Technical,47,False,133
FL008014,2025-12-22,HEL,FRA,OH-A127,A321,2025-12-22 14:44:00,89,None,0,False,121
FL008015,2025-12-22,HEL,BCN,OH-A141,A350,2025-12-22 13:17:00,282,ATC,7,False,257
FL008016,2025-12-22,HEL,MUC,OH-A138,A321,2025-12-22 20:34:00,607,Weather,8,False,174
FL008017,2025-12-22,HEL,ARN,OH-A143,A321,2025-12-22 18:24:00,596,None,0,False,204
FL008018,2025-12-22,HEL,FRA,OH-A141,A350,2025-12-22 08:24:00,82,ATC,54,False,230
FL008019,2025-12-22,HEL,FCO,OH-A117,A321,2025-12-22 06:37:00,525,None,0,False,150
FL008020,2025-12-22,HEL,JFK,OH-A104,A321,2025-12-22 05:55:00,82,None,0,False,162
FL008021,2025-12-23,HEL,CDG,OH-A142,A350,2025-12-23 13:39:00,54,None,0,False,172
FL008022,2025-12-23,HEL,ARN,OH-A135,A321,2025-12-23 15:02:00,359,None,0,False,162
FL008023,2025-12-23,HEL,JFK,OH-A146,A320,2025-12-23 08:33:00,98,Technical,59,False,112
FL008024,2025-12-23,HEL,MAD,OH-A133,A320,2025-12-23 08:28:00,87,None,0,False,127
FL008025,2025-12-23,HEL,BCN,OH-A140,A320,2025-12-23 16:10:00,381,None,0,False,123
FL008026,2025-12-23,HEL,LHR,OH-A113,A350,2025-12-23 15:51:00,529,None,0,False,189
FL008027,2025-12-23,HEL,BKK,OH-A131,E190,2025-12-23 12:35:00,140,None,0,False,69
FL008028,2025-12-23,HEL,ARN,OH-A111,E190,2025-12-23 07:55:00,533,None,0,False,87
FL008029,2025-12-23,HEL,FCO,OH-A125,A321,2025-12-23 09:55:00,375,None,0,False,177
FL008030,2025-12-23,HEL,FCO,OH-A129,A350,2025-12-23 15:37:00,245,None,0,False,199
FL008031,2025-12-23,HEL,FCO,OH-A101,A320,2025-12-23 16:06:00,616,ATC,60,False,146
FL008032,2025-12-23,HEL,BCN,OH-A145,A350,2025-12-23 10:57:00,505,None,0,False,285
FL008033,2025-12-23,HEL,CDG,OH-A132,A321,2025-12-23 19:27:00,275,Technical,45,False,173
FL008034,2025-12-23,HEL,FRA,OH-A111,E190,2025-12-23 18:26:00,421,Weather,5,False,72
FL008035,2025-12-23,HEL,FRA,OH-A134,A320,2025-12-23 18:32:00,267,None,0,False,150
FL008036,2025-12-23,HEL,NRT,OH-A100,A350,2025-12-23 09:08:00,536,None,0,False,190
FL008037,2025-12-23,HEL,FCO,OH-A121,A320,2025-12-23 11:34:00,414,None,0,False,129
FL008038,2025-12-23,HEL,FRA,OH-A131,E190,2025-12-23 20:27:00,84,None,0,False,96
FL008039,2025-12-23,HEL,FCO,OH-A119,A350,2025-12-23 10:15:00,477,Weather,16,False,283
FL008040,2025-12-23,HEL,BKK,OH-A129,A350,2025-12-23 13:31:00,597,Crew,11,False,257
FL008041,2025-12-23,HEL,MAD,OH-A143,A321,2025-12-23 17:24:00,608,None,0,False,148
FL008042,2025-12-23,HEL,CDG,OH-A143,A321,2025-12-23 20:06:00,468,None,0,False,137
FL008043,2025-12-23,HEL,ARN,OH-A133,A320,2025-12-23 05:45:00,469,Ground Handling,26,False,127
FL008044,2025-12-24,HEL,BCN,OH-A111,E190,2025-12-24 12:03:00,419,None,0,False,55
FL008045,2025-12-24,HEL,FCO,OH-A147,A321,2025-12-24 20:22:00,433,None,0,False,115
FL008046,2025-12-24,HEL,BCN,OH-A116,A320,2025-12-24 12:48:00,510,None,0,False,104
FL008047,2025-12-24,HEL,BCN,OH-A116,A320,2025-12-24 05:08:00,387,Technical,17,False,116
FL008048,2025-12-24,HEL,MAD,OH-A125,A321,2025-12-24 13:59:00,198,None,0,False,177
FL008049,2025-12-24,HEL,CDG,OH-A139,A350,2025-12-24 12:04:00,304,Crew,23,False,224
FL008050,2025-12-24,HEL,BCN,OH-A103,A350,2025-12-24 19:22:00,95,None,0,False,208
FL008051,2025-12-24,HEL,ARN,OH-A125,A321,2025-12-24 07:37:00,388,None,0,False,208
FL008052,2025-12-24,HEL,JFK,OH-A127,A321,2025-12-24 14:01:00,389,None,0,False,149
FL008053,2025-12-24,HEL,AMS,OH-A118,A350,2025-12-24 16:28:00,181,None,0,False,189
FL008054,2025-12-24,HEL,JFK,OH-A115,A321,2025-12-24 16:01:00,554,None,0,False,138
FL008055,2025-12-24,HEL,LHR,OH-A130,A350,2025-12-24 20:46:00,613,None,0,False,277
FL008056,2025-12-24,HEL,BKK,OH-A117,A321,2025-12-24 15:11:00,451,None,0,False,124
FL008057,2025-12-24,HEL,MUC,OH-A115,A321,2025-12-24 12:29:00,576,None,0,False,158
FL008058,2025-12-24,HEL,BKK,OH-A137,A320,2025-12-24 17:05:00,448,None,0,False,130
FL008059,2025-12-24,HEL,CDG,OH-A113,A350,2025-12-24 21:00:00,306,ATC,58,False,290
FL008060,2025-12-24,HEL,MUC,OH-A114,A320,2025-12-24 11:30:00,217,None,0,False,95
FL008061,2025-12-24,HEL,MAD,OH-A110,A320,2025-12-24 20:18:00,116,Technical,5,False,174
FL008062,2025-12-24,HEL,MAD,OH-A133,A320,2025-12-24 19:54:00,240,None,0,False,145
FL008063,2025-12-24,HEL,LHR,OH-A100,A350,2025-12-24 05:06:00,309,Weather,35,False,292
FL008064,2025-12-24,HEL,AMS,OH-A124,A350,2025-12-24 09:02:00,521,None,0,False,282
FL008065,2025-12-25,HEL,JFK,OH-A116,A320,2025-12-25 15:28:00,542,None,0,False,116
FL008066,2025-12-25,HEL,JFK,OH-A130,A350,2025-12-25 05:54:00,302,None,0,False,252
FL008067,2025-12-25,HEL,BKK,OH-A128,A321,2025-12-25 12:01:00,57,None,0,False,152
FL008068,2025-12-25,HEL,CPH,OH-A101,A320,2025-12-25 18:31:00,500,Weather,31,False,135
FL008069,2025-12-25,HEL,MUC,OH-A131,E190,2025-12-25 13:30:00,611,Technical,5,False,60
FL008070,2025-12-25,HEL,JFK,OH-A146,A320,2025-12-25 19:28:00,438,ATC,19,False,134
FL008071,2025-12-25,HEL,BKK,OH-A111,E190,2025-12-25 14:15:00,277,Weather,5,False,95
FL008072,2025-12-25,HEL,CPH,OH-A145,A350,2025-12-25 09:12:00,461,ATC,33,False,209
FL008073,2025-12-25,HEL,MAD,OH-A112,A350,2025-12-25 08:12:00,276,None,0,False,207
FL008074,2025-12-25,HEL,CPH,OH-A113,A350,2025-12-25 06:14:00,164,None,0,False,278
FL008075,2025-12-25,HEL,CPH,OH-A105,E190,2025-12-25 19:51:00,234,None,0,False,66
FL008076,2025-12-25,HEL,JFK,OH-A124,A350,2025-12-25 14:53:00,162,None,0,False,171
FL008077,2025-12-25,HEL,NRT,OH-A116,A320,2025-12-25 09:17:00,409,None,0,False,145
FL008078,2025-12-25,HEL,OSL,OH-A146,A320,2025-12-25 14:21:00,565,None,0,False,97
FL008079,2025-12-25,HEL,JFK,OH-A134,A320,2025-12-25 12:19:00,579,Late Aircraft,35,False,105
FL008080,2025-12-25,HEL,NRT,OH-A137,A320,2025-12-25 20:47:00,343,None,0,True,102
FL008081,2025-12-25,HEL,MUC,OH-A129,A350,2025-12-25 17:27:00,392,None,0,False,208
FL008082,2025-12-25,HEL,OSL,OH-A108,A321,2025-12-25 18:37:00,84,ATC,17,False,162
FL008083,2025-12-25,HEL,FCO,OH-A101,A320,2025-12-25 15:54:00,548,None,0,False,141
FL008084,2025-12-25,HEL,MUC,OH-A124,A350,2025-12-25 11:00:00,524,None,0,False,212
FL008085,2025-12-26,HEL,NRT,OH-A135,A321,2025-12-26 07:39:00,56,None,0,False,153
FL008086,2025-12-26,HEL,NRT,OH-A126,A320,2025-12-26 12:11:00,574,None,0,False,95
FL008087,2025-12-26,HEL,ARN,OH-A124,A350,2025-12-26 05:14:00,465,None,0,False,284
FL008088,2025-12-26,HEL,FCO,OH-A141,A350,2025-12-26 15:32:00,439,None,0,False,264
FL008089,2025-12-26,HEL,OSL,OH-A123,E190,2025-12-26 13:40:00,126,None,0,False,98
FL008090,2025-12-26,HEL,AMS,OH-A142,A350,2025-12-26 07:30:00,88,None,0,False,278
FL008091,2025-12-26,HEL,NRT,OH-A121,A320,2025-12-26 14:03:00,364,None,0,False,98
FL008092,2025-12-26,HEL,BKK,OH-A123,E190,2025-12-26 11:57:00,564,ATC,11,False,88
FL008093,2025-12-26,HEL,JFK,OH-A144,A350,2025-12-26 05:19:00,391,ATC,11,False,273
FL008094,2025-12-26,HEL,OSL,OH-A130,A350,2025-12-26 10:52:00,498,None,0,False,181
FL008095,2025-12-26,HEL,ARN,OH-A103,A350,2025-12-26 13:16:00,266,None,0,True,166
FL008096,2025-12-26,HEL,BKK,OH-A110,A320,2025-12-26 06:15:00,266,Ground Handling,27,False,166
FL008097,2025-12-26,HEL,LHR,OH-A139,A350,2025-12-26 19:03:00,480,Technical,34,False,273
FL008098,2025-12-26,HEL,LHR,OH-A111,E190,2025-12-26 19:47:00,225,Crew,45,False,57
FL008099,2025-12-26,HEL,MUC,OH-A126,A320,2025-12-26 13:17:00,105,None,0,False,101
FL008100,2025-12-26,HEL,OSL,OH-A121,A320,2025-12-26 09:45:00,478,None,0,False,145
FL008101,2025-12-26,HEL,MAD,OH-A117,A321,2025-12-26 12:19:00,552,None,0,False,159
FL008102,2025-12-26,HEL,NRT,OH-A112,A350,2025-12-26 05:00:00,394,Technical,35,False,185
FL008103,2025-12-26,HEL,CDG,OH-A129,A350,2025-12-26 10:30:00,169,None,0,False,290
FL008104,2025-12-26,HEL,FRA,OH-A137,A320,2025-12-26 15:20:00,259,Technical,44,False,127
FL008105,2025-12-26,HEL,NRT,OH-A143,A321,2025-12-26 16:15:00,100,None,0,False,146
FL008106,2025-12-26,HEL,NRT,OH-A122,E190,2025-12-26 06:15:00,607,None,0,False,57
FL008107,2025-12-26,HEL,CPH,OH-A109,A320,2025-12-26 06:28:00,194,None,0,False,168
FL008108,2025-12-27,HEL,LHR,OH-A143,A321,2025-12-27 11:36:00,333,Late Aircraft,68,False,177
FL008109,2025-12-27,HEL,BKK,OH-A127,A321,2025-12-27 13:16:00,605,Technical,28,False,209
FL008110,2025-12-27,HEL,BCN,OH-A115,A321,2025-12-27 15:26:00,354,None,0,False,147
FL008111,2025-12-27,HEL,MUC,OH-A133,A320,2025-12-27 05:52:00,260,Technical,82,False,137
FL008112,2025-12-27,HEL,NRT,OH-A112,A350,2025-12-27 15:08:00,491,None,0,False,170
FL008113,2025-12-27,HEL,OSL,OH-A117,A321,2025-12-27 15:45:00,48,Weather,33,False,159
FL008114,2025-12-27,HEL,AMS,OH-A142,A350,2025-12-27 13:54:00,155,None,0,False,275
FL008115,2025-12-27,HEL,OSL,OH-A132,A321,2025-12-27 08:30:00,119,None,0,False,192
FL008116,2025-12-27,HEL,JFK,OH-A142,A350,2025-12-27 10:58:00,278,None,0,False,280
FL008117,2025-12-27,HEL,OSL,OH-A133,A320,2025-12-27 11:26:00,440,Technical,15,False,109
FL008118,2025-12-27,HEL,CPH,OH-A111,E190,2025-12-27 10:22:00,321,Weather,22,False,79
FL008119,2025-12-27,HEL,AMS,OH-A136,A321,2025-12-27 13:45:00,423,Technical,54,False,170
FL008120,2025-12-27,HEL,MUC,OH-A128,A321,2025-12-27 10:23:00,467,ATC,7,False,165
FL008121,2025-12-27,HEL,OSL,OH-A126,A320,2025-12-27 10:07:00,359,None,0,False,155
FL008122,2025-12-27,HEL,NRT,OH-A105,E190,2025-12-27 16:38:00,493,None,0,False,90
FL008123,2025-12-27,HEL,JFK,OH-A131,E190,2025-12-27 05:09:00,551,None,0,False,69
FL008124,2025-12-27,HEL,NRT,OH-A107,A350,2025-12-27 15:49:00,85,None,0,False,194
FL008125,2025-12-27,HEL,AMS,OH-A104,A321,2025-12-27 16:23:00,494,Crew,54,False,179
FL008126,2025-12-27,HEL,AMS,OH-A121,A320,2025-12-27 08:18:00,141,None,0,False,130
FL008127,2025-12-27,HEL,MUC,OH-A120,A350,2025-12-27 11:39:00,278,None,0,False,193
FL008128,2025-12-28,HEL,LHR,OH-A109,A320,2025-12-28 13:29:00,385,None,0,False,151
FL008129,2025-12-28,HEL,AMS,OH-A147,A321,2025-12-28 05:40:00,219,Technical,53,False,198
FL008130,2025-12-28,HEL,OSL,OH-A135,A321,2025-12-28 15:32:00,215,None,0,False,189
FL008131,2025-12-28,HEL,BKK,OH-A135,A321,2025-12-28 07:14:00,318,None,0,False,179
FL008132,2025-12-28,HEL,JFK,OH-A126,A320,2025-12-28 07:19:00,202,Ground Handling,5,False,108
FL008133,2025-12-28,HEL,OSL,OH-A125,A321,2025-12-28 09:57:00,557,None,0,False,154
FL008134,2025-12-28,HEL,JFK,OH-A112,A350,2025-12-28 10:10:00,233,ATC,33,False,183
FL008135,2025-12-28,HEL,NRT,OH-A116,A320,2025-12-28 05:04:00,447,Ground Handling,5,False,95
FL008136,2025-12-28,HEL,MAD,OH-A102,E190,2025-12-28 17:43:00,316,None,0,False,88
FL008137,2025-12-28,HEL,BKK,OH-A146,A320,2025-12-28 05:46:00,88,None,0,False,130
FL008138,2025-12-28,HEL,OSL,OH-A147,A321,2025-12-28 11:10:00,552,Late Aircraft,42,False,206
FL008139,2025-12-28,HEL,CDG,OH-A118,A350,2025-12-28 14:07:00,478,Weather,65,False,249
FL008140,2025-12-28,HEL,BCN,OH-A126,A320,2025-12-28 19:11:00,265,None,0,False,139
FL008141,2025-12-28,HEL,MUC,OH-A115,A321,2025-12-28 07:43:00,489,None,0,False,154
FL008142,2025-12-28,HEL,MAD,OH-A130,A350,2025-12-28 17:55:00,584,None,0,False,246
FL008143,2025-12-28,HEL,BKK,OH-A138,A321,2025-12-28 06:54:00,447,Late Aircraft,35,False,183
FL008144,2025-12-28,HEL,LHR,OH-A135,A321,2025-12-28 21:23:00,571,None,0,False,128
FL008145,2025-12-28,HEL,NRT,OH-A138,A321,2025-12-28 08:50:00,237,None,0,False,160
FL008146,2025-12-28,HEL,CPH,OH-A138,A321,2025-12-28 17:54:00,48,Crew,14,False,152
FL008147,2025-12-28,HEL,FRA,OH-A138,A321,2025-12-28 11:34:00,192,None,0,False,189
FL008148,2025-12-28,HEL,FRA,OH-A105,E190,2025-12-28 15:27:00,515,None,0,False,60
FL008149,2025-12-28,HEL,JFK,OH-A132,A321,2025-12-28 12:42:00,526,ATC,5,False,204
FL008150,2025-12-28,HEL,AMS,OH-A143,A321,2025-12-28 11:00:00,511,None,0,False,184
FL008151,2025-12-28,HEL,JFK,OH-A123,E190,2025-12-28 19:41:00,615,Ground Handling,37,False,72
FL008152,2025-12-28,HEL,OSL,OH-A131,E190,2025-12-28 21:46:00,300,None,0,False,98
FL008153,2025-12-28,HEL,BKK,OH-A116,A320,2025-12-28 15:18:00,566,Technical,60,False,108
FL008154,2025-12-29,HEL,MAD,OH-A105,E190,2025-12-29 08:23:00,273,None,0,False,89
FL008155,2025-12-29,HEL,BKK,OH-A140,A320,2025-12-29 19:36:00,186,None,0,False,106
FL008156,2025-12-29,HEL,MAD,OH-A114,A320,2025-12-29 05:17:00,285,None,0,False,149
FL008157,2025-12-29,HEL,BCN,OH-A105,E190,2025-12-29 17:42:00,404,None,0,False,98
FL008158,2025-12-29,HEL,ARN,OH-A128,A321,2025-12-29 05:23:00,154,None,0,False,127
FL008159,2025-12-29,HEL,ARN,OH-A130,A350,2025-12-29 21:50:00,159,None,0,False,257
FL008160,2025-12-29,HEL,FRA,OH-A131,E190,2025-12-29 21:46:00,485,Ground Handling,31,False,82
FL008161,2025-12-29,HEL,MUC,OH-A146,A320,2025-12-29 20:05:00,252,Late Aircraft,42,False,159
FL008162,2025-12-29,HEL,AMS,OH-A124,A350,2025-12-29 13:40:00,540,None,0,False,216
FL008163,2025-12-29,HEL,BKK,OH-A106,A350,2025-12-29 08:40:00,519,None,0,False,189
FL008164,2025-12-29,HEL,CDG,OH-A147,A321,2025-12-29 12:55:00,132,Weather,53,False,122
FL008165,2025-12-29,HEL,BKK,OH-A147,A321,2025-12-29 12:21:00,594,None,0,False,209
FL008166,2025-12-29,HEL,LHR,OH-A126,A320,2025-12-29 14:48:00,92,Late Aircraft,42,False,149
FL008167,2025-12-29,HEL,CDG,OH-A130,A350,2025-12-29 13:16:00,351,Crew,39,False,185
FL008168,2025-12-29,HEL,CDG,OH-A107,A350,2025-12-29 07:19:00,598,None,0,False,196
FL008169,2025-12-29,HEL,FCO,OH-A126,A320,2025-12-29 16:57:00,320,None,0,False,143
FL008170,2025-12-29,HEL,CDG,OH-A119,A350,2025-12-29 06:23:00,138,None,0,False,277
FL008171,2025-12-29,HEL,FRA,OH-A125,A321,2025-12-29 14:48:00,50,Ground Handling,12,False,198
FL008172,2025-12-30,HEL,FCO,OH-A107,A350,2025-12-30 19:21:00,410,None,0,False,242
FL008173,2025-12-30,HEL,JFK,OH-A143,A321,2025-12-30 20:25:00,559,Technical,27,False,131
FL008174,2025-12-30,HEL,BCN,OH-A109,A320,2025-12-30 12:27:00,566,ATC,62,False,150
FL008175,2025-12-30,HEL,BKK,OH-A127,A321,2025-12-30 12:57:00,296,None,0,False,209
FL008176,2025-12-30,HEL,NRT,OH-A142,A350,2025-12-30 21:51:00,402,None,0,False,234
FL008177,2025-12-30,HEL,CDG,OH-A141,A350,2025-12-30 09:05:00,354,None,0,True,165
FL008178,2025-12-30,HEL,CPH,OH-A106,A350,2025-12-30 07:08:00,595,Weather,72,False,164
FL008179,2025-12-30,HEL,JFK,OH-A128,A321,2025-12-30 06:09:00,292,None,0,False,193
FL008180,2025-12-30,HEL,BKK,OH-A121,A320,2025-12-30 18:16:00,209,None,0,False,105
FL008181,2025-12-30,HEL,CDG,OH-A142,A350,2025-12-30 07:47:00,174,None,0,False,240
FL008182,2025-12-30,HEL,MUC,OH-A128,A321,2025-12-30 20:46:00,611,Late Aircraft,43,False,190
FL008183,2025-12-30,HEL,MUC,OH-A130,A350,2025-12-30 07:29:00,492,None,0,False,171
FL008184,2025-12-30,HEL,CDG,OH-A142,A350,2025-12-30 20:36:00,290,None,0,False,238
FL008185,2025-12-30,HEL,MUC,OH-A147,A321,2025-12-30 07:32:00,192,None,0,False,182
FL008186,2025-12-30,HEL,MUC,OH-A116,A320,2025-12-30 07:30:00,253,None,0,False,146
FL008187,2025-12-30,HEL,BKK,OH-A138,A321,2025-12-30 09:28:00,454,Technical,40,False,128
FL008188,2025-12-30,HEL,CDG,OH-A146,A320,2025-12-30 11:34:00,232,None,0,False,153
FL008189,2025-12-30,HEL,OSL,OH-A106,A350,2025-12-30 09:42:00,521,ATC,28,False,182
FL008190,2025-12-30,HEL,FRA,OH-A122,E190,2025-12-30 14:38:00,379,None,0,False,77
FL008191,2025-12-30,HEL,CPH,OH-A127,A321,2025-12-30 10:27:00,136,None,0,False,208
FL008192,2025-12-31,HEL,JFK,OH-A142,A350,2025-12-31 07:19:00,269,None,0,False,284
FL008193,2025-12-31,HEL,CDG,OH-A100,A350,2025-12-31 21:26:00,76,ATC,5,False,247
FL008194,2025-12-31,HEL,MAD,OH-A141,A350,2025-12-31 07:54:00,540,Weather,7,False,181
FL008195,2025-12-31,HEL,BKK,OH-A125,A321,2025-12-31 18:01:00,601,None,0,False,198
FL008196,2025-12-31,HEL,JFK,OH-A140,A320,2025-12-31 11:43:00,593,None,0,False,164
FL008197,2025-12-31,HEL,FCO,OH-A108,A321,2025-12-31 10:08:00,158,None,0,False,156
FL008198,2025-12-31,HEL,FRA,OH-A106,A350,2025-12-31 11:18:00,571,Ground Handling,5,False,208
FL008199,2025-12-31,HEL,BCN,OH-A126,A320,2025-12-31 19:15:00,238,Ground Handling,23,False,108
FL008200,2025-12-31,HEL,BCN,OH-A134,A320,2025-12-31 18:10:00,490,Technical,5,False,172
FL008201,2025-12-31,HEL,OSL,OH-A136,A321,2025-12-31 11:38:00,129,None,0,False,116
FL008202,2025-12-31,HEL,LHR,OH-A111,E190,2025-12-31 13:37:00,454,None,0,False,94
FL008203,2025-12-31,HEL,MAD,OH-A146,A320,2025-12-31 05:44:00,408,None,0,False,156
FL008204,2025-12-31,HEL,BCN,OH-A138,A321,2025-12-31 09:36:00,501,None,0,False,194
FL008205,2025-12-31,HEL,MAD,OH-A107,A350,2025-12-31 17:14:00,210,Weather,16,False,190
FL008206,2025-12-31,HEL,BCN,OH-A130,A350,2025-12-31 21:34:00,294,Weather,62,False,204
FL008207,2025-12-31,HEL,BCN,OH-A118,A350,2025-12-31 06:10:00,582,Weather,5,False,174
FL008208,2025-12-31,HEL,MUC,OH-A135,A321,2025-12-31 14:29:00,512,None,0,False,170
FL008209,2025-12-31,HEL,BCN,OH-A111,E190,2025-12-31 06:15:00,502,None,0,False,85
FL008210,2025-12-31,HEL,AMS,OH-A147,A321,2025-12-31 12:36:00,597,ATC,46,False,144
FL008211,2025-12-31,HEL,OSL,OH-A120,A350,2025-12-31 20:11:00,546,None,0,False,259
FL008212,2025-12-31,HEL,MAD,OH-A112,A350,2025-12-31 17:47:00,377,Crew,5,False,220
FL008213,2025-12-31,HEL,CDG,OH-A126,A320,2025-12-31 14:45:00,340,None,0,False,114
FL008214,2025-12-31,HEL,FCO,OH-A111,E190,2025-12-31 08:25:00,111,None,0,False,84
