event_id,flight_id,event_type,severity,reported_at,resolved_hours
EV200000,FL002727,Delay,Medium,2025-12-26 12:19:00,2.7
EV200001,FL002004,Delay,Critical,2025-03-23 14:26:00,2.4
EV200002,FL004015,Baggage Issue,High,2025-11-22 08:26:00,10.0
EV200003,FL000396,Delay,High,2025-03-17 10:50:00,10.1
EV200004,FL003700,Delay,High,2025-09-24 15:03:00,3.0
EV200005,FL005941,Crew Issue,Low,2025-11-10 18:48:00,1.4
EV200006,FL001589,Delay,Medium,2025-09-21 20:01:00,9.1
EV200007,FL006637,Crew Issue,Medium,2025-02-20 16:30:00,3.0
EV200008,FL007017,Cleaning Issue,Low,2025-12-12 10:27:00,3.8
EV200009,FL002875,Delay,Medium,2025-12-20 17:38:00,1.2
EV200010,FL002530,Gate Change,High,2025-08-26 08:18:00,0.8
EV200011,FL007688,Baggage Issue,Low,2025-10-11 14:15:00,4.2
EV200012,FL006712,Gate Change,High,2025-06-07 14:39:00,0.8
EV200013,FL006340,Cleaning Issue,Medium,2025-09-24 09:54:00,3.6
EV200014,FL002770,Delay,Low,2025-12-27 11:39:00,0.7
EV200015,FL003367,Cleaning Issue,Medium,2025-08-13 07:26:00,2.1
EV200016,FL005706,Gate Change,Medium,2025-04-12 12:17:00,3.8
EV200017,FL005913,Delay,Medium,2025-01-16 18:38:00,7.9
EV200018,FL002004,Baggage Issue,Low,2025-09-02 05:25:00,3.3
EV200019,FL000008,Baggage Issue,Low,2025-09-19 17:47:00,1.7
EV200020,FL000462,Delay,Medium,2025-10-19 12:22:00,2.0
EV200021,FL002789,Fuel Issue,Low,2025-05-20 17:33:00,3.0
EV200022,FL003832,Delay,Low,2025-09-26 08:24:00,0.7
EV200023,FL001397,Delay,High,2025-02-15 09:10:00,4.5
EV200024,FL000254,Gate Change,Medium,2025-10-11 12:40:00,1.2
EV200025,FL002508,Crew Issue,High,2025-10-31 21:04:00,2.5
EV200026,FL007161,Baggage Issue,Medium,2025-04-15 12:18:00,0.8
EV200027,FL001717,Baggage Issue,Low,2025-05-03 05:02:00,0.6
EV200028,FL005443,Technical Defect,High,2025-10-30 05:19:00,0.7
EV200029,FL005874,Technical Defect,Medium,2025-08-08 16:04:00,1.6
EV200030,FL005105,Technical Defect,Medium,2025-07-02 08:04:00,3.7
EV200031,FL006810,Delay,Low,2025-02-27 11:40:00,5.6
EV200032,FL002360,Technical Defect,Low,2025-10-23 21:02:00,5.1
EV200033,FL001481,Fuel Issue,Low,2025-02-17 13:25:00,4.6
EV200034,FL001346,Technical Defect,Low,2025-06-07 13:59:00,4.5
EV200035,FL003428,Crew Issue,High,2025-06-12 06:08:00,6.6
EV200036,FL004300,Gate Change,High,2025-09-20 20:53:00,4.2
EV200037,FL004918,Delay,Low,2025-01-16 07:50:00,1.7
EV200038,FL007257,Delay,Low,2025-01-05 09:19:00,10.8
EV200039,FL001187,Delay,Medium,2025-08-12 14:32:00,4.9
EV200040,FL005012,Technical Defect,Low,2025-05-12 19:12:00,1.1
EV200041,FL002964,Delay,Medium,2025-01-30 18:56:00,2.2
EV200042,FL005672,Delay,Low,2025-10-09 15:14:00,6.7
EV200043,FL001606,Fuel Issue,Medium,2025-07-09 15:56:00,1.3
EV200044,FL000140,Technical Defect,High,2025-08-13 08:53:00,1.1
EV200045,FL004618,Delay,Medium,2025-05-12 11:54:00,3.7
EV200046,FL002499,Delay,High,2025-03-23 09:39:00,0.8
EV200047,FL007410,Technical Defect,Medium,2025-04-29 19:12:00,3.3
EV200048,FL006000,Delay,Medium,2025-11-26 11:49:00,2.2
EV200049,FL003802,Delay,Medium,2025-10-07 18:09:00,0.9
EV200050,FL003138,Fuel Issue,Medium,2025-11-09 13:54:00,4.9
EV200051,FL005513,Gate Change,Critical,2025-06-22 07:09:00,3.4
EV200052,FL003780,Fuel Issue,Low,2025-11-18 07:13:00,2.0
EV200053,FL005917,Crew Issue,Medium,2025-03-14 20:50:00,2.8
EV200054,FL006008,Delay,Medium,2025-08-31 10:22:00,1.6
EV200055,FL008138,Baggage Issue,Medium,2025-05-21 19:20:00,1.2
EV200056,FL002561,Delay,Medium,2025-03-13 09:04:00,7.0
EV200057,FL005158,Delay,Low,2025-05-21 17:58:00,2.8
EV200058,FL004060,Delay,Low,2025-09-01 06:19:00,3.3
EV200059,FL001520,Fuel Issue,Low,2025-07-12 13:37:00,2.6
EV200060,FL001895,Gate Change,Medium,2025-11-21 10:33:00,4.0
EV200061,FL000086,Crew Issue,Medium,2025-08-24 09:30:00,6.4
EV200062,FL002462,Baggage Issue,High,2025-07-21 18:38:00,2.9
EV200063,FL001142,Delay,Low,2025-04-23 10:59:00,4.6
EV200064,FL001516,Gate Change,Medium,2025-10-20 16:53:00,2.9
EV200065,FL001025,Delay,Low,2025-04-26 14:46:00,1.8
EV200066,FL000017,Delay,Critical,2025-02-23 07:21:00,3.8
EV200067,FL004296,Technical Defect,Medium,2025-10-17 21:04:00,8.1
EV200068,FL007646,Delay,High,2025-09-17 13:45:00,5.6
EV200069,FL003609,Baggage Issue,Medium,2025-03-09 05:30:00,0.8
EV200070,FL004155,Gate Change,Medium,2025-12-26 12:11:00,4.0
EV200071,FL005049,Baggage Issue,High,2025-08-26 16:23:00,1.2
EV200072,FL004773,Cleaning Issue,Low,2025-07-16 13:50:00,3.5
EV200073,FL000639,Technical Defect,High,2025-12-27 11:26:00,0.6
EV200074,FL003657,Gate Change,Medium,2025-09-25 21:10:00,3.3
EV200075,FL006739,Technical Defect,Critical,2025-10-12 08:10:00,1.4
EV200076,FL001777,Delay,Low,2025-07-27 07:19:00,3.0
EV200077,FL000895,Fuel Issue,Low,2025-04-09 19:16:00,2.1
EV200078,FL005286,Gate Change,Low,2025-01-26 11:49:00,2.4
EV200079,FL005615,Baggage Issue,Low,2025-01-13 14:01:00,8.3
EV200080,FL005950,Delay,Low,2025-04-01 17:19:00,3.5
EV200081,FL005692,Fuel Issue,Low,2025-04-17 07:20:00,2.5
EV200082,FL002438,Technical Defect,Low,2025-04-27 20:34:00,7.0
EV200083,FL004665,Delay,Low,2025-01-02 06:47:00,5.8
EV200084,FL006988,Delay,Medium,2025-04-23 09:57:00,1.5
EV200085,FL001437,Technical Defect,Medium,2025-08-02 16:38:00,7.9
EV200086,FL005688,Delay,Low,2025-07-08 15:31:00,0.7
EV200087,FL005035,Delay,Medium,2025-06-17 20:55:00,1.4
EV200088,FL002246,Delay,Medium,2025-11-22 06:31:00,3.7
EV200089,FL007597,Delay,Low,2025-08-07 18:58:00,3.9
EV200090,FL001358,Delay,Low,2025-07-30 18:02:00,7.6
EV200091,FL006614,Baggage Issue,Medium,2025-10-16 14:06:00,2.6
EV200092,FL004667,Gate Change,High,2025-11-27 10:22:00,7.8
EV200093,FL001068,Technical Defect,Low,2025-03-27 05:54:00,13.0
EV200094,FL003620,Cleaning Issue,Medium,2025-11-14 18:15:00,1.8
EV200095,FL002720,Delay,Low,2025-05-16 19:54:00,2.9
EV200096,FL003426,Baggage Issue,High,2025-11-26 10:22:00,1.4
EV200097,FL006488,Baggage Issue,Medium,2025-06-18 14:16:00,1.6
EV200098,FL005277,Gate Change,Medium,2025-09-10 19:23:00,3.1
EV200099,FL001617,Delay,Medium,2025-10-07 18:09:00,2.0
EV200100,FL006104,Technical Defect,High,2025-05-25 10:24:00,1.6
EV200101,FL005873,Technical Defect,Medium,2025-06-16 18:44:00,1.9
EV200102,FL000770,Delay,Medium,2025-05-07 12:34:00,1.7
EV200103,FL007544,Delay,Medium,2025-03-21 09:30:00,3.5
EV200104,FL000055,Technical Defect,Low,2025-12-26 05:19:00,1.0
EV200105,FL002336,Technical Defect,High,2025-11-23 16:18:00,5.1
EV200106,FL002384,Delay,Medium,2025-01-30 17:32:00,5.6
EV200107,FL000774,Delay,Low,2025-01-23 19:09:00,5.3
EV200108,FL005446,Gate Change,High,2025-10-20 16:53:00,1.9
EV200109,FL003781,Baggage Issue,Medium,2025-08-21 07:13:00,2.0
EV200110,FL006702,Crew Issue,Low,2025-09-23 15:40:00,3.7
EV200111,FL002574,Gate Change,Medium,2025-04-23 17:10:00,1.9
EV200112,FL007021,Delay,Critical,2025-08-03 16:41:00,3.3
EV200113,FL004181,Delay,High,2025-06-27 14:49:00,3.2
EV200114,FL000046,Crew Issue,Low,2025-01-12 09:45:00,2.9
EV200115,FL002487,Delay,High,2025-12-19 14:11:00,5.0
EV200116,FL002974,Baggage Issue,Medium,2025-12-19 05:33:00,3.3
EV200117,FL004139,Baggage Issue,Medium,2025-08-05 15:11:00,0.9
EV200118,FL005785,Technical Defect,Medium,2025-02-17 10:36:00,4.5
EV200119,FL001297,Delay,Low,2025-09-02 15:46:00,0.6
EV200120,FL006627,Delay,Low,2025-03-29 20:49:00,9.0
EV200121,FL001419,Crew Issue,Medium,2025-08-25 05:50:00,1.3
EV200122,FL008173,Delay,Low,2025-03-16 12:10:00,1.4
EV200123,FL003161,Delay,Medium,2025-09-19 17:47:00,8.2
EV200124,FL007701,Delay,High,2025-06-15 19:08:00,2.5
EV200125,FL000737,Crew Issue,High,2025-06-11 06:32:00,2.3
EV200126,FL001669,Cleaning Issue,Low,2025-12-28 07:14:00,2.1
EV200127,FL008083,Technical Defect,High,2025-01-07 12:36:00,2.6
EV200128,FL001377,Technical Defect,Medium,2025-11-28 18:39:00,7.7
EV200129,FL002651,Technical Defect,Low,2025-11-20 09:55:00,1.9
EV200130,FL004609,Technical Defect,Medium,2025-12-10 12:41:00,7.8
EV200131,FL001643,Delay,Low,2025-07-24 08:14:00,3.5
EV200132,FL002859,Cleaning Issue,Medium,2025-01-02 15:02:00,6.7
EV200133,FL005777,Cleaning Issue,Medium,2025-11-29 15:36:00,2.0
EV200134,FL003936,Baggage Issue,Medium,2025-09-03 12:40:00,6.1
EV200135,FL003459,Delay,High,2025-09-26 09:54:00,1.2
EV200136,FL005508,Technical Defect,High,2025-04-06 10:56:00,3.5
EV200137,FL007869,Delay,Medium,2025-10-02 16:41:00,1.2
EV200138,FL006918,Gate Change,Medium,2025-03-02 16:53:00,1.7
EV200139,FL000435,Technical Defect,Medium,2025-08-26 11:37:00,1.1
EV200140,FL005166,Technical Defect,Medium,2025-09-13 10:33:00,6.4
EV200141,FL003936,Cleaning Issue,Medium,2025-12-17 06:07:00,3.4
EV200142,FL003536,Cleaning Issue,Low,2025-11-17 05:04:00,5.2
EV200143,FL001927,Delay,Medium,2025-10-17 21:04:00,5.3
EV200144,FL002197,Baggage Issue,Medium,2025-09-17 20:04:00,1.0
EV200145,FL005776,Fuel Issue,High,2025-06-08 07:42:00,4.1
EV200146,FL008002,Cleaning Issue,Low,2025-08-12 11:52:00,9.9
EV200147,FL004482,Crew Issue,Medium,2025-04-11 18:17:00,2.6
EV200148,FL001712,Delay,High,2025-10-10 16:19:00,3.7
EV200149,FL001956,Baggage Issue,Medium,2025-05-25 21:12:00,6.7
EV200150,FL001558,Technical Defect,Low,2025-11-08 17:32:00,2.3
EV200151,FL004314,Delay,High,2025-03-09 19:02:00,5.6
EV200152,FL005820,Fuel Issue,Low,2025-02-06 21:12:00,4.5
EV200153,FL006396,Baggage Issue,Medium,2025-03-30 16:44:00,3.1
EV200154,FL005298,Cleaning Issue,Medium,2025-06-11 13:11:00,3.7
EV200155,FL008007,Delay,High,2025-03-02 10:56:00,1.2
EV200156,FL007340,Crew Issue,Medium,2025-07-17 17:49:00,11.5
EV200157,FL001863,Gate Change,High,2025-01-21 12:57:00,2.5
EV200158,FL007495,Delay,Medium,2025-10-17 18:30:00,3.8
EV200159,FL000447,Fuel Issue,Low,2025-05-24 20:21:00,0.9
EV200160,FL006116,Crew Issue,Low,2025-10-26 16:18:00,4.6
EV200161,FL004648,Gate Change,Low,2025-10-04 14:15:00,2.8
EV200162,FL000232,Cleaning Issue,Medium,2025-11-25 16:22:00,3.6
EV200163,FL002534,Crew Issue,Medium,2025-01-26 07:09:00,2.1
EV200164,FL007127,Technical Defect,Low,2025-07-11 09:16:00,4.6
EV200165,FL006119,Delay,High,2025-08-22 06:06:00,5.2
EV200166,FL004655,Gate Change,Low,2025-03-23 07:16:00,2.0
EV200167,FL006310,Technical Defect,Low,2025-12-24 12:04:00,1.3
EV200168,FL001603,Gate Change,Medium,2025-11-17 13:34:00,1.4
EV200169,FL001555,Delay,Medium,2025-06-15 12:39:00,6.9
EV200170,FL005076,Fuel Issue,Low,2025-12-16 14:23:00,1.8
EV200171,FL003674,Crew Issue,High,2025-04-13 19:53:00,6.2
EV200172,FL001868,Crew Issue,Low,2025-12-17 11:30:00,3.2
EV200173,FL000195,Crew Issue,Low,2025-08-15 14:20:00,2.3
EV200174,FL003613,Delay,Medium,2025-01-08 07:01:00,0.5
EV200175,FL005960,Technical Defect,Medium,2025-09-06 20:59:00,9.8
EV200176,FL003127,Crew Issue,Medium,2025-10-25 20:00:00,3.0
EV200177,FL004493,Baggage Issue,Low,2025-04-18 06:50:00,2.2
EV200178,FL001594,Technical Defect,Low,2025-08-22 18:53:00,3.2
EV200179,FL008042,Technical Defect,Medium,2025-05-26 14:20:00,3.6
EV200180,FL006645,Baggage Issue,Critical,2025-12-26 05:19:00,1.8
EV200181,FL002778,Delay,Medium,2025-12-09 13:11:00,2.4
EV200182,FL004005,Delay,Low,2025-07-26 06:50:00,1.1
EV200183,FL005396,Technical Defect,Critical,2025-07-11 15:15:00,1.8
EV200184,FL001197,Gate Change,Critical,2025-01-31 05:55:00,2.9
EV200185,FL004705,Delay,Low,2025-12-26 06:28:00,0.9
EV200186,FL001953,Baggage Issue,Low,2025-08-27 05:07:00,2.6
EV200187,FL004558,Cleaning Issue,Low,2025-07-04 06:40:00,2.4
EV200188,FL004092,Delay,Medium,2025-05-09 08:44:00,1.9
EV200189,FL003486,Technical Defect,Low,2025-03-02 06:13:00,5.6
EV200190,FL005230,Cleaning Issue,Medium,2025-03-24 13:04:00,1.2
EV200191,FL003064,Cleaning Issue,Low,2025-10-19 09:23:00,3.2
EV200192,FL006327,Technical Defect,Medium,2025-04-14 05:45:00,1.8
EV200193,FL001890,Crew Issue,Low,2025-11-09 21:11:00,3.3
EV200194,FL000377,Delay,Medium,2025-12-31 21:34:00,3.2
EV200195,FL005678,Crew Issue,Medium,2025-01-11 11:21:00,11.9
EV200196,FL004917,Cleaning Issue,Critical,2025-10-22 05:15:00,15.0
EV200197,FL005781,Delay,Low,2025-03-28 13:08:00,1.6
EV200198,FL003195,Delay,Medium,2025-07-03 08:17:00,2.8
EV200199,FL005479,Delay,Medium,2025-06-14 12:53:00,1.6
EV200200,FL000386,Technical Defect,Medium,2025-05-06 15:54:00,3.2
EV200201,FL008033,Delay,Medium,2025-12-01 18:36:00,1.7
EV200202,FL007261,Technical Defect,Low,2025-03-22 09:59:00,1.6
EV200203,FL002677,Technical Defect,Low,2025-11-19 20:39:00,2.1
EV200204,FL002495,Fuel Issue,Medium,2025-11-13 10:36:00,2.2
EV200205,FL001324,Fuel Issue,Medium,2025-08-26 12:31:00,0.3
EV200206,FL007948,Technical Defect,Medium,2025-09-23 14:01:00,2.3
EV200207,FL000486,Crew Issue,Low,2025-10-06 06:28:00,10.1
EV200208,FL006770,Gate Change,Low,2025-09-06 17:10:00,1.6
EV200209,FL001093,Crew Issue,Medium,2025-02-23 13:08:00,5.5
EV200210,FL007956,Baggage Issue,Medium,2025-05-16 12:30:00,4.2
EV200211,FL002177,Fuel Issue,Medium,2025-07-26 16:27:00,2.1
EV200212,FL003607,Delay,Low,2025-06-26 06:22:00,1.4
EV200213,FL000492,Crew Issue,Medium,2025-10-12 17:22:00,1.1
EV200214,FL002417,Delay,Medium,2025-12-12 07:23:00,1.4
EV200215,FL007753,Baggage Issue,Medium,2025-03-29 12:02:00,0.9
EV200216,FL004852,Cleaning Issue,Low,2025-10-24 14:50:00,0.5
EV200217,FL002671,Gate Change,Low,2025-02-16 18:02:00,1.3
EV200218,FL007316,Fuel Issue,Low,2025-12-19 10:58:00,5.9
EV200219,FL007646,Crew Issue,Medium,2025-08-07 08:47:00,4.5
EV200220,FL003373,Baggage Issue,Low,2025-12-16 14:39:00,1.9
EV200221,FL003090,Delay,Low,2025-12-01 07:42:00,6.4
EV200222,FL006859,Delay,High,2025-01-08 10:25:00,1.4
EV200223,FL004436,Cleaning Issue,High,2025-12-21 14:26:00,0.7
EV200224,FL002343,Baggage Issue,High,2025-12-25 09:17:00,9.4
EV200225,FL004885,Gate Change,Medium,2025-06-05 18:16:00,3.4
EV200226,FL002985,Delay,Low,2025-06-14 16:27:00,4.2
EV200227,FL003275,Delay,Low,2025-06-20 12:15:00,1.5
EV200228,FL005443,Baggage Issue,Low,2025-07-19 19:09:00,1.7
EV200229,FL002937,Delay,Low,2025-08-16 15:51:00,1.9
EV200230,FL004326,Technical Defect,High,2025-01-30 05:12:00,4.5
EV200231,FL005447,Fuel Issue,High,2025-01-14 08:32:00,1.1
EV200232,FL007467,Delay,Medium,2025-01-23 19:09:00,1.3
EV200233,FL007402,Technical Defect,Low,2025-07-17 07:44:00,4.9
EV200234,FL007281,Delay,Medium,2025-07-22 17:20:00,14.2
EV200235,FL006143,Technical Defect,Medium,2025-08-17 08:04:00,2.4
EV200236,FL003757,Baggage Issue,Medium,2025-04-03 21:45:00,1.1
EV200237,FL003621,Delay,High,2025-02-16 19:01:00,1.0
EV200238,FL000555,Gate Change,Low,2025-04-12 15:02:00,3.1
EV200239,FL006451,Gate Change,Low,2025-10-30 07:54:00,7.2
EV200240,FL007668,Crew Issue,Low,2025-06-13 09:46:00,5.5
EV200241,FL005198,Technical Defect,Low,2025-07-14 08:08:00,3.7
EV200242,FL007651,Fuel Issue,Medium,2025-02-10 07:20:00,0.9
EV200243,FL004200,Technical Defect,High,2025-11-13 19:05:00,3.1
EV200244,FL000935,Delay,Low,2025-03-07 20:50:00,0.7
EV200245,FL007269,Delay,Medium,2025-07-21 21:01:00,8.0
EV200246,FL003348,Cleaning Issue,Low,2025-12-29 13:16:00,1.6
EV200247,FL004146,Delay,High,2025-04-24 13:58:00,2.1
EV200248,FL005031,Crew Issue,Medium,2025-06-20 20:21:00,6.5
EV200249,FL003608,Cleaning Issue,Low,2025-05-17 10:35:00,2.0
EV200250,FL003600,Fuel Issue,Low,2025-04-18 05:07:00,8.3
EV200251,FL005480,Technical Defect,Medium,2025-12-14 13:09:00,0.1
EV200252,FL002629,Delay,Medium,2025-09-24 07:03:00,1.4
EV200253,FL003562,Delay,Low,2025-06-14 21:58:00,4.6
EV200254,FL001224,Technical Defect,Low,2025-08-08 10:09:00,5.2
EV200255,FL002357,Technical Defect,Low,2025-07-04 19:21:00,1.5
EV200256,FL005933,Technical Defect,Medium,2025-12-12 10:28:00,0.8
EV200257,FL004231,Gate Change,Low,2025-10-04 20:43:00,3.8
EV200258,FL003010,Crew Issue,Medium,2025-04-27 19:34:00,2.5
EV200259,FL007705,Delay,Low,2025-10-25 20:06:00,0.2
EV200260,FL001648,Delay,Medium,2025-05-31 14:28:00,0.9
EV200261,FL004122,Crew Issue,Medium,2025-12-01 20:28:00,4.7
EV200262,FL000553,Fuel Issue,High,2025-01-08 14:25:00,3.7
EV200263,FL008131,Fuel Issue,Medium,2025-09-10 17:44:00,1.7
EV200264,FL006900,Cleaning Issue,High,2025-08-19 19:53:00,0.8
EV200265,FL006737,Crew Issue,High,2025-04-20 20:39:00,4.3
EV200266,FL002213,Cleaning Issue,Medium,2025-08-13 18:53:00,6.0
EV200267,FL003987,Cleaning Issue,Medium,2025-02-25 06:51:00,3.8
EV200268,FL003719,Baggage Issue,Low,2025-03-01 14:50:00,1.1
EV200269,FL002773,Baggage Issue,High,2025-06-17 07:48:00,1.7
EV200270,FL000191,Delay,High,2025-11-04 14:01:00,10.2
EV200271,FL005303,Fuel Issue,Low,2025-02-05 21:46:00,2.9
EV200272,FL000155,Baggage Issue,Low,2025-04-04 19:08:00,11.2
EV200273,FL007843,Fuel Issue,Medium,2025-11-29 11:12:00,1.7
EV200274,FL001198,Delay,Low,2025-06-10 06:20:00,2.5
EV200275,FL003401,Technical Defect,High,2025-12-24 12:04:00,0.7
EV200276,FL002478,Delay,High,2025-03-19 20:41:00,1.0
EV200277,FL001755,Cleaning Issue,Low,2025-07-09 07:00:00,0.7
EV200278,FL008089,Crew Issue,Medium,2025-05-11 12:16:00,1.1
EV200279,FL001076,Crew Issue,High,2025-01-14 19:25:00,4.3
EV200280,FL006595,Technical Defect,Medium,2025-11-22 12:40:00,9.9
EV200281,FL004246,Delay,Low,2025-04-20 19:12:00,2.9
EV200282,FL005567,Cleaning Issue,High,2025-01-27 06:26:00,0.4
EV200283,FL003649,Technical Defect,Low,2025-05-22 09:03:00,2.4
EV200284,FL000059,Delay,Medium,2025-07-12 07:48:00,2.1
EV200285,FL004224,Fuel Issue,Critical,2025-05-23 18:39:00,4.9
EV200286,FL000219,Delay,High,2025-04-25 06:23:00,0.9
EV200287,FL003994,Delay,Medium,2025-09-13 08:29:00,2.4
EV200288,FL004749,Technical Defect,Low,2025-09-13 08:30:00,6.8
EV200289,FL004717,Technical Defect,Low,2025-12-24 19:54:00,10.3
EV200290,FL005826,Fuel Issue,Low,2025-02-18 16:14:00,3.2
EV200291,FL002579,Cleaning Issue,Medium,2025-01-09 11:37:00,4.0
EV200292,FL008093,Delay,Medium,2025-11-09 11:47:00,4.1
EV200293,FL003907,Delay,Medium,2025-12-18 20:52:00,1.7
EV200294,FL005692,Technical Defect,Medium,2025-08-28 08:40:00,4.8
EV200295,FL003511,Technical Defect,Low,2025-11-30 18:29:00,1.5
EV200296,FL002998,Fuel Issue,Medium,2025-08-09 15:34:00,2.9
EV200297,FL004328,Delay,Critical,2025-11-08 06:15:00,0.3
EV200298,FL006854,Delay,High,2025-06-25 19:29:00,0.9
EV200299,FL003694,Delay,Medium,2025-06-09 21:01:00,2.0
EV200300,FL000550,Delay,High,2025-07-23 19:45:00,2.3
EV200301,FL005340,Delay,Medium,2025-05-23 13:49:00,1.6
EV200302,FL002864,Technical Defect,Medium,2025-05-20 18:59:00,2.4
EV200303,FL005836,Fuel Issue,Medium,2025-06-24 13:34:00,0.5
EV200304,FL006841,Fuel Issue,Low,2025-08-21 05:31:00,0.4
EV200305,FL003289,Delay,Critical,2025-08-26 18:53:00,5.1
EV200306,FL007622,Delay,Medium,2025-01-07 16:35:00,5.2
EV200307,FL006012,Gate Change,Low,2025-04-08 11:18:00,1.4
EV200308,FL005523,Delay,Low,2025-04-06 15:16:00,2.8
EV200309,FL007495,Technical Defect,Medium,2025-05-26 16:17:00,1.7
EV200310,FL007222,Baggage Issue,Medium,2025-08-21 21:04:00,1.9
EV200311,FL006313,Fuel Issue,Medium,2025-12-16 10:50:00,2.6
EV200312,FL008117,Delay,Medium,2025-09-19 13:09:00,2.1
EV200313,FL006367,Delay,Medium,2025-01-27 16:01:00,5.6
EV200314,FL007014,Delay,Medium,2025-09-05 10:35:00,3.9
EV200315,FL006021,Gate Change,Low,2025-03-17 21:26:00,2.0
EV200316,FL003770,Delay,Low,2025-09-16 15:53:00,3.2
EV200317,FL003233,Delay,Low,2025-01-15 12:28:00,4.8
EV200318,FL006625,Delay,Medium,2025-05-09 17:32:00,1.5
EV200319,FL007844,Delay,Low,2025-08-04 10:50:00,6.3
EV200320,FL004791,Cleaning Issue,High,2025-03-19 20:05:00,1.8
EV200321,FL001578,Fuel Issue,Low,2025-07-08 16:23:00,9.1
EV200322,FL006655,Gate Change,Medium,2025-06-07 21:27:00,3.3
EV200323,FL002409,Fuel Issue,Low,2025-01-24 09:22:00,0.6
EV200324,FL006029,Delay,Low,2025-05-14 18:26:00,1.1
EV200325,FL001705,Fuel Issue,Low,2025-06-18 19:14:00,0.9
EV200326,FL007053,Baggage Issue,Medium,2025-07-26 11:20:00,3.9
EV200327,FL003979,Delay,Low,2025-03-14 11:10:00,1.4
EV200328,FL003050,Baggage Issue,Low,2025-10-24 16:26:00,3.3
EV200329,FL006142,Technical Defect,Low,2025-08-24 20:22:00,3.7
EV200330,FL005804,Technical Defect,Medium,2025-10-08 11:24:00,2.4
EV200331,FL002123,Cleaning Issue,Medium,2025-10-22 18:00:00,7.2
EV200332,FL000552,Technical Defect,High,2025-10-05 16:23:00,3.5
EV200333,FL007891,Cleaning Issue,Low,2025-02-10 17:51:00,0.4
EV200334,FL007974,Fuel Issue,Low,2025-05-19 08:46:00,3.5
EV200335,FL005429,Technical Defect,Medium,2025-10-03 12:27:00,2.3
EV200336,FL000907,Crew Issue,Medium,2025-05-21 08:20:00,6.2
EV200337,FL007689,Delay,Low,2025-06-10 21:25:00,4.2
EV200338,FL003795,Technical Defect,Low,2025-05-28 05:14:00,2.0
EV200339,FL004978,Delay,Low,2025-07-06 21:45:00,1.5
EV200340,FL005547,Delay,High,2025-01-11 09:50:00,5.8
EV200341,FL004824,Technical Defect,High,2025-06-13 16:07:00,3.3
EV200342,FL001894,Delay,Critical,2025-08-20 17:48:00,8.4
EV200343,FL007925,Fuel Issue,Low,2025-09-18 10:31:00,2.7
EV200344,FL004349,Fuel Issue,Medium,2025-08-07 20:19:00,6.9
EV200345,FL007768,Delay,Medium,2025-09-17 12:42:00,2.8
EV200346,FL001102,Delay,Medium,2025-01-24 09:22:00,1.8
EV200347,FL005699,Cleaning Issue,Low,2025-08-02 18:55:00,3.1
EV200348,FL001487,Delay,Low,2025-08-29 13:17:00,9.8
EV200349,FL000942,Cleaning Issue,Low,2025-03-26 13:25:00,2.2
EV200350,FL007216,Gate Change,Medium,2025-05-24 11:39:00,1.2
EV200351,FL000971,Gate Change,Critical,2025-05-19 18:30:00,2.9
EV200352,FL000333,Delay,Low,2025-01-18 15:25:00,7.3
EV200353,FL000278,Technical Defect,Medium,2025-10-24 15:45:00,1.8
EV200354,FL003010,Fuel Issue,Low,2025-07-30 19:11:00,16.3
EV200355,FL001212,Delay,Low,2025-04-26 19:34:00,0.3
EV200356,FL000608,Cleaning Issue,Medium,2025-12-15 16:46:00,3.7
EV200357,FL004496,Technical Defect,Low,2025-12-01 20:02:00,2.7
EV200358,FL001708,Fuel Issue,Medium,2025-01-25 19:50:00,1.5
EV200359,FL003660,Crew Issue,Low,2025-04-17 11:14:00,8.8
EV200360,FL000823,Technical Defect,Low,2025-12-10 20:34:00,3.5
EV200361,FL005700,Fuel Issue,Medium,2025-07-19 14:47:00,7.7
EV200362,FL003442,Fuel Issue,Medium,2025-05-28 16:55:00,1.2
EV200363,FL007329,Cleaning Issue,High,2025-08-11 05:41:00,2.6
EV200364,FL006633,Delay,Medium,2025-10-11 13:29:00,0.8
EV200365,FL003093,Crew Issue,Low,2025-03-04 18:28:00,7.5
EV200366,FL002729,Baggage Issue,High,2025-03-28 09:38:00,1.5
EV200367,FL007141,Baggage Issue,Medium,2025-06-28 13:42:00,1.0
EV200368,FL002996,Cleaning Issue,Low,2025-03-12 16:52:00,6.3
EV200369,FL007362,Delay,High,2025-04-07 13:09:00,7.9
EV200370,FL000800,Crew Issue,Medium,2025-02-20 21:31:00,2.5
EV200371,FL005570,Technical Defect,Critical,2025-03-30 08:56:00,6.6
EV200372,FL003664,Gate Change,Medium,2025-08-06 07:57:00,3.5
EV200373,FL006863,Delay,Medium,2025-06-27 10:51:00,3.9
EV200374,FL000718,Delay,Medium,2025-08-03 11:40:00,1.0
EV200375,FL007606,Gate Change,Medium,2025-04-20 20:39:00,1.2
EV200376,FL008203,Technical Defect,Low,2025-10-01 12:24:00,5.3
EV200377,FL003753,Delay,Medium,2025-08-04 10:50:00,2.0
EV200378,FL005391,Delay,Low,2025-01-09 21:35:00,0.4
EV200379,FL004133,Delay,Low,2025-09-15 17:20:00,3.7
EV200380,FL005015,Gate Change,High,2025-08-28 10:54:00,2.6
EV200381,FL004241,Technical Defect,Low,2025-09-22 10:02:00,1.7
EV200382,FL005451,Delay,High,2025-08-02 06:00:00,0.5
EV200383,FL003781,Technical Defect,Low,2025-03-20 20:40:00,2.4
EV200384,FL008129,Technical Defect,Medium,2025-10-18 07:30:00,2.5
EV200385,FL007788,Delay,Medium,2025-05-04 19:10:00,2.8
EV200386,FL006565,Delay,High,2025-03-25 21:36:00,0.1
EV200387,FL000752,Delay,Low,2025-12-20 14:30:00,4.7
EV200388,FL001902,Baggage Issue,High,2025-08-01 06:50:00,3.5
EV200389,FL002984,Crew Issue,High,2025-11-30 19:19:00,0.6
EV200390,FL001029,Delay,Low,2025-05-13 05:19:00,4.4
EV200391,FL007446,Delay,Low,2025-12-01 18:36:00,4.1
EV200392,FL002252,Fuel Issue,Low,2025-12-21 07:00:00,3.5
EV200393,FL006361,Cleaning Issue,Low,2025-08-10 06:17:00,1.7
EV200394,FL007426,Gate Change,Low,2025-04-24 16:36:00,5.4
EV200395,FL002369,Technical Defect,Medium,2025-07-23 08:50:00,8.3
EV200396,FL005954,Cleaning Issue,Low,2025-08-03 14:15:00,2.4
EV200397,FL005451,Delay,Medium,2025-07-13 18:51:00,0.8
EV200398,FL005251,Delay,Medium,2025-04-28 17:42:00,1.2
EV200399,FL000016,Gate Change,Medium,2025-09-23 15:40:00,1.0
EV200400,FL004517,Delay,High,2025-09-19 21:39:00,3.4
EV200401,FL004376,Cleaning Issue,Medium,2025-01-17 07:13:00,3.6
EV200402,FL000038,Gate Change,Low,2025-08-18 10:37:00,0.1
EV200403,FL007545,Fuel Issue,Low,2025-03-01 12:58:00,1.5
EV200404,FL006236,Delay,Medium,2025-12-16 17:46:00,3.5
EV200405,FL005079,Delay,Medium,2025-04-11 06:44:00,3.3
EV200406,FL002987,Cleaning Issue,Medium,2025-08-09 13:35:00,1.6
EV200407,FL007468,Technical Defect,High,2025-08-23 11:02:00,2.8
EV200408,FL003494,Crew Issue,Medium,2025-10-14 16:43:00,15.5
EV200409,FL000621,Delay,Medium,2025-04-08 10:35:00,2.9
EV200410,FL008209,Delay,Low,2025-10-26 20:30:00,1.0
EV200411,FL004384,Baggage Issue,High,2025-02-22 18:36:00,2.1
EV200412,FL004841,Delay,Medium,2025-01-04 12:06:00,6.2
EV200413,FL005621,Cleaning Issue,Low,2025-02-06 09:02:00,1.9
EV200414,FL001351,Delay,High,2025-01-16 17:19:00,2.5
EV200415,FL000274,Delay,Low,2025-11-23 14:16:00,7.5
EV200416,FL003761,Crew Issue,Low,2025-01-30 05:12:00,1.0
EV200417,FL007117,Technical Defect,Low,2025-09-03 16:09:00,3.2
EV200418,FL008162,Delay,Low,2025-07-12 05:06:00,2.1
EV200419,FL002107,Delay,Low,2025-06-03 17:31:00,3.8
EV200420,FL008108,Baggage Issue,Medium,2025-03-04 21:41:00,2.0
EV200421,FL007104,Delay,Low,2025-02-07 16:25:00,0.7
EV200422,FL006715,Baggage Issue,High,2025-06-30 17:14:00,0.9
EV200423,FL002298,Cleaning Issue,Medium,2025-08-20 19:52:00,7.1
EV200424,FL006023,Delay,Medium,2025-08-22 10:23:00,3.1
EV200425,FL008063,Delay,Medium,2025-08-14 18:50:00,2.3
EV200426,FL004774,Technical Defect,Low,2025-05-26 21:35:00,8.5
EV200427,FL007290,Gate Change,Low,2025-01-03 20:14:00,3.9
EV200428,FL002273,Baggage Issue,Medium,2025-10-21 08:20:00,1.9
EV200429,FL007034,Cleaning Issue,Low,2025-04-28 08:29:00,3.5
EV200430,FL001461,Cleaning Issue,Low,2025-08-30 11:28:00,7.0
EV200431,FL005647,Delay,Medium,2025-10-06 19:56:00,5.3
EV200432,FL002978,Delay,Low,2025-12-29 20:05:00,1.9
EV200433,FL003298,Delay,High,2025-11-11 08:26:00,3.2
EV200434,FL006031,Gate Change,Low,2025-11-14 14:10:00,2.4
EV200435,FL003763,Delay,Low,2025-04-05 11:08:00,13.3
EV200436,FL006929,Crew Issue,Medium,2025-08-18 10:37:00,5.2
EV200437,FL004823,Technical Defect,Low,2025-06-12 09:04:00,1.3
EV200438,FL004210,Delay,High,2025-06-29 08:23:00,5.4
EV200439,FL002196,Crew Issue,Low,2025-10-09 18:28:00,0.5
EV200440,FL005297,Technical Defect,Medium,2025-12-12 07:23:00,0.4
EV200441,FL002106,Cleaning Issue,Medium,2025-08-06 12:44:00,3.3
EV200442,FL006148,Crew Issue,Low,2025-02-17 15:00:00,3.2
EV200443,FL003987,Gate Change,Critical,2025-05-09 17:32:00,3.4
EV200444,FL004366,Delay,Medium,2025-03-22 08:53:00,4.5
EV200445,FL004345,Gate Change,Low,2025-12-20 16:00:00,2.2
EV200446,FL000354,Gate Change,Medium,2025-12-19 17:38:00,5.6
EV200447,FL006551,Fuel Issue,Low,2025-07-05 06:17:00,2.0
EV200448,FL008156,Crew Issue,Low,2025-03-15 08:39:00,3.4
EV200449,FL006119,Cleaning Issue,Low,2025-08-16 21:11:00,1.4
EV200450,FL001495,Baggage Issue,Low,2025-12-08 08:52:00,2.4
EV200451,FL005136,Technical Defect,Medium,2025-07-03 19:38:00,1.9
EV200452,FL001322,Technical Defect,High,2025-03-27 19:33:00,2.5
EV200453,FL005374,Technical Defect,Low,2025-02-17 21:46:00,4.7
EV200454,FL003639,Delay,Low,2025-08-08 15:17:00,5.5
EV200455,FL007160,Delay,Low,2025-07-18 16:12:00,6.0
EV200456,FL004781,Delay,High,2025-05-06 20:58:00,2.0
EV200457,FL000478,Baggage Issue,Low,2025-04-14 12:22:00,3.8
EV200458,FL007154,Delay,Medium,2025-10-05 08:59:00,1.4
EV200459,FL004688,Technical Defect,Low,2025-01-09 17:57:00,4.5
EV200460,FL007296,Delay,High,2025-09-18 06:20:00,0.6
EV200461,FL000497,Baggage Issue,Low,2025-03-02 17:52:00,9.6
EV200462,FL001951,Delay,Low,2025-12-24 13:59:00,1.6
EV200463,FL000904,Gate Change,Low,2025-12-04 06:03:00,4.0
EV200464,FL002436,Fuel Issue,Critical,2025-02-02 10:28:00,15.1
EV200465,FL003908,Gate Change,Medium,2025-10-19 05:14:00,2.2
EV200466,FL005378,Delay,Low,2025-08-04 21:06:00,4.0
EV200467,FL003218,Gate Change,Low,2025-01-09 16:13:00,0.7
EV200468,FL003937,Cleaning Issue,Medium,2025-05-01 17:56:00,3.7
EV200469,FL006029,Gate Change,Low,2025-08-10 05:19:00,1.0
EV200470,FL003397,Technical Defect,Medium,2025-02-22 17:32:00,2.7
EV200471,FL006725,Crew Issue,Low,2025-08-03 11:29:00,0.6
EV200472,FL000951,Gate Change,Low,2025-04-28 08:19:00,3.7
EV200473,FL006490,Cleaning Issue,Medium,2025-06-21 08:42:00,2.4
EV200474,FL006577,Delay,Low,2025-02-24 17:45:00,2.3
EV200475,FL004762,Cleaning Issue,Low,2025-02-23 14:29:00,0.5
EV200476,FL002455,Baggage Issue,High,2025-12-09 18:39:00,3.3
EV200477,FL000050,Gate Change,Medium,2025-12-07 05:38:00,2.3
EV200478,FL008084,Crew Issue,High,2025-10-23 11:20:00,1.5
EV200479,FL000192,Delay,Low,2025-07-08 17:33:00,1.2
EV200480,FL000718,Delay,High,2025-12-04 15:01:00,4.3
EV200481,FL001563,Delay,High,2025-09-24 16:18:00,3.5
EV200482,FL001579,Technical Defect,Low,2025-07-17 07:44:00,2.9
EV200483,FL002204,Technical Defect,Medium,2025-11-06 08:00:00,11.4
EV200484,FL001764,Cleaning Issue,Low,2025-11-11 07:19:00,5.9
EV200485,FL003786,Technical Defect,High,2025-12-17 13:07:00,4.4
EV200486,FL007379,Baggage Issue,Medium,2025-12-29 14:48:00,2.9
EV200487,FL003122,Technical Defect,Medium,2025-02-10 16:00:00,4.1
EV200488,FL001153,Crew Issue,High,2025-12-24 13:59:00,8.6
EV200489,FL001242,Delay,Low,2025-05-20 10:56:00,0.6
EV200490,FL006973,Delay,Low,2025-08-28 18:37:00,3.5
EV200491,FL000793,Delay,Medium,2025-07-11 15:49:00,4.0
EV200492,FL007814,Cleaning Issue,High,2025-04-25 08:41:00,1.0
EV200493,FL000178,Gate Change,Medium,2025-07-30 11:54:00,3.0
EV200494,FL000344,Baggage Issue,Low,2025-08-01 15:32:00,4.8
EV200495,FL000568,Delay,Critical,2025-11-28 17:38:00,4.4
EV200496,FL007585,Technical Defect,Medium,2025-12-25 17:27:00,2.8
EV200497,FL000005,Cleaning Issue,Low,2025-06-25 11:56:00,3.4
EV200498,FL007276,Gate Change,Medium,2025-01-20 07:38:00,3.1
EV200499,FL000266,Delay,Medium,2025-10-06 12:48:00,0.8
EV200500,FL005891,Fuel Issue,High,2025-11-18 19:03:00,2.1
EV200501,FL003675,Delay,Low,2025-06-14 08:22:00,3.0
EV200502,FL002015,Gate Change,Medium,2025-04-26 14:46:00,1.9
EV200503,FL005550,Delay,Low,2025-05-20 16:16:00,4.7
EV200504,FL005854,Fuel Issue,Medium,2025-06-01 21:11:00,0.6
EV200505,FL003439,Cleaning Issue,High,2025-04-07 12:22:00,2.0
EV200506,FL000876,Delay,Medium,2025-05-07 19:28:00,2.3
EV200507,FL002157,Fuel Issue,High,2025-04-22 17:03:00,4.7
EV200508,FL000159,Cleaning Issue,Low,2025-02-16 21:36:00,3.1
EV200509,FL005056,Crew Issue,Medium,2025-08-20 06:22:00,3.2
EV200510,FL002928,Crew Issue,Medium,2025-05-21 17:58:00,2.9
EV200511,FL005195,Baggage Issue,Low,2025-01-20 08:34:00,1.3
EV200512,FL004435,Delay,Medium,2025-08-15 09:37:00,3.2
EV200513,FL005841,Technical Defect,Low,2025-04-25 07:58:00,3.4
EV200514,FL003739,Delay,Low,2025-02-21 14:54:00,2.3
EV200515,FL002336,Delay,Low,2025-09-03 16:34:00,4.1
EV200516,FL005118,Technical Defect,Medium,2025-09-10 08:45:00,1.5
EV200517,FL007856,Delay,Low,2025-02-03 10:05:00,2.2
EV200518,FL005689,Gate Change,Low,2025-10-03 20:42:00,6.9
EV200519,FL001414,Technical Defect,Critical,2025-07-16 19:28:00,1.6
EV200520,FL002107,Delay,Medium,2025-02-27 09:34:00,2.0
EV200521,FL007915,Delay,Medium,2025-06-17 07:48:00,3.5
EV200522,FL005892,Gate Change,Medium,2025-12-29 17:42:00,7.8
EV200523,FL005201,Cleaning Issue,Low,2025-01-24 09:19:00,5.2
EV200524,FL005943,Gate Change,High,2025-06-27 11:00:00,3.4
EV200525,FL002237,Cleaning Issue,Medium,2025-01-29 05:37:00,2.8
EV200526,FL007561,Cleaning Issue,Medium,2025-03-17 15:11:00,0.4
EV200527,FL001636,Baggage Issue,Low,2025-08-07 10:49:00,3.3
EV200528,FL007746,Gate Change,Medium,2025-08-02 12:10:00,1.4
EV200529,FL001904,Gate Change,Low,2025-07-11 13:25:00,1.3
EV200530,FL002576,Delay,Medium,2025-08-01 12:12:00,1.0
EV200531,FL005307,Delay,Low,2025-09-20 17:08:00,5.2
EV200532,FL004087,Delay,Medium,2025-06-20 20:21:00,1.8
EV200533,FL007869,Delay,High,2025-08-16 18:42:00,0.9
EV200534,FL007009,Delay,Low,2025-11-21 10:33:00,2.4
EV200535,FL007128,Delay,Low,2025-06-28 09:18:00,7.2
EV200536,FL004676,Crew Issue,Medium,2025-02-14 10:25:00,1.1
EV200537,FL008062,Technical Defect,Low,2025-06-07 07:28:00,7.9
EV200538,FL005977,Gate Change,Critical,2025-09-11 19:20:00,3.7
EV200539,FL002646,Technical Defect,Low,2025-04-27 14:00:00,7.8
EV200540,FL004911,Technical Defect,Low,2025-05-06 10:14:00,2.4
EV200541,FL003186,Technical Defect,Medium,2025-01-15 18:54:00,5.0
EV200542,FL002257,Gate Change,Medium,2025-12-06 20:27:00,9.7
EV200543,FL006136,Delay,Low,2025-01-29 07:14:00,1.8
EV200544,FL003362,Cleaning Issue,Low,2025-11-11 14:19:00,2.5
EV200545,FL002056,Gate Change,Low,2025-07-30 06:11:00,3.2
EV200546,FL007041,Baggage Issue,Low,2025-09-27 09:10:00,3.6
EV200547,FL002770,Technical Defect,Low,2025-07-31 05:13:00,0.1
EV200548,FL006095,Fuel Issue,Medium,2025-02-03 20:01:00,4.0
EV200549,FL002354,Technical Defect,Medium,2025-01-17 13:52:00,3.3
EV200550,FL003143,Fuel Issue,Medium,2025-04-11 19:01:00,2.0
EV200551,FL003351,Delay,Low,2025-06-08 09:15:00,13.6
EV200552,FL003973,Fuel Issue,Medium,2025-12-16 18:34:00,5.8
EV200553,FL006341,Cleaning Issue,Low,2025-12-12 10:09:00,8.0
EV200554,FL002896,Delay,Medium,2025-02-27 19:44:00,2.2
EV200555,FL000073,Delay,Low,2025-03-12 05:16:00,1.8
EV200556,FL001270,Fuel Issue,Medium,2025-12-12 07:06:00,4.2
EV200557,FL000214,Gate Change,Medium,2025-10-07 20:52:00,3.1
EV200558,FL007493,Delay,High,2025-05-16 10:59:00,1.9
EV200559,FL000031,Gate Change,Low,2025-07-04 08:45:00,2.0
EV200560,FL007567,Cleaning Issue,Medium,2025-01-13 15:33:00,0.8
EV200561,FL005253,Cleaning Issue,Low,2025-10-11 12:34:00,5.9
EV200562,FL000079,Delay,Low,2025-10-26 08:20:00,5.2
EV200563,FL003012,Baggage Issue,Medium,2025-04-11 19:47:00,0.3
EV200564,FL006360,Technical Defect,High,2025-01-27 16:01:00,5.1
EV200565,FL003870,Delay,Medium,2025-12-26 05:14:00,10.2
EV200566,FL006636,Delay,Low,2025-06-25 19:25:00,5.3
EV200567,FL003831,Delay,Medium,2025-05-12 11:48:00,1.7
EV200568,FL002961,Delay,Medium,2025-01-10 07:00:00,3.5
EV200569,FL001669,Baggage Issue,Low,2025-08-16 13:28:00,0.5
EV200570,FL005458,Delay,Low,2025-12-20 06:24:00,1.2
EV200571,FL006494,Gate Change,Low,2025-09-06 11:16:00,5.1
EV200572,FL005648,Crew Issue,Medium,2025-12-17 11:24:00,1.2
EV200573,FL001534,Delay,Low,2025-08-29 18:46:00,2.3
EV200574,FL002909,Technical Defect,Low,2025-09-13 10:33:00,2.7
EV200575,FL005621,Delay,Medium,2025-07-12 19:19:00,5.0
EV200576,FL001745,Gate Change,Medium,2025-10-23 14:30:00,2.4
EV200577,FL006074,Delay,Low,2025-09-04 20:17:00,1.2
EV200578,FL007561,Gate Change,High,2025-08-05 11:20:00,3.6
EV200579,FL002099,Gate Change,Medium,2025-09-05 10:04:00,0.8
EV200580,FL003018,Baggage Issue,Low,2025-11-29 16:04:00,7.4
EV200581,FL005826,Delay,Critical,2025-09-26 10:13:00,0.8
EV200582,FL006108,Cleaning Issue,Medium,2025-06-02 14:37:00,5.3
EV200583,FL001783,Technical Defect,Low,2025-09-22 14:28:00,4.2
EV200584,FL003986,Technical Defect,Low,2025-11-23 09:07:00,5.3
EV200585,FL004320,Baggage Issue,Medium,2025-09-02 16:51:00,1.1
EV200586,FL006843,Cleaning Issue,Low,2025-07-11 19:11:00,1.6
EV200587,FL005890,Baggage Issue,High,2025-11-28 08:52:00,1.8
EV200588,FL001191,Baggage Issue,Low,2025-05-19 17:05:00,2.3
EV200589,FL001197,Baggage Issue,Low,2025-11-23 05:26:00,0.8
EV200590,FL007424,Baggage Issue,Medium,2025-07-16 18:51:00,2.7
EV200591,FL005563,Gate Change,High,2025-01-16 12:39:00,2.8
EV200592,FL007095,Technical Defect,High,2025-01-21 19:26:00,5.2
EV200593,FL001095,Technical Defect,Low,2025-12-24 21:00:00,2.6
EV200594,FL004339,Crew Issue,Low,2025-04-10 13:48:00,0.4
EV200595,FL000585,Technical Defect,Medium,2025-10-17 16:59:00,0.6
EV200596,FL003923,Delay,Low,2025-08-25 17:48:00,1.4
EV200597,FL002869,Technical Defect,Low,2025-08-05 05:46:00,2.3
EV200598,FL002595,Baggage Issue,Low,2025-07-06 21:36:00,8.4
EV200599,FL001794,Gate Change,Critical,2025-08-10 06:17:00,6.0
EV200600,FL001064,Gate Change,Medium,2025-10-12 07:03:00,2.1
EV200601,FL001226,Technical Defect,Low,2025-05-22 10:10:00,1.5
EV200602,FL004389,Delay,Medium,2025-08-23 20:36:00,2.8
EV200603,FL002123,Crew Issue,High,2025-06-07 11:46:00,2.8
EV200604,FL002474,Delay,High,2025-09-04 18:56:00,2.5
EV200605,FL006260,Delay,Medium,2025-05-18 17:29:00,0.8
EV200606,FL003350,Cleaning Issue,High,2025-03-16 10:02:00,1.8
EV200607,FL007069,Technical Defect,Medium,2025-12-12 10:27:00,1.8
EV200608,FL005159,Delay,Medium,2025-12-16 18:34:00,3.4
EV200609,FL007697,Delay,Low,2025-08-06 20:26:00,6.0
EV200610,FL005764,Delay,High,2025-08-24 06:01:00,1.8
EV200611,FL007813,Delay,Low,2025-02-28 13:40:00,3.3
EV200612,FL005974,Delay,Medium,2025-09-26 09:47:00,0.1
EV200613,FL005164,Delay,Low,2025-10-08 14:00:00,3.1
EV200614,FL003095,Cleaning Issue,Low,2025-02-14 15:53:00,1.0
EV200615,FL005697,Gate Change,Low,2025-09-10 14:13:00,1.5
EV200616,FL003339,Delay,Low,2025-03-02 15:18:00,3.4
EV200617,FL002507,Cleaning Issue,High,2025-08-19 20:46:00,2.8
EV200618,FL000235,Crew Issue,Low,2025-10-13 20:41:00,0.4
EV200619,FL007352,Delay,High,2025-04-08 14:52:00,3.5
EV200620,FL002443,Delay,Critical,2025-11-12 07:07:00,8.2
EV200621,FL002864,Delay,Medium,2025-08-13 10:41:00,0.8
EV200622,FL006492,Baggage Issue,High,2025-12-27 10:22:00,1.8
EV200623,FL006036,Gate Change,Medium,2025-10-25 10:35:00,2.3
EV200624,FL005503,Crew Issue,Medium,2025-08-18 05:29:00,2.1
EV200625,FL006447,Technical Defect,Low,2025-03-04 09:59:00,5.0
EV200626,FL008007,Delay,Medium,2025-12-13 20:22:00,4.2
EV200627,FL008033,Delay,Low,2025-07-19 06:01:00,3.2
EV200628,FL003881,Baggage Issue,Low,2025-06-02 18:00:00,2.3
EV200629,FL000264,Technical Defect,Low,2025-03-20 20:40:00,4.2
EV200630,FL001007,Technical Defect,Medium,2025-07-06 05:01:00,0.3
EV200631,FL002063,Delay,Low,2025-07-20 21:16:00,9.0
EV200632,FL004416,Crew Issue,High,2025-01-16 14:53:00,5.2
EV200633,FL003874,Gate Change,Medium,2025-08-22 11:35:00,5.7
EV200634,FL005014,Delay,Medium,2025-01-15 06:09:00,10.9
EV200635,FL006551,Technical Defect,Medium,2025-10-23 20:53:00,5.1
EV200636,FL005885,Baggage Issue,Medium,2025-07-06 20:26:00,0.9
EV200637,FL005960,Baggage Issue,High,2025-07-01 10:54:00,3.0
EV200638,FL006970,Technical Defect,Medium,2025-05-27 21:13:00,5.0
EV200639,FL000621,Baggage Issue,Low,2025-12-06 10:42:00,2.9
EV200640,FL003207,Baggage Issue,Medium,2025-09-30 06:43:00,3.2
EV200641,FL007041,Delay,Critical,2025-11-28 12:14:00,6.2
EV200642,FL001035,Gate Change,Low,2025-10-28 19:39:00,2.3
EV200643,FL003388,Delay,Medium,2025-10-25 14:29:00,7.2
EV200644,FL006455,Crew Issue,Low,2025-10-31 17:49:00,1.6
EV200645,FL007026,Fuel Issue,Critical,2025-07-21 07:49:00,3.2
EV200646,FL006760,Delay,High,2025-04-28 09:30:00,0.4
EV200647,FL007260,Delay,High,2025-03-12 13:06:00,0.4
EV200648,FL000471,Crew Issue,Low,2025-04-11 05:00:00,12.5
EV200649,FL007541,Baggage Issue,Low,2025-08-25 05:55:00,2.9
EV200650,FL004040,Technical Defect,Medium,2025-06-03 12:20:00,2.3
EV200651,FL006455,Delay,Low,2025-09-14 18:56:00,3.5
EV200652,FL002213,Delay,Low,2025-07-28 06:31:00,4.2
EV200653,FL006189,Delay,Low,2025-06-29 10:10:00,1.0
EV200654,FL001136,Cleaning Issue,Low,2025-03-29 15:03:00,5.1
EV200655,FL004194,Baggage Issue,Low,2025-12-19 05:33:00,1.9
EV200656,FL000300,Gate Change,Low,2025-07-15 09:24:00,11.9
EV200657,FL004570,Cleaning Issue,Medium,2025-02-06 21:39:00,3.2
EV200658,FL008142,Technical Defect,Low,2025-05-23 17:04:00,0.2
EV200659,FL004243,Fuel Issue,Medium,2025-11-08 17:16:00,1.8
EV200660,FL000335,Fuel Issue,Medium,2025-04-27 19:57:00,3.2
EV200661,FL004236,Delay,Low,2025-11-25 09:27:00,0.7
EV200662,FL001666,Cleaning Issue,Low,2025-04-05 19:46:00,3.8
EV200663,FL001731,Crew Issue,Critical,2025-08-17 17:09:00,4.3
EV200664,FL004777,Technical Defect,Low,2025-07-06 05:17:00,2.4
EV200665,FL002695,Technical Defect,High,2025-11-20 13:43:00,0.2
EV200666,FL003150,Delay,Low,2025-04-14 10:12:00,9.4
EV200667,FL001457,Crew Issue,Low,2025-03-21 15:40:00,0.5
EV200668,FL005222,Delay,High,2025-03-30 15:09:00,1.9
EV200669,FL005896,Technical Defect,Medium,2025-05-07 12:13:00,4.8
EV200670,FL007337,Technical Defect,Medium,2025-04-10 12:23:00,4.1
EV200671,FL003454,Technical Defect,Medium,2025-03-09 07:10:00,1.3
EV200672,FL000201,Delay,Critical,2025-07-30 16:19:00,1.3
EV200673,FL001998,Delay,Low,2025-04-26 13:46:00,3.0
EV200674,FL008095,Baggage Issue,Low,2025-02-27 14:55:00,1.0
EV200675,FL006566,Technical Defect,Low,2025-03-03 15:18:00,2.9
EV200676,FL004382,Baggage Issue,Medium,2025-02-12 19:31:00,5.2
EV200677,FL007356,Technical Defect,Low,2025-03-02 08:30:00,1.8
EV200678,FL002073,Technical Defect,High,2025-12-09 21:29:00,2.5
EV200679,FL000039,Cleaning Issue,Low,2025-01-11 12:05:00,3.7
EV200680,FL005384,Delay,Low,2025-12-14 18:52:00,6.9
EV200681,FL007214,Technical Defect,Low,2025-09-29 05:56:00,3.9
EV200682,FL001086,Technical Defect,Critical,2025-04-15 20:51:00,1.6
EV200683,FL000220,Delay,Medium,2025-04-22 13:48:00,5.8
EV200684,FL006063,Delay,Low,2025-02-04 16:41:00,4.9
EV200685,FL005831,Cleaning Issue,Medium,2025-08-11 05:01:00,5.6
EV200686,FL000334,Delay,Medium,2025-01-27 12:30:00,2.1
EV200687,FL007204,Baggage Issue,High,2025-09-10 17:31:00,6.4
EV200688,FL008034,Delay,Low,2025-06-16 18:57:00,1.8
EV200689,FL001937,Delay,Low,2025-09-02 12:11:00,1.3
EV200690,FL006934,Crew Issue,Low,2025-12-14 11:12:00,6.5
EV200691,FL007751,Baggage Issue,High,2025-12-06 11:14:00,2.8
EV200692,FL003678,Technical Defect,High,2025-03-13 12:46:00,2.9
EV200693,FL005916,Delay,Low,2025-09-19 08:36:00,1.0
EV200694,FL003897,Technical Defect,Medium,2025-07-20 11:33:00,1.1
EV200695,FL008081,Fuel Issue,Medium,2025-08-12 10:18:00,1.4
EV200696,FL000750,Crew Issue,Low,2025-01-29 09:54:00,1.9
EV200697,FL001640,Fuel Issue,Low,2025-02-18 08:37:00,2.0
EV200698,FL001936,Delay,Low,2025-03-04 05:54:00,0.4
EV200699,FL001054,Technical Defect,Medium,2025-01-08 18:54:00,4.9
EV200700,FL000589,Baggage Issue,High,2025-02-07 10:48:00,9.3
EV200701,FL005435,Fuel Issue,Low,2025-09-21 20:01:00,1.0
EV200702,FL004896,Gate Change,Low,2025-04-29 17:41:00,2.7
EV200703,FL004230,Delay,Medium,2025-11-13 13:24:00,5.5
EV200704,FL006105,Technical Defect,Medium,2025-10-12 12:05:00,6.2
EV200705,FL006693,Fuel Issue,Low,2025-08-06 15:54:00,1.9
EV200706,FL002216,Crew Issue,Low,2025-05-14 14:31:00,5.7
EV200707,FL003525,Cleaning Issue,Low,2025-12-28 11:10:00,0.8
EV200708,FL005350,Crew Issue,Low,2025-08-19 21:32:00,0.1
EV200709,FL000017,Delay,High,2025-11-20 15:32:00,1.9
EV200710,FL004178,Delay,Medium,2025-04-10 17:09:00,9.8
EV200711,FL003985,Technical Defect,High,2025-12-08 08:52:00,2.8
EV200712,FL002248,Delay,High,2025-04-13 09:34:00,12.4
EV200713,FL005470,Baggage Issue,Medium,2025-09-23 05:15:00,0.9
EV200714,FL002714,Technical Defect,High,2025-12-31 07:19:00,1.6
EV200715,FL002565,Delay,Low,2025-12-17 20:48:00,4.7
EV200716,FL005958,Delay,Medium,2025-05-12 09:51:00,6.5
EV200717,FL004125,Cleaning Issue,High,2025-08-07 11:47:00,4.0
EV200718,FL001634,Crew Issue,Medium,2025-09-21 11:10:00,1.8
EV200719,FL004957,Delay,Medium,2025-06-21 19:54:00,12.1
EV200720,FL002691,Crew Issue,Medium,2025-07-03 06:01:00,2.5
EV200721,FL005899,Cleaning Issue,Low,2025-01-17 08:15:00,1.8
EV200722,FL003956,Crew Issue,Low,2025-02-01 16:29:00,3.7
EV200723,FL001936,Technical Defect,Low,2025-12-02 21:34:00,5.1
EV200724,FL000678,Delay,Low,2025-01-29 05:26:00,1.7
EV200725,FL002209,Crew Issue,Medium,2025-05-24 07:02:00,1.0
EV200726,FL005408,Delay,Medium,2025-10-07 14:54:00,5.6
EV200727,FL005642,Delay,High,2025-02-06 08:44:00,0.1
EV200728,FL006797,Delay,Medium,2025-11-14 21:27:00,1.1
EV200729,FL002911,Delay,High,2025-09-17 15:13:00,1.1
EV200730,FL007532,Delay,Low,2025-06-08 10:22:00,1.6
EV200731,FL006164,Technical Defect,Low,2025-05-02 18:58:00,5.3
EV200732,FL002714,Delay,Low,2025-02-04 17:14:00,5.9
EV200733,FL002198,Gate Change,Low,2025-07-17 16:00:00,2.7
EV200734,FL004696,Cleaning Issue,Medium,2025-10-07 16:25:00,7.2
EV200735,FL006201,Delay,Medium,2025-12-30 07:32:00,9.0
EV200736,FL003867,Baggage Issue,High,2025-04-11 05:38:00,2.3
EV200737,FL001295,Delay,Low,2025-08-27 19:09:00,4.4
EV200738,FL006305,Baggage Issue,High,2025-01-11 20:48:00,1.4
EV200739,FL003716,Delay,Medium,2025-01-10 08:34:00,0.3
EV200740,FL000245,Fuel Issue,High,2025-03-13 10:42:00,2.7
EV200741,FL001574,Delay,Medium,2025-01-20 05:08:00,3.2
EV200742,FL004743,Delay,Low,2025-04-22 10:39:00,4.1
EV200743,FL004238,Baggage Issue,Medium,2025-07-31 05:13:00,2.6
EV200744,FL001369,Baggage Issue,Critical,2025-03-02 09:38:00,0.5
EV200745,FL005752,Technical Defect,Low,2025-01-19 06:39:00,1.9
EV200746,FL005223,Delay,Medium,2025-05-19 17:19:00,6.3
EV200747,FL004333,Baggage Issue,Low,2025-01-03 12:26:00,0.6
EV200748,FL000614,Cleaning Issue,Medium,2025-08-16 16:35:00,2.6
EV200749,FL001315,Baggage Issue,Medium,2025-04-28 08:29:00,1.8
EV200750,FL001490,Delay,Low,2025-10-10 09:36:00,2.1
EV200751,FL007568,Cleaning Issue,Low,2025-01-21 19:26:00,5.7
EV200752,FL001847,Baggage Issue,Low,2025-05-06 10:14:00,10.5
EV200753,FL000040,Gate Change,Low,2025-11-08 13:06:00,1.5
EV200754,FL002342,Delay,Low,2025-05-11 20:09:00,0.8
EV200755,FL006001,Delay,Low,2025-05-17 14:33:00,1.1
EV200756,FL001741,Technical Defect,Medium,2025-01-12 14:11:00,1.1
EV200757,FL005936,Gate Change,Medium,2025-06-24 17:47:00,2.7
EV200758,FL000230,Technical Defect,Low,2025-09-14 21:02:00,5.6
EV200759,FL007361,Baggage Issue,Low,2025-10-04 07:49:00,2.0
EV200760,FL004495,Delay,Low,2025-02-28 07:00:00,1.3
EV200761,FL007074,Fuel Issue,Low,2025-05-02 17:46:00,5.7
EV200762,FL005912,Delay,Low,2025-01-27 15:18:00,0.7
EV200763,FL001235,Cleaning Issue,Low,2025-04-29 07:07:00,2.8
EV200764,FL005451,Crew Issue,Low,2025-11-27 12:50:00,4.1
EV200765,FL007772,Crew Issue,Medium,2025-04-10 20:46:00,0.9
EV200766,FL003919,Delay,Low,2025-07-01 10:54:00,2.8
EV200767,FL001241,Delay,Medium,2025-12-22 05:55:00,5.7
EV200768,FL004533,Crew Issue,High,2025-12-12 13:01:00,1.9
EV200769,FL004632,Fuel Issue,Low,2025-03-20 14:49:00,4.2
EV200770,FL006421,Gate Change,Low,2025-06-03 05:38:00,0.5
EV200771,FL001286,Technical Defect,Medium,2025-09-06 09:36:00,1.3
EV200772,FL005387,Gate Change,Low,2025-12-27 05:09:00,0.9
EV200773,FL003115,Baggage Issue,Medium,2025-08-23 13:13:00,2.2
EV200774,FL001980,Crew Issue,Medium,2025-10-07 06:09:00,1.3
EV200775,FL006511,Technical Defect,High,2025-06-18 18:45:00,8.1
EV200776,FL004512,Crew Issue,Critical,2025-02-18 19:52:00,3.5
EV200777,FL007689,Baggage Issue,Low,2025-10-05 21:28:00,0.9
EV200778,FL001932,Fuel Issue,High,2025-05-25 16:04:00,1.7
EV200779,FL002636,Crew Issue,Low,2025-03-09 05:30:00,1.8
EV200780,FL007529,Technical Defect,Medium,2025-07-02 19:18:00,5.8
EV200781,FL003582,Crew Issue,Medium,2025-01-30 12:09:00,3.9
EV200782,FL003223,Gate Change,Low,2025-09-06 12:20:00,2.7
EV200783,FL006591,Baggage Issue,Low,2025-08-21 15:36:00,4.0
EV200784,FL000888,Delay,Medium,2025-06-12 10:16:00,6.3
EV200785,FL004898,Crew Issue,Low,2025-04-07 11:55:00,11.8
EV200786,FL002893,Delay,Medium,2025-06-23 06:40:00,9.2
EV200787,FL007373,Delay,Critical,2025-11-15 14:01:00,3.0
EV200788,FL001057,Technical Defect,Low,2025-04-17 20:04:00,2.1
EV200789,FL002701,Crew Issue,Low,2025-07-27 10:04:00,3.5
EV200790,FL001559,Technical Defect,Low,2025-07-19 17:05:00,5.0
EV200791,FL001541,Gate Change,Low,2025-03-10 21:14:00,1.5
EV200792,FL002077,Cleaning Issue,Low,2025-07-14 20:40:00,3.2
EV200793,FL004504,Baggage Issue,Medium,2025-04-15 05:11:00,3.6
EV200794,FL004060,Fuel Issue,Medium,2025-11-04 12:18:00,8.3
EV200795,FL003834,Delay,Medium,2025-08-06 17:42:00,1.3
EV200796,FL007217,Delay,Low,2025-07-24 07:28:00,0.5
EV200797,FL007237,Delay,Medium,2025-12-06 16:29:00,0.5
EV200798,FL001728,Fuel Issue,Medium,2025-05-18 17:29:00,5.8
EV200799,FL000731,Crew Issue,Medium,2025-05-20 09:45:00,7.1
EV200800,FL005552,Technical Defect,Medium,2025-03-30 12:26:00,1.9
EV200801,FL000374,Cleaning Issue,Medium,2025-01-22 19:13:00,5.0
EV200802,FL004969,Baggage Issue,Medium,2025-10-24 12:43:00,6.5
EV200803,FL001430,Crew Issue,Low,2025-09-09 21:55:00,3.7
EV200804,FL001405,Delay,Low,2025-09-05 14:42:00,10.5
EV200805,FL005519,Fuel Issue,Low,2025-07-22 20:21:00,2.4
EV200806,FL006341,Technical Defect,Medium,2025-08-26 08:26:00,4.9
EV200807,FL002674,Delay,Medium,2025-10-03 10:43:00,0.1
EV200808,FL002940,Delay,Medium,2025-01-30 21:01:00,8.8
EV200809,FL000801,Gate Change,Low,2025-07-02 19:09:00,3.3
EV200810,FL007352,Gate Change,Critical,2025-11-04 07:30:00,3.6
EV200811,FL007282,Delay,Low,2025-05-26 20:40:00,5.0
EV200812,FL001298,Delay,Low,2025-07-24 19:57:00,6.2
EV200813,FL006262,Technical Defect,Medium,2025-06-07 13:59:00,2.7
EV200814,FL007560,Delay,Low,2025-11-05 18:11:00,5.8
EV200815,FL007265,Cleaning Issue,High,2025-10-23 11:44:00,2.3
EV200816,FL003495,Fuel Issue,Medium,2025-10-17 08:30:00,7.4
EV200817,FL000919,Delay,Low,2025-05-23 18:49:00,5.2
EV200818,FL004266,Fuel Issue,Low,2025-12-14 10:25:00,1.1
EV200819,FL002589,Gate Change,Low,2025-06-19 05:57:00,1.0
EV200820,FL002861,Delay,Medium,2025-09-27 08:43:00,6.1
EV200821,FL005135,Crew Issue,Medium,2025-04-03 19:06:00,0.3
EV200822,FL004712,Delay,Low,2025-03-09 14:34:00,2.3
EV200823,FL000649,Technical Defect,Medium,2025-01-06 14:32:00,5.4
EV200824,FL005132,Crew Issue,Low,2025-04-13 12:51:00,1.7
EV200825,FL008145,Fuel Issue,Low,2025-03-21 18:35:00,3.3
EV200826,FL001603,Delay,Low,2025-12-17 18:21:00,1.6
EV200827,FL008155,Gate Change,Low,2025-10-22 21:32:00,1.0
EV200828,FL000860,Fuel Issue,High,2025-12-27 05:52:00,7.0
EV200829,FL004260,Fuel Issue,Medium,2025-11-30 12:54:00,1.3
EV200830,FL000785,Delay,High,2025-07-27 08:45:00,1.5
EV200831,FL008163,Delay,Medium,2025-09-28 16:31:00,2.2
EV200832,FL006493,Delay,Low,2025-03-21 19:48:00,2.3
EV200833,FL007696,Delay,Low,2025-06-09 18:46:00,2.5
EV200834,FL000334,Fuel Issue,Medium,2025-10-28 05:54:00,6.7
EV200835,FL005003,Delay,Low,2025-09-05 10:35:00,3.5
EV200836,FL006791,Cleaning Issue,Medium,2025-12-15 07:39:00,1.8
EV200837,FL000696,Delay,High,2025-02-16 13:43:00,2.5
EV200838,FL007654,Delay,Low,2025-06-20 12:34:00,4.4
EV200839,FL001039,Technical Defect,High,2025-02-04 06:42:00,0.2
EV200840,FL000910,Crew Issue,High,2025-03-01 14:50:00,2.2
EV200841,FL002443,Delay,Low,2025-03-12 15:35:00,7.8
EV200842,FL007541,Cleaning Issue,Medium,2025-09-23 06:23:00,2.8
EV200843,FL006766,Delay,Low,2025-08-08 10:50:00,3.1
EV200844,FL003550,Fuel Issue,Low,2025-06-24 11:08:00,2.4
EV200845,FL004433,Delay,Low,2025-06-03 06:16:00,6.8
EV200846,FL000317,Crew Issue,Low,2025-11-01 11:41:00,8.4
EV200847,FL006825,Technical Defect,High,2025-03-10 13:45:00,0.1
EV200848,FL000425,Crew Issue,High,2025-05-20 13:06:00,9.9
EV200849,FL005849,Baggage Issue,Low,2025-07-18 05:05:00,0.8
EV200850,FL003045,Delay,Low,2025-05-25 10:48:00,5.5
EV200851,FL006695,Delay,Medium,2025-11-28 21:21:00,5.6
EV200852,FL000217,Technical Defect,Medium,2025-05-23 13:21:00,1.0
EV200853,FL002183,Gate Change,Low,2025-07-20 20:54:00,2.3
EV200854,FL005354,Fuel Issue,High,2025-08-04 08:08:00,3.5
EV200855,FL005755,Delay,Medium,2025-07-07 12:59:00,10.3
EV200856,FL000046,Delay,Low,2025-03-14 11:10:00,3.3
EV200857,FL000637,Delay,Medium,2025-05-10 06:18:00,3.7
EV200858,FL002993,Crew Issue,Low,2025-12-28 11:34:00,6.4
EV200859,FL005665,Delay,Low,2025-01-05 06:15:00,1.6
EV200860,FL005187,Gate Change,Low,2025-11-01 16:00:00,1.4
EV200861,FL004002,Gate Change,Low,2025-04-02 15:46:00,4.9
EV200862,FL004829,Gate Change,High,2025-08-12 13:10:00,4.0
EV200863,FL002756,Gate Change,Medium,2025-05-01 10:45:00,2.2
EV200864,FL004693,Technical Defect,High,2025-02-28 20:41:00,6.2
EV200865,FL005719,Cleaning Issue,Medium,2025-06-15 13:15:00,8.6
EV200866,FL001736,Technical Defect,Medium,2025-06-13 10:39:00,6.2
EV200867,FL000056,Fuel Issue,Medium,2025-12-02 16:07:00,2.1
EV200868,FL002359,Gate Change,Low,2025-03-09 19:02:00,3.1
EV200869,FL006339,Gate Change,Low,2025-04-21 06:11:00,1.7
EV200870,FL006894,Crew Issue,Low,2025-11-03 08:04:00,7.8
EV200871,FL004401,Cleaning Issue,Medium,2025-04-26 21:13:00,3.0
EV200872,FL007028,Delay,High,2025-01-07 08:13:00,0.6
EV200873,FL003537,Gate Change,Low,2025-04-28 15:41:00,4.8
EV200874,FL005953,Delay,Low,2025-06-16 16:56:00,3.2
EV200875,FL004351,Delay,High,2025-03-22 15:15:00,2.8
EV200876,FL000002,Fuel Issue,Low,2025-03-02 12:00:00,0.6
EV200877,FL002231,Cleaning Issue,Low,2025-06-07 20:44:00,1.6
EV200878,FL005514,Baggage Issue,Low,2025-01-12 08:39:00,3.4
EV200879,FL005069,Technical Defect,Low,2025-09-30 15:06:00,5.4
EV200880,FL006058,Crew Issue,Low,2025-05-25 14:39:00,4.2
EV200881,FL001878,Cleaning Issue,Medium,2025-09-25 07:47:00,1.4
EV200882,FL001511,Cleaning Issue,Low,2025-06-28 13:42:00,1.9
EV200883,FL007618,Fuel Issue,Medium,2025-01-02 09:14:00,1.2
EV200884,FL003012,Technical Defect,Medium,2025-12-26 19:03:00,2.4
EV200885,FL006406,Delay,Low,2025-10-07 05:21:00,5.3
EV200886,FL000466,Delay,Critical,2025-01-27 14:19:00,2.0
EV200887,FL007260,Delay,Critical,2025-05-24 20:21:00,2.3
EV200888,FL007097,Technical Defect,High,2025-08-26 21:37:00,2.9
EV200889,FL005875,Delay,Low,2025-01-08 10:10:00,0.8
EV200890,FL002386,Baggage Issue,Medium,2025-03-16 07:26:00,3.5
EV200891,FL000665,Fuel Issue,Medium,2025-12-28 19:11:00,3.2
EV200892,FL001719,Crew Issue,Low,2025-09-22 20:11:00,3.3
EV200893,FL004281,Delay,Medium,2025-11-15 14:38:00,1.2
EV200894,FL007830,Delay,Medium,2025-11-23 19:08:00,9.7
EV200895,FL005782,Cleaning Issue,Low,2025-05-11 20:09:00,10.2
EV200896,FL003929,Cleaning Issue,Medium,2025-10-21 08:47:00,2.3
EV200897,FL005070,Cleaning Issue,High,2025-09-06 17:30:00,0.4
EV200898,FL006065,Cleaning Issue,Medium,2025-08-13 21:32:00,0.1
EV200899,FL005624,Delay,High,2025-08-21 19:53:00,1.1
EV200900,FL000872,Crew Issue,Low,2025-03-15 10:01:00,1.2
EV200901,FL004401,Delay,Medium,2025-12-26 13:16:00,2.5
EV200902,FL007388,Delay,Medium,2025-02-27 21:07:00,1.6
EV200903,FL005200,Technical Defect,Low,2025-03-09 14:34:00,1.9
EV200904,FL003107,Crew Issue,Low,2025-11-22 11:05:00,6.3
EV200905,FL004607,Technical Defect,Low,2025-03-21 16:15:00,1.8
EV200906,FL005911,Delay,Medium,2025-01-26 09:14:00,7.9
EV200907,FL000643,Cleaning Issue,Low,2025-09-01 06:19:00,2.9
EV200908,FL001512,Delay,Low,2025-04-25 10:54:00,3.1
EV200909,FL004808,Crew Issue,High,2025-01-28 08:16:00,5.5
EV200910,FL000757,Crew Issue,High,2025-03-12 16:52:00,6.3
EV200911,FL003828,Delay,Medium,2025-10-26 16:11:00,4.1
EV200912,FL006249,Technical Defect,Medium,2025-02-25 09:38:00,2.9
EV200913,FL004146,Delay,Medium,2025-03-22 07:12:00,2.0
EV200914,FL006610,Crew Issue,Medium,2025-08-25 06:23:00,0.4
EV200915,FL000614,Crew Issue,Medium,2025-10-07 11:37:00,5.8
EV200916,FL003796,Delay,Medium,2025-07-23 19:45:00,4.7
EV200917,FL007426,Baggage Issue,Low,2025-02-26 19:14:00,1.9
EV200918,FL004933,Technical Defect,Low,2025-04-21 17:11:00,1.8
EV200919,FL006891,Gate Change,Medium,2025-09-27 11:01:00,6.5
EV200920,FL003303,Baggage Issue,Medium,2025-06-19 09:46:00,0.1
EV200921,FL000411,Fuel Issue,High,2025-01-30 15:16:00,3.0
EV200922,FL002505,Technical Defect,Low,2025-11-17 05:04:00,2.6
EV200923,FL007389,Baggage Issue,Medium,2025-02-09 20:14:00,5.8
EV200924,FL001812,Delay,Medium,2025-09-06 12:47:00,4.6
EV200925,FL006930,Technical Defect,Medium,2025-01-18 13:34:00,1.0
EV200926,FL005221,Delay,Medium,2025-06-01 06:25:00,1.7
EV200927,FL006382,Technical Defect,High,2025-08-28 20:30:00,3.3
EV200928,FL007787,Technical Defect,High,2025-03-04 05:21:00,1.8
EV200929,FL007642,Cleaning Issue,High,2025-03-03 10:17:00,0.8
EV200930,FL004164,Delay,Medium,2025-08-27 19:38:00,1.1
EV200931,FL005419,Cleaning Issue,Low,2025-05-13 21:26:00,8.8
EV200932,FL000921,Delay,Medium,2025-04-12 20:18:00,2.0
EV200933,FL001007,Gate Change,Medium,2025-11-20 16:35:00,3.9
EV200934,FL007599,Delay,High,2025-04-20 19:12:00,0.3
EV200935,FL001314,Cleaning Issue,Medium,2025-04-27 12:32:00,5.3
EV200936,FL000424,Technical Defect,High,2025-10-19 14:28:00,4.0
EV200937,FL000591,Delay,Medium,2025-03-03 05:36:00,5.6
EV200938,FL000128,Delay,Medium,2025-06-13 20:10:00,0.7
EV200939,FL003444,Crew Issue,High,2025-09-01 15:50:00,10.1
EV200940,FL000692,Fuel Issue,Low,2025-01-26 14:04:00,6.9
EV200941,FL001345,Crew Issue,High,2025-02-28 13:40:00,0.7
EV200942,FL007236,Technical Defect,High,2025-12-01 12:47:00,1.8
EV200943,FL000284,Cleaning Issue,Critical,2025-09-23 07:52:00,4.0
EV200944,FL000960,Technical Defect,Low,2025-05-02 15:18:00,0.8
EV200945,FL004246,Delay,High,2025-06-12 13:42:00,8.5
EV200946,FL001700,Delay,Low,2025-05-17 16:47:00,5.1
EV200947,FL002522,Baggage Issue,Low,2025-12-07 08:40:00,1.8
EV200948,FL003820,Crew Issue,Low,2025-09-28 06:30:00,4.6
EV200949,FL001632,Baggage Issue,Low,2025-03-28 07:26:00,1.9
EV200950,FL005990,Delay,Low,2025-02-02 13:13:00,8.9
EV200951,FL005759,Technical Defect,High,2025-06-26 19:59:00,3.3
EV200952,FL000145,Delay,Medium,2025-10-21 05:20:00,3.8
EV200953,FL004709,Cleaning Issue,Medium,2025-11-06 07:20:00,1.1
EV200954,FL002738,Delay,High,2025-02-08 12:38:00,2.2
EV200955,FL004531,Cleaning Issue,High,2025-08-25 17:48:00,6.4
EV200956,FL005384,Technical Defect,Critical,2025-06-17 10:13:00,2.3
EV200957,FL002900,Gate Change,High,2025-03-18 21:34:00,1.0
EV200958,FL005002,Baggage Issue,High,2025-07-16 13:09:00,0.7
EV200959,FL006206,Fuel Issue,Low,2025-01-26 18:51:00,3.5
EV200960,FL006603,Baggage Issue,Medium,2025-01-21 06:39:00,0.5
EV200961,FL001252,Technical Defect,Low,2025-07-23 12:58:00,0.2
EV200962,FL004553,Delay,Low,2025-03-04 06:46:00,3.6
EV200963,FL003651,Delay,Low,2025-07-27 14:01:00,0.2
EV200964,FL007398,Baggage Issue,Medium,2025-12-23 13:31:00,3.3
EV200965,FL003180,Technical Defect,High,2025-03-22 09:59:00,2.9
EV200966,FL001937,Crew Issue,Medium,2025-09-20 20:53:00,1.8
EV200967,FL006542,Crew Issue,Medium,2025-10-16 20:05:00,2.7
EV200968,FL003224,Delay,Low,2025-02-17 09:39:00,4.3
EV200969,FL001531,Delay,Low,2025-03-29 20:48:00,7.6
EV200970,FL004418,Technical Defect,High,2025-03-21 15:13:00,2.4
EV200971,FL008108,Delay,Low,2025-12-21 07:00:00,3.3
EV200972,FL002448,Delay,Medium,2025-08-02 12:10:00,1.0
EV200973,FL001306,Technical Defect,Low,2025-09-16 08:47:00,3.3
EV200974,FL003875,Technical Defect,Low,2025-02-14 20:28:00,2.5
EV200975,FL003615,Delay,Medium,2025-08-09 09:45:00,4.0
EV200976,FL002457,Delay,Medium,2025-07-22 17:20:00,0.9
EV200977,FL004983,Delay,Low,2025-08-27 06:50:00,10.6
EV200978,FL000171,Cleaning Issue,High,2025-06-12 10:26:00,2.0
EV200979,FL003471,Baggage Issue,Low,2025-01-03 17:12:00,3.5
EV200980,FL001096,Delay,Medium,2025-08-30 05:18:00,0.1
EV200981,FL007195,Gate Change,Medium,2025-05-12 09:05:00,2.9
EV200982,FL004522,Baggage Issue,Medium,2025-04-08 17:16:00,3.6
EV200983,FL005292,Gate Change,Medium,2025-11-12 19:40:00,6.0
EV200984,FL004936,Gate Change,Low,2025-03-06 17:29:00,3.9
EV200985,FL005597,Fuel Issue,Medium,2025-12-02 08:08:00,8.2
EV200986,FL005596,Fuel Issue,Low,2025-06-28 20:20:00,6.3
EV200987,FL007241,Delay,Low,2025-03-13 14:23:00,0.6
EV200988,FL005031,Technical Defect,Low,2025-11-04 14:01:00,8.4
EV200989,FL001061,Technical Defect,Medium,2025-11-23 16:27:00,2.2
EV200990,FL003056,Delay,High,2025-12-11 16:34:00,2.8
EV200991,FL003673,Cleaning Issue,Low,2025-05-17 15:58:00,0.5
EV200992,FL007437,Cleaning Issue,Medium,2025-12-03 16:59:00,5.7
EV200993,FL003301,Baggage Issue,Medium,2025-09-11 19:20:00,2.4
EV200994,FL007125,Delay,Low,2025-05-24 09:26:00,2.5
EV200995,FL006169,Delay,Medium,2025-11-16 10:54:00,3.0
EV200996,FL003218,Delay,High,2025-07-06 21:36:00,5.1
EV200997,FL006919,Gate Change,High,2025-03-24 13:04:00,7.7
EV200998,FL003892,Delay,Medium,2025-10-01 17:16:00,0.5
EV200999,FL003696,Crew Issue,Medium,2025-02-20 15:10:00,2.1
EV201000,FL001071,Cleaning Issue,Low,2025-04-18 17:05:00,1.2
EV201001,FL000962,Delay,Low,2025-06-22 19:59:00,5.9
EV201002,FL004529,Cleaning Issue,Medium,2025-08-07 05:06:00,4.8
EV201003,FL006254,Technical Defect,Low,2025-08-15 16:31:00,3.9
EV201004,FL006969,Technical Defect,Medium,2025-10-26 07:41:00,2.6
EV201005,FL006434,Delay,Low,2025-07-26 06:50:00,5.2
EV201006,FL003700,Delay,Medium,2025-07-04 19:21:00,3.3
EV201007,FL002263,Crew Issue,Medium,2025-09-05 08:52:00,4.3
EV201008,FL003348,Baggage Issue,High,2025-07-06 11:08:00,7.2
EV201009,FL001409,Crew Issue,Low,2025-12-01 13:34:00,4.3
EV201010,FL004294,Delay,High,2025-05-23 13:21:00,2.5
EV201011,FL001162,Crew Issue,Medium,2025-02-12 19:33:00,1.4
EV201012,FL006223,Baggage Issue,Medium,2025-08-13 19:26:00,1.4
EV201013,FL000831,Technical Defect,Medium,2025-12-17 20:48:00,1.9
EV201014,FL003354,Delay,Low,2025-03-17 10:42:00,3.8
EV201015,FL002386,Baggage Issue,Low,2025-03-01 10:49:00,7.6
EV201016,FL005129,Cleaning Issue,Medium,2025-06-04 15:51:00,1.3
EV201017,FL005883,Crew Issue,High,2025-12-06 05:15:00,6.9
EV201018,FL003205,Cleaning Issue,High,2025-04-13 18:23:00,1.7
EV201019,FL002348,Delay,Low,2025-10-04 20:43:00,7.7
EV201020,FL007552,Baggage Issue,Low,2025-04-10 08:40:00,1.7
EV201021,FL006881,Technical Defect,Medium,2025-10-23 14:30:00,1.6
EV201022,FL006931,Technical Defect,Medium,2025-04-06 16:20:00,0.6
EV201023,FL002746,Delay,Low,2025-11-15 07:20:00,2.1
EV201024,FL000353,Baggage Issue,Medium,2025-07-01 19:14:00,1.9
EV201025,FL005793,Crew Issue,Medium,2025-02-11 07:35:00,4.3
EV201026,FL001714,Gate Change,High,2025-12-09 06:28:00,1.3
EV201027,FL001739,Baggage Issue,Low,2025-08-30 06:04:00,3.3
EV201028,FL006545,Technical Defect,High,2025-01-02 17:29:00,1.8
EV201029,FL000940,Technical Defect,High,2025-05-07 10:40:00,5.5
EV201030,FL006864,Delay,Medium,2025-11-21 16:10:00,4.9
EV201031,FL001984,Delay,High,2025-05-19 21:06:00,4.6
EV201032,FL002716,Technical Defect,Medium,2025-12-14 08:46:00,0.1
EV201033,FL005145,Cleaning Issue,Medium,2025-07-11 16:52:00,1.3
EV201034,FL005674,Cleaning Issue,Medium,2025-02-14 15:35:00,5.8
EV201035,FL005456,Fuel Issue,Medium,2025-08-06 16:15:00,1.6
EV201036,FL004167,Technical Defect,Low,2025-01-23 08:06:00,5.4
EV201037,FL005095,Crew Issue,Low,2025-09-13 11:29:00,0.7
EV201038,FL003116,Cleaning Issue,High,2025-01-31 06:42:00,4.2
EV201039,FL003468,Delay,Low,2025-08-11 07:07:00,3.8
EV201040,FL001008,Technical Defect,Medium,2025-03-01 14:58:00,3.9
EV201041,FL004597,Technical Defect,High,2025-03-26 19:43:00,8.3
EV201042,FL002839,Fuel Issue,Medium,2025-03-16 10:39:00,1.1
EV201043,FL007734,Gate Change,Medium,2025-05-13 16:42:00,5.5
EV201044,FL007911,Cleaning Issue,High,2025-08-09 19:07:00,3.3
EV201045,FL000615,Delay,Low,2025-11-10 09:28:00,9.7
EV201046,FL005252,Delay,Low,2025-08-24 14:29:00,2.0
EV201047,FL000679,Gate Change,Medium,2025-09-17 05:46:00,6.3
EV201048,FL002940,Delay,High,2025-11-07 14:03:00,9.0
EV201049,FL004054,Cleaning Issue,Medium,2025-06-17 09:33:00,1.2
EV201050,FL002369,Baggage Issue,Low,2025-02-06 09:29:00,1.8
EV201051,FL006588,Gate Change,Medium,2025-03-30 19:31:00,5.5
EV201052,FL000068,Delay,Medium,2025-12-27 11:39:00,4.4
EV201053,FL007217,Crew Issue,Low,2025-10-31 11:28:00,2.4
EV201054,FL008057,Cleaning Issue,Low,2025-12-29 17:42:00,3.5
EV201055,FL006001,Crew Issue,High,2025-04-03 17:30:00,2.4
EV201056,FL008139,Gate Change,Medium,2025-02-25 05:52:00,2.4
EV201057,FL001815,Baggage Issue,High,2025-11-25 21:38:00,1.6
EV201058,FL005082,Gate Change,Low,2025-12-31 12:36:00,4.7
EV201059,FL006234,Delay,Low,2025-06-10 08:24:00,1.8
EV201060,FL002845,Fuel Issue,Low,2025-12-24 07:37:00,0.6
EV201061,FL001787,Delay,Medium,2025-08-29 07:41:00,3.0
EV201062,FL003164,Delay,High,2025-11-04 07:30:00,3.8
EV201063,FL000123,Cleaning Issue,High,2025-03-25 21:36:00,1.0
EV201064,FL004320,Crew Issue,Low,2025-07-27 10:49:00,3.4
EV201065,FL001253,Gate Change,Low,2025-02-26 12:22:00,1.0
EV201066,FL002587,Delay,Medium,2025-10-03 08:24:00,1.4
EV201067,FL007953,Fuel Issue,Low,2025-03-30 16:28:00,1.5
EV201068,FL000568,Gate Change,Medium,2025-11-08 16:06:00,4.5
EV201069,FL005868,Gate Change,Low,2025-07-22 14:50:00,1.1
EV201070,FL002010,Delay,High,2025-09-07 18:44:00,6.1
EV201071,FL001207,Technical Defect,Medium,2025-09-08 21:06:00,6.7
EV201072,FL004518,Technical Defect,Low,2025-11-25 19:57:00,1.4
EV201073,FL002551,Delay,Medium,2025-06-25 19:42:00,4.4
EV201074,FL005611,Technical Defect,High,2025-05-25 16:38:00,3.8
EV201075,FL007254,Fuel Issue,High,2025-10-14 08:37:00,3.6
EV201076,FL005901,Delay,Low,2025-05-26 16:17:00,7.0
EV201077,FL005862,Delay,Medium,2025-02-25 05:05:00,2.2
EV201078,FL005198,Fuel Issue,Low,2025-08-19 10:22:00,3.4
EV201079,FL002003,Crew Issue,High,2025-12-08 15:42:00,4.1
EV201080,FL003702,Gate Change,Medium,2025-08-21 19:17:00,0.3
EV201081,FL008026,Baggage Issue,Medium,2025-08-07 08:47:00,5.2
EV201082,FL004346,Delay,Low,2025-04-09 09:23:00,9.4
EV201083,FL004782,Crew Issue,Low,2025-05-02 10:04:00,0.4
EV201084,FL005146,Fuel Issue,Medium,2025-08-08 10:26:00,3.6
EV201085,FL004513,Technical Defect,Medium,2025-07-19 05:27:00,2.5
EV201086,FL000938,Fuel Issue,Low,2025-12-10 18:27:00,3.9
EV201087,FL004818,Gate Change,Low,2025-06-10 15:47:00,5.2
EV201088,FL001313,Delay,Medium,2025-09-04 05:35:00,1.7
EV201089,FL006020,Delay,Low,2025-10-22 20:27:00,3.9
EV201090,FL007373,Delay,Low,2025-08-31 21:01:00,7.0
EV201091,FL002164,Cleaning Issue,Medium,2025-04-16 12:16:00,5.7
EV201092,FL002412,Cleaning Issue,High,2025-10-28 05:26:00,4.8
EV201093,FL000197,Delay,Medium,2025-08-16 16:44:00,2.3
EV201094,FL002638,Technical Defect,Low,2025-06-24 19:32:00,2.0
EV201095,FL005344,Cleaning Issue,Low,2025-09-23 11:26:00,3.6
EV201096,FL001442,Gate Change,Low,2025-10-30 08:43:00,3.7
EV201097,FL003893,Crew Issue,Low,2025-12-21 09:51:00,5.8
EV201098,FL006624,Delay,Low,2025-09-26 15:13:00,3.6
EV201099,FL006665,Delay,Low,2025-02-03 21:34:00,5.2
EV201100,FL000281,Delay,Medium,2025-08-06 12:44:00,0.6
EV201101,FL007618,Baggage Issue,Medium,2025-08-14 18:15:00,4.7
EV201102,FL006944,Cleaning Issue,Low,2025-01-27 19:52:00,4.8
EV201103,FL005017,Crew Issue,Low,2025-05-13 12:55:00,6.7
EV201104,FL006601,Technical Defect,Low,2025-02-02 07:42:00,0.4
EV201105,FL004889,Technical Defect,Low,2025-05-23 09:32:00,8.1
EV201106,FL003400,Fuel Issue,High,2025-06-11 08:12:00,2.7
EV201107,FL005225,Technical Defect,Critical,2025-06-05 21:47:00,2.1
EV201108,FL007298,Technical Defect,Low,2025-10-05 08:29:00,5.4
EV201109,FL000644,Delay,Low,2025-05-04 19:10:00,2.4
EV201110,FL006018,Baggage Issue,Low,2025-05-16 15:56:00,4.2
EV201111,FL002982,Delay,High,2025-07-12 13:37:00,4.2
EV201112,FL006989,Technical Defect,Medium,2025-02-22 20:13:00,13.7
EV201113,FL005401,Crew Issue,Critical,2025-04-01 19:17:00,12.4
EV201114,FL000809,Baggage Issue,Medium,2025-08-18 21:01:00,6.4
EV201115,FL004329,Delay,Low,2025-11-06 11:51:00,1.6
EV201116,FL006869,Technical Defect,High,2025-08-29 19:50:00,4.4
EV201117,FL006446,Technical Defect,High,2025-11-01 08:49:00,1.1
EV201118,FL005639,Delay,Low,2025-03-13 06:24:00,3.0
EV201119,FL000973,Delay,Low,2025-02-04 17:06:00,2.4
EV201120,FL008179,Technical Defect,High,2025-10-24 12:31:00,9.8
EV201121,FL005231,Delay,Critical,2025-01-28 21:02:00,2.6
EV201122,FL006685,Gate Change,Medium,2025-11-20 13:43:00,6.0
EV201123,FL006894,Baggage Issue,Low,2025-06-02 05:12:00,3.3
EV201124,FL008134,Cleaning Issue,Low,2025-01-10 05:44:00,6.1
EV201125,FL005449,Gate Change,Medium,2025-09-01 16:23:00,0.3
EV201126,FL004513,Fuel Issue,Low,2025-12-31 10:08:00,2.9
EV201127,FL000634,Cleaning Issue,Low,2025-08-07 19:57:00,5.9
EV201128,FL001112,Technical Defect,Low,2025-10-21 06:07:00,6.0
EV201129,FL005447,Delay,Medium,2025-03-19 20:05:00,5.0
EV201130,FL007609,Delay,Medium,2025-12-04 21:40:00,2.1
EV201131,FL006986,Baggage Issue,Critical,2025-07-20 06:24:00,5.1
EV201132,FL006993,Delay,Low,2025-10-04 17:19:00,4.6
EV201133,FL001220,Delay,High,2025-01-08 14:01:00,3.5
EV201134,FL003685,Delay,Low,2025-05-09 12:35:00,5.6
EV201135,FL005083,Delay,High,2025-03-03 15:18:00,1.4
EV201136,FL005083,Delay,Medium,2025-12-02 17:02:00,2.8
EV201137,FL003995,Cleaning Issue,Low,2025-04-13 05:51:00,0.7
EV201138,FL007720,Delay,High,2025-07-20 20:57:00,0.8
EV201139,FL001844,Delay,Medium,2025-09-23 05:15:00,1.5
EV201140,FL006870,Cleaning Issue,Medium,2025-04-07 19:24:00,8.9
EV201141,FL003630,Crew Issue,High,2025-10-02 21:21:00,5.9
EV201142,FL005281,Cleaning Issue,Medium,2025-08-28 14:42:00,1.8
EV201143,FL003474,Fuel Issue,Low,2025-02-15 13:16:00,2.5
EV201144,FL002956,Technical Defect,Low,2025-04-04 06:32:00,2.2
EV201145,FL004695,Delay,Low,2025-03-04 11:18:00,4.6
EV201146,FL004403,Fuel Issue,High,2025-03-21 20:16:00,1.4
EV201147,FL006147,Technical Defect,High,2025-03-15 08:08:00,9.9
EV201148,FL000597,Delay,Medium,2025-08-10 10:09:00,10.3
EV201149,FL000796,Crew Issue,Medium,2025-07-27 12:38:00,4.0
EV201150,FL003126,Delay,Low,2025-06-27 16:10:00,2.2
EV201151,FL001654,Delay,High,2025-02-01 11:28:00,7.3
EV201152,FL005888,Baggage Issue,Low,2025-09-22 20:51:00,5.7
EV201153,FL005275,Delay,Medium,2025-10-14 16:41:00,1.2
EV201154,FL001165,Delay,Critical,2025-10-07 19:34:00,3.1
EV201155,FL001011,Baggage Issue,High,2025-09-04 13:34:00,2.9
EV201156,FL006924,Delay,Medium,2025-08-03 17:35:00,0.2
EV201157,FL005399,Cleaning Issue,Medium,2025-09-16 12:36:00,5.3
EV201158,FL007346,Delay,Low,2025-05-17 20:02:00,2.3
EV201159,FL005397,Technical Defect,Low,2025-04-19 10:58:00,3.9
EV201160,FL003318,Fuel Issue,Medium,2025-07-27 07:19:00,6.9
EV201161,FL002766,Delay,High,2025-07-20 06:24:00,3.4
EV201162,FL006834,Fuel Issue,Medium,2025-02-26 16:49:00,5.6
EV201163,FL008122,Fuel Issue,High,2025-04-23 14:06:00,2.9
EV201164,FL003572,Delay,Low,2025-03-02 08:30:00,0.7
EV201165,FL003893,Gate Change,Medium,2025-06-07 13:36:00,8.3
EV201166,FL003268,Delay,High,2025-10-10 20:06:00,8.7
EV201167,FL007901,Cleaning Issue,Medium,2025-02-03 05:54:00,1.1
EV201168,FL000991,Cleaning Issue,Low,2025-08-12 13:10:00,10.6
EV201169,FL001469,Technical Defect,High,2025-03-15 18:49:00,2.5
EV201170,FL006752,Cleaning Issue,Low,2025-07-26 21:38:00,3.1
EV201171,FL007684,Delay,Low,2025-01-31 06:42:00,5.2
EV201172,FL002262,Gate Change,Medium,2025-03-12 15:35:00,4.2
EV201173,FL004735,Delay,Low,2025-08-14 20:36:00,0.4
EV201174,FL002342,Delay,High,2025-12-15 13:51:00,7.5
EV201175,FL008131,Technical Defect,Low,2025-10-21 13:08:00,2.8
EV201176,FL000566,Technical Defect,Low,2025-12-29 16:57:00,2.0
EV201177,FL004911,Delay,High,2025-12-24 12:48:00,4.9
EV201178,FL004858,Technical Defect,Low,2025-07-23 13:22:00,3.8
EV201179,FL007650,Cleaning Issue,Medium,2025-09-07 20:13:00,8.4
EV201180,FL004645,Crew Issue,Medium,2025-06-07 11:41:00,7.9
EV201181,FL002871,Technical Defect,Low,2025-11-09 21:11:00,2.0
EV201182,FL004045,Technical Defect,Low,2025-03-13 16:16:00,2.6
EV201183,FL005199,Fuel Issue,Medium,2025-05-07 16:48:00,1.2
EV201184,FL006980,Gate Change,High,2025-12-09 07:19:00,8.0
EV201185,FL000264,Technical Defect,Medium,2025-10-20 15:54:00,6.5
EV201186,FL005891,Delay,Medium,2025-01-30 17:13:00,2.0
EV201187,FL004790,Cleaning Issue,Medium,2025-03-26 13:25:00,5.9
EV201188,FL001626,Technical Defect,Low,2025-10-23 13:26:00,1.5
EV201189,FL003081,Delay,Low,2025-07-21 20:38:00,4.1
EV201190,FL004555,Fuel Issue,Medium,2025-10-12 15:04:00,4.4
EV201191,FL006769,Baggage Issue,Medium,2025-05-18 17:38:00,3.9
EV201192,FL006911,Fuel Issue,Low,2025-10-14 15:13:00,0.8
EV201193,FL004081,Delay,Low,2025-09-08 12:26:00,5.5
EV201194,FL005735,Cleaning Issue,Medium,2025-07-22 21:02:00,1.7
EV201195,FL004297,Fuel Issue,Medium,2025-08-02 16:42:00,0.9
EV201196,FL005604,Baggage Issue,High,2025-01-18 15:25:00,5.3
EV201197,FL008077,Cleaning Issue,High,2025-10-11 12:34:00,8.6
EV201198,FL000715,Technical Defect,Medium,2025-08-11 05:41:00,0.9
EV201199,FL007315,Technical Defect,Medium,2025-03-27 05:52:00,0.2
EV201200,FL001481,Gate Change,High,2025-02-08 14:07:00,2.0
EV201201,FL007652,Crew Issue,Medium,2025-11-22 08:26:00,4.1
EV201202,FL003396,Baggage Issue,Low,2025-06-11 11:15:00,1.5
EV201203,FL001394,Cleaning Issue,Medium,2025-04-26 14:46:00,4.2
EV201204,FL000381,Technical Defect,Low,2025-11-15 05:39:00,1.9
EV201205,FL007231,Gate Change,High,2025-01-25 08:57:00,1.1
EV201206,FL005962,Technical Defect,Critical,2025-11-16 18:53:00,0.3
EV201207,FL003514,Crew Issue,Low,2025-05-24 13:22:00,7.2
EV201208,FL007657,Baggage Issue,Low,2025-10-15 05:59:00,4.5
EV201209,FL007001,Cleaning Issue,High,2025-01-13 15:33:00,5.4
EV201210,FL001450,Cleaning Issue,High,2025-10-03 06:17:00,0.1
EV201211,FL004178,Gate Change,Medium,2025-08-27 14:09:00,2.5
EV201212,FL005284,Delay,Medium,2025-11-19 10:29:00,8.1
EV201213,FL005477,Gate Change,High,2025-03-12 21:07:00,14.2
EV201214,FL004143,Baggage Issue,Medium,2025-02-09 20:14:00,6.2
EV201215,FL002061,Delay,High,2025-09-27 21:56:00,3.2
EV201216,FL001936,Delay,Low,2025-08-31 09:30:00,1.7
EV201217,FL001599,Fuel Issue,Low,2025-11-27 20:57:00,4.4
EV201218,FL003948,Technical Defect,Medium,2025-10-12 08:16:00,0.5
EV201219,FL004579,Cleaning Issue,Medium,2025-08-03 17:53:00,1.2
EV201220,FL007765,Delay,Low,2025-10-28 17:37:00,2.7
EV201221,FL001178,Cleaning Issue,Low,2025-08-30 11:28:00,6.2
EV201222,FL003902,Baggage Issue,High,2025-02-25 06:15:00,3.4
EV201223,FL005132,Crew Issue,Medium,2025-06-06 12:43:00,5.1
EV201224,FL003536,Gate Change,Low,2025-03-24 09:29:00,4.2
EV201225,FL000269,Gate Change,Low,2025-02-02 19:36:00,2.1
EV201226,FL005543,Crew Issue,High,2025-03-02 17:52:00,0.7
EV201227,FL001643,Delay,Low,2025-06-07 11:41:00,1.6
EV201228,FL006071,Technical Defect,Medium,2025-07-26 10:32:00,3.8
EV201229,FL002261,Cleaning Issue,Medium,2025-05-30 18:18:00,1.6
EV201230,FL005555,Fuel Issue,High,2025-12-23 16:10:00,3.7
EV201231,FL001386,Cleaning Issue,Medium,2025-05-21 14:30:00,9.9
EV201232,FL005079,Crew Issue,Medium,2025-06-26 07:33:00,0.6
EV201233,FL000972,Crew Issue,Medium,2025-08-16 11:42:00,5.2
EV201234,FL002447,Cleaning Issue,High,2025-03-26 11:48:00,0.5
EV201235,FL006274,Crew Issue,Low,2025-07-06 06:51:00,4.4
EV201236,FL002217,Delay,Low,2025-03-25 05:25:00,5.1
EV201237,FL003439,Gate Change,Low,2025-11-27 06:30:00,1.8
EV201238,FL003560,Delay,High,2025-06-15 12:43:00,6.9
EV201239,FL002093,Delay,Medium,2025-10-04 20:19:00,4.5
EV201240,FL004753,Baggage Issue,Low,2025-06-14 08:22:00,11.1
EV201241,FL002503,Cleaning Issue,Low,2025-09-17 20:04:00,2.0
EV201242,FL004334,Delay,Medium,2025-02-17 17:39:00,2.1
EV201243,FL006520,Crew Issue,Low,2025-11-26 12:09:00,0.7
EV201244,FL006178,Technical Defect,Medium,2025-04-23 19:27:00,13.5
EV201245,FL001856,Fuel Issue,Low,2025-06-24 13:34:00,7.2
EV201246,FL005643,Baggage Issue,Medium,2025-10-04 19:18:00,1.0
EV201247,FL006258,Gate Change,Low,2025-12-01 10:01:00,5.1
EV201248,FL004604,Technical Defect,Medium,2025-07-13 06:03:00,9.3
EV201249,FL005996,Technical Defect,Low,2025-06-01 16:55:00,2.1
EV201250,FL003443,Technical Defect,Medium,2025-06-22 10:33:00,1.8
EV201251,FL000555,Baggage Issue,Medium,2025-04-17 20:04:00,0.5
EV201252,FL004734,Technical Defect,High,2025-05-22 07:26:00,6.6
EV201253,FL007443,Technical Defect,Medium,2025-10-16 05:39:00,1.7
EV201254,FL003958,Gate Change,Medium,2025-09-12 17:54:00,0.8
EV201255,FL004634,Delay,Medium,2025-10-19 18:33:00,4.8
EV201256,FL005532,Delay,Low,2025-04-24 06:55:00,0.6
EV201257,FL006889,Delay,Medium,2025-05-30 08:37:00,4.0
EV201258,FL004036,Fuel Issue,Low,2025-02-04 15:57:00,0.9
EV201259,FL002614,Fuel Issue,Medium,2025-08-19 06:18:00,5.3
EV201260,FL005176,Delay,Low,2025-09-14 14:28:00,1.1
EV201261,FL005668,Baggage Issue,Low,2025-11-12 19:40:00,1.8
EV201262,FL005505,Technical Defect,Medium,2025-11-18 19:03:00,3.3
EV201263,FL004949,Gate Change,High,2025-01-11 19:43:00,2.0
EV201264,FL008214,Technical Defect,Medium,2025-03-06 14:24:00,13.9
EV201265,FL002219,Technical Defect,Medium,2025-10-06 14:01:00,1.3
EV201266,FL002597,Baggage Issue,High,2025-06-18 14:55:00,0.8
EV201267,FL006996,Delay,Medium,2025-05-08 07:50:00,2.4
EV201268,FL001491,Delay,Medium,2025-06-16 14:55:00,4.9
EV201269,FL006686,Technical Defect,Medium,2025-12-06 10:42:00,1.6
EV201270,FL002036,Delay,High,2025-12-16 18:16:00,2.2
EV201271,FL005504,Cleaning Issue,Medium,2025-02-21 07:41:00,4.0
EV201272,FL007014,Technical Defect,Low,2025-08-24 17:51:00,3.7
EV201273,FL007132,Delay,Low,2025-08-23 11:02:00,7.3
EV201274,FL004962,Technical Defect,Medium,2025-06-07 14:05:00,0.8
EV201275,FL001799,Delay,Medium,2025-10-04 11:52:00,3.5
EV201276,FL002778,Baggage Issue,Low,2025-03-12 06:25:00,0.3
EV201277,FL005834,Baggage Issue,Medium,2025-02-23 14:10:00,2.6
EV201278,FL005241,Baggage Issue,Medium,2025-05-08 11:31:00,6.4
EV201279,FL002368,Technical Defect,Low,2025-11-16 10:54:00,18.1
EV201280,FL004699,Fuel Issue,Low,2025-01-14 18:31:00,4.2
EV201281,FL007717,Delay,Medium,2025-05-28 18:53:00,6.8
EV201282,FL000476,Technical Defect,Low,2025-08-13 09:51:00,2.0
EV201283,FL004639,Cleaning Issue,High,2025-01-11 12:05:00,2.0
EV201284,FL004539,Technical Defect,Medium,2025-04-11 15:35:00,3.0
EV201285,FL006975,Cleaning Issue,Medium,2025-08-27 14:09:00,3.0
EV201286,FL002117,Baggage Issue,Critical,2025-10-09 05:30:00,3.8
EV201287,FL001476,Technical Defect,Medium,2025-01-02 12:52:00,0.9
EV201288,FL003636,Baggage Issue,High,2025-09-04 07:29:00,8.6
EV201289,FL002613,Cleaning Issue,Critical,2025-12-08 10:56:00,3.3
EV201290,FL007298,Fuel Issue,Medium,2025-06-30 20:23:00,5.3
EV201291,FL006268,Delay,Low,2025-07-06 14:37:00,6.9
EV201292,FL003227,Crew Issue,High,2025-10-17 09:16:00,1.1
EV201293,FL002947,Delay,Low,2025-11-16 13:16:00,8.0
EV201294,FL000107,Delay,Medium,2025-04-19 11:45:00,4.4
EV201295,FL000739,Technical Defect,Medium,2025-08-31 09:30:00,4.7
EV201296,FL004571,Gate Change,High,2025-09-22 07:28:00,2.9
EV201297,FL005398,Delay,Medium,2025-12-08 20:31:00,9.9
EV201298,FL006531,Fuel Issue,Low,2025-06-03 19:37:00,8.0
EV201299,FL000904,Delay,Medium,2025-07-17 13:00:00,1.7
EV201300,FL001317,Delay,Medium,2025-05-19 05:19:00,2.6
EV201301,FL004564,Technical Defect,Low,2025-04-30 10:53:00,4.0
EV201302,FL000725,Baggage Issue,Low,2025-05-03 08:21:00,2.9
EV201303,FL006873,Delay,Medium,2025-01-30 08:47:00,7.4
EV201304,FL003637,Fuel Issue,Medium,2025-09-28 12:56:00,8.0
EV201305,FL004795,Delay,Medium,2025-04-04 05:38:00,2.2
EV201306,FL006410,Gate Change,Medium,2025-08-01 17:10:00,1.8
EV201307,FL004112,Fuel Issue,Critical,2025-11-26 14:53:00,3.0
EV201308,FL000605,Crew Issue,Medium,2025-06-04 21:32:00,4.0
EV201309,FL001877,Baggage Issue,Low,2025-12-25 14:21:00,4.1
EV201310,FL002854,Delay,Medium,2025-01-23 15:50:00,1.3
EV201311,FL001339,Delay,Low,2025-01-14 20:31:00,0.9
EV201312,FL004236,Technical Defect,Low,2025-05-04 19:41:00,6.9
EV201313,FL000154,Cleaning Issue,Medium,2025-04-06 10:12:00,1.9
EV201314,FL001192,Delay,Medium,2025-10-08 12:00:00,2.7
EV201315,FL006578,Fuel Issue,High,2025-03-18 12:17:00,6.1
EV201316,FL001037,Crew Issue,Medium,2025-10-29 21:14:00,3.5
EV201317,FL000250,Cleaning Issue,Medium,2025-07-07 16:12:00,2.7
EV201318,FL003671,Delay,Low,2025-03-30 19:31:00,1.1
EV201319,FL007054,Delay,High,2025-06-17 05:30:00,1.9
EV201320,FL002003,Technical Defect,Low,2025-08-22 11:35:00,1.6
EV201321,FL003260,Technical Defect,Medium,2025-12-24 19:54:00,2.4
EV201322,FL006258,Fuel Issue,Medium,2025-01-24 17:37:00,1.4
EV201323,FL007477,Cleaning Issue,High,2025-05-10 11:07:00,0.9
EV201324,FL002457,Delay,Low,2025-06-15 07:17:00,2.9
EV201325,FL001283,Fuel Issue,Medium,2025-08-04 14:32:00,4.5
EV201326,FL002021,Fuel Issue,Medium,2025-11-17 10:01:00,0.5
EV201327,FL006654,Technical Defect,Low,2025-10-17 17:04:00,1.2
EV201328,FL002761,Technical Defect,Low,2025-07-05 17:30:00,5.0
EV201329,FL007110,Fuel Issue,Low,2025-01-06 16:52:00,3.8
EV201330,FL004057,Fuel Issue,Low,2025-04-01 19:10:00,4.1
EV201331,FL003433,Cleaning Issue,Low,2025-10-16 05:56:00,4.9
EV201332,FL005957,Gate Change,Low,2025-06-24 12:46:00,5.7
EV201333,FL008071,Technical Defect,Medium,2025-09-10 17:44:00,2.5
EV201334,FL006155,Fuel Issue,Low,2025-09-10 10:10:00,3.0
EV201335,FL001737,Delay,Low,2025-11-27 05:43:00,1.0
EV201336,FL002666,Fuel Issue,Medium,2025-04-13 15:23:00,2.8
EV201337,FL000917,Delay,Low,2025-12-18 18:15:00,4.7
EV201338,FL004851,Technical Defect,Low,2025-09-20 21:25:00,2.4
EV201339,FL007979,Baggage Issue,Medium,2025-07-26 17:59:00,2.4
EV201340,FL002586,Delay,Medium,2025-02-20 15:10:00,1.1
EV201341,FL002106,Technical Defect,Medium,2025-09-25 15:11:00,2.1
EV201342,FL007626,Delay,Low,2025-12-12 13:42:00,2.7
EV201343,FL000234,Delay,High,2025-12-26 16:15:00,5.4
EV201344,FL001737,Delay,High,2025-04-05 08:08:00,1.6
EV201345,FL003230,Delay,Low,2025-11-04 11:03:00,1.8
EV201346,FL007708,Crew Issue,Medium,2025-12-11 16:34:00,5.1
EV201347,FL008143,Technical Defect,Medium,2025-07-31 05:13:00,0.2
EV201348,FL007342,Delay,Low,2025-01-26 05:58:00,5.8
EV201349,FL006905,Delay,Low,2025-02-24 11:36:00,2.2
EV201350,FL000239,Crew Issue,Low,2025-09-11 11:20:00,2.0
EV201351,FL000792,Delay,Low,2025-05-16 11:30:00,5.7
EV201352,FL007338,Technical Defect,Low,2025-07-07 08:47:00,3.5
EV201353,FL002956,Baggage Issue,Low,2025-11-16 17:39:00,2.9
EV201354,FL001330,Cleaning Issue,Medium,2025-08-09 11:50:00,2.1
EV201355,FL004407,Delay,Medium,2025-01-31 08:11:00,1.3
EV201356,FL007561,Delay,Medium,2025-06-03 06:16:00,5.8
EV201357,FL006542,Delay,Medium,2025-11-19 07:10:00,4.0
EV201358,FL003437,Fuel Issue,Low,2025-10-30 20:21:00,0.9
EV201359,FL001580,Gate Change,Medium,2025-08-18 18:59:00,6.5
EV201360,FL006295,Crew Issue,Low,2025-06-23 16:51:00,0.4
EV201361,FL000747,Technical Defect,Low,2025-10-23 12:25:00,1.5
EV201362,FL000940,Technical Defect,High,2025-07-14 08:08:00,1.1
EV201363,FL006027,Cleaning Issue,Medium,2025-05-27 15:55:00,0.4
EV201364,FL001520,Delay,Medium,2025-02-27 12:00:00,2.9
EV201365,FL000176,Technical Defect,Low,2025-04-23 14:06:00,1.9
EV201366,FL008141,Cleaning Issue,High,2025-10-19 09:30:00,2.1
EV201367,FL004235,Delay,Low,2025-12-20 11:09:00,4.0
EV201368,FL006438,Delay,Medium,2025-08-06 17:42:00,0.9
EV201369,FL005802,Delay,Medium,2025-08-03 17:53:00,3.7
EV201370,FL006768,Fuel Issue,High,2025-08-28 16:25:00,10.8
EV201371,FL005479,Cleaning Issue,High,2025-09-07 20:30:00,1.7
EV201372,FL005834,Baggage Issue,Low,2025-08-11 17:13:00,12.1
EV201373,FL004190,Cleaning Issue,Low,2025-12-04 07:43:00,4.6
EV201374,FL001323,Delay,High,2025-11-16 17:58:00,5.1
EV201375,FL006418,Baggage Issue,Low,2025-06-22 20:06:00,2.9
EV201376,FL003975,Gate Change,High,2025-04-15 16:25:00,1.1
EV201377,FL004848,Delay,Medium,2025-01-31 06:10:00,2.4
EV201378,FL002495,Gate Change,Low,2025-08-05 15:11:00,4.5
EV201379,FL006764,Gate Change,Low,2025-04-03 15:47:00,1.3
EV201380,FL006204,Crew Issue,Critical,2025-03-15 05:51:00,3.4
EV201381,FL004771,Fuel Issue,Low,2025-08-15 09:52:00,6.1
EV201382,FL001493,Delay,Medium,2025-09-29 06:59:00,1.5
EV201383,FL003553,Delay,Medium,2025-10-05 08:59:00,6.8
EV201384,FL002121,Cleaning Issue,Medium,2025-05-20 08:39:00,1.4
EV201385,FL004910,Crew Issue,Low,2025-07-04 17:38:00,8.8
EV201386,FL000561,Technical Defect,Low,2025-06-17 09:33:00,4.6
EV201387,FL003492,Gate Change,Low,2025-08-22 20:36:00,3.2
EV201388,FL008054,Fuel Issue,High,2025-05-16 12:30:00,7.0
EV201389,FL001722,Delay,Medium,2025-09-05 07:39:00,5.2
EV201390,FL004056,Delay,Low,2025-03-18 19:04:00,4.0
EV201391,FL003873,Gate Change,Low,2025-01-15 19:59:00,1.5
EV201392,FL007119,Delay,Medium,2025-06-14 19:13:00,3.3
EV201393,FL007788,Cleaning Issue,Medium,2025-06-23 05:31:00,4.0
EV201394,FL006857,Delay,Low,2025-07-22 06:22:00,5.6
EV201395,FL004830,Crew Issue,Low,2025-11-16 15:41:00,2.1
EV201396,FL003451,Baggage Issue,Medium,2025-04-26 11:01:00,1.7
EV201397,FL005983,Delay,Critical,2025-01-22 19:13:00,1.9
EV201398,FL000418,Delay,Medium,2025-04-14 21:47:00,5.2
EV201399,FL005399,Delay,Low,2025-09-03 16:34:00,1.9
EV201400,FL002571,Gate Change,High,2025-12-18 14:08:00,5.2
EV201401,FL003790,Delay,Medium,2025-07-20 19:15:00,3.9
EV201402,FL005333,Cleaning Issue,Medium,2025-04-12 15:23:00,4.3
EV201403,FL003345,Crew Issue,Low,2025-09-19 21:00:00,9.3
EV201404,FL002432,Delay,High,2025-04-17 05:31:00,5.7
EV201405,FL001630,Delay,Low,2025-11-21 17:01:00,7.1
EV201406,FL003309,Delay,Medium,2025-02-22 16:06:00,1.9
EV201407,FL000128,Crew Issue,Medium,2025-11-20 19:16:00,1.0
EV201408,FL007075,Fuel Issue,Low,2025-08-05 18:41:00,1.3
EV201409,FL007091,Gate Change,Low,2025-10-27 19:28:00,1.0
EV201410,FL005579,Gate Change,High,2025-08-20 20:34:00,1.5
EV201411,FL002281,Technical Defect,Medium,2025-06-07 20:44:00,2.6
EV201412,FL006291,Crew Issue,Medium,2025-09-06 05:45:00,2.3
EV201413,FL004862,Fuel Issue,Low,2025-03-08 21:38:00,4.7
EV201414,FL002174,Delay,Low,2025-04-26 13:53:00,1.6
EV201415,FL003797,Cleaning Issue,Low,2025-09-19 20:01:00,2.1
EV201416,FL000658,Delay,Low,2025-01-09 18:26:00,4.4
EV201417,FL000897,Delay,Medium,2025-10-02 16:28:00,3.4
EV201418,FL003098,Fuel Issue,Low,2025-02-08 12:38:00,2.3
EV201419,FL000292,Gate Change,Medium,2025-02-24 14:44:00,8.3
EV201420,FL007143,Delay,Medium,2025-02-09 15:59:00,6.3
EV201421,FL007735,Delay,Medium,2025-09-27 13:22:00,11.1
EV201422,FL002702,Delay,Low,2025-01-06 12:43:00,9.6
EV201423,FL002973,Delay,Medium,2025-09-27 09:51:00,0.7
EV201424,FL006324,Cleaning Issue,Critical,2025-10-29 09:13:00,3.8
EV201425,FL002581,Baggage Issue,Medium,2025-07-17 18:44:00,2.7
EV201426,FL006455,Technical Defect,Medium,2025-02-09 18:19:00,5.0
EV201427,FL000698,Crew Issue,Low,2025-11-08 06:15:00,10.6
EV201428,FL004381,Delay,Medium,2025-03-26 07:45:00,5.0
EV201429,FL000024,Delay,Low,2025-11-25 18:00:00,3.1
EV201430,FL005967,Technical Defect,Low,2025-08-13 10:07:00,2.8
EV201431,FL005946,Technical Defect,Medium,2025-03-08 13:41:00,6.6
EV201432,FL003779,Delay,Low,2025-02-03 12:30:00,5.6
EV201433,FL007283,Baggage Issue,Medium,2025-03-07 14:48:00,2.6
EV201434,FL005460,Technical Defect,High,2025-07-29 05:40:00,0.8
EV201435,FL002092,Delay,Medium,2025-02-04 17:14:00,3.5
EV201436,FL004851,Gate Change,Low,2025-06-14 21:14:00,1.9
EV201437,FL003674,Crew Issue,Low,2025-12-01 20:37:00,1.6
EV201438,FL005740,Cleaning Issue,Medium,2025-12-24 19:22:00,0.5
EV201439,FL005099,Fuel Issue,Medium,2025-03-03 05:36:00,8.8
EV201440,FL006400,Delay,Medium,2025-08-16 16:44:00,11.6
EV201441,FL001372,Delay,High,2025-07-14 19:00:00,2.4
EV201442,FL000183,Gate Change,High,2025-06-22 19:16:00,2.8
EV201443,FL003042,Technical Defect,Medium,2025-02-04 14:28:00,3.6
EV201444,FL000596,Fuel Issue,Low,2025-05-20 21:38:00,2.3
EV201445,FL004021,Crew Issue,Low,2025-08-04 16:44:00,4.1
EV201446,FL002945,Gate Change,Low,2025-08-27 20:32:00,4.4
EV201447,FL005295,Cleaning Issue,Medium,2025-06-04 13:38:00,8.4
EV201448,FL005560,Technical Defect,High,2025-12-02 21:35:00,1.1
EV201449,FL008066,Baggage Issue,Medium,2025-03-28 16:04:00,4.0
EV201450,FL000094,Baggage Issue,High,2025-07-17 08:02:00,2.5
EV201451,FL004082,Technical Defect,Low,2025-09-05 11:41:00,2.3
EV201452,FL006559,Delay,Medium,2025-03-19 06:54:00,0.3
EV201453,FL002113,Delay,Low,2025-06-21 07:22:00,1.6
EV201454,FL007092,Delay,Medium,2025-02-09 14:50:00,4.6
EV201455,FL005367,Technical Defect,Low,2025-06-27 10:05:00,1.7
EV201456,FL004059,Baggage Issue,Medium,2025-08-26 16:23:00,3.5
EV201457,FL000943,Delay,High,2025-12-19 05:16:00,2.7
EV201458,FL004673,Fuel Issue,Low,2025-01-11 19:29:00,3.4
EV201459,FL000047,Gate Change,High,2025-04-26 16:07:00,1.6
EV201460,FL002563,Technical Defect,Low,2025-04-23 20:51:00,2.5
EV201461,FL003090,Delay,Medium,2025-12-29 08:23:00,3.8
EV201462,FL000700,Delay,Medium,2025-11-12 19:40:00,2.1
EV201463,FL000572,Gate Change,Low,2025-11-02 07:19:00,4.4
EV201464,FL007302,Technical Defect,Medium,2025-11-09 13:54:00,1.9
EV201465,FL003921,Cleaning Issue,Low,2025-03-01 10:49:00,5.4
EV201466,FL000758,Crew Issue,Medium,2025-03-16 10:02:00,0.7
EV201467,FL002685,Delay,Low,2025-05-09 18:28:00,2.9
EV201468,FL004889,Gate Change,Low,2025-09-03 14:24:00,4.4
EV201469,FL007346,Fuel Issue,Low,2025-04-26 21:59:00,3.0
EV201470,FL003664,Cleaning Issue,Medium,2025-10-22 15:05:00,5.4
EV201471,FL001465,Cleaning Issue,Low,2025-09-23 19:14:00,2.3
EV201472,FL003964,Crew Issue,Low,2025-09-15 15:38:00,2.4
EV201473,FL005699,Delay,Low,2025-04-09 13:37:00,0.5
EV201474,FL001056,Baggage Issue,Low,2025-07-10 20:42:00,5.3
EV201475,FL005188,Baggage Issue,Low,2025-04-13 09:34:00,6.1
EV201476,FL002831,Fuel Issue,Medium,2025-08-12 13:05:00,5.7
EV201477,FL008175,Fuel Issue,Medium,2025-09-26 18:18:00,2.0
EV201478,FL003600,Gate Change,Low,2025-06-13 13:39:00,0.7
EV201479,FL004674,Delay,Low,2025-10-10 08:45:00,9.2
EV201480,FL005806,Gate Change,High,2025-04-17 05:14:00,2.7
EV201481,FL006631,Cleaning Issue,High,2025-09-25 09:38:00,0.8
EV201482,FL000454,Gate Change,Critical,2025-03-19 07:09:00,7.4
EV201483,FL002886,Delay,Medium,2025-06-30 19:50:00,0.4
EV201484,FL000094,Technical Defect,Low,2025-11-14 07:36:00,8.7
EV201485,FL000594,Crew Issue,Low,2025-09-28 12:31:00,0.7
EV201486,FL003914,Cleaning Issue,Low,2025-06-25 19:29:00,2.7
EV201487,FL003323,Technical Defect,Low,2025-08-04 09:28:00,2.7
EV201488,FL005931,Crew Issue,Low,2025-08-22 10:05:00,3.6
EV201489,FL005525,Delay,Low,2025-11-09 13:54:00,4.4
EV201490,FL007582,Technical Defect,Low,2025-04-22 13:50:00,1.9
EV201491,FL002090,Delay,High,2025-09-15 11:17:00,2.4
EV201492,FL004500,Baggage Issue,Low,2025-12-08 20:31:00,1.8
EV201493,FL001140,Cleaning Issue,Low,2025-08-11 21:24:00,6.5
EV201494,FL003498,Crew Issue,Low,2025-09-18 06:21:00,4.0
EV201495,FL000862,Gate Change,Medium,2025-08-14 09:27:00,6.3
EV201496,FL007515,Gate Change,Low,2025-12-06 07:27:00,2.2
EV201497,FL004345,Fuel Issue,Medium,2025-04-18 13:20:00,2.2
EV201498,FL000597,Cleaning Issue,Medium,2025-12-09 18:39:00,0.9
EV201499,FL002752,Crew Issue,High,2025-08-04 16:44:00,5.2
EV201500,FL006329,Baggage Issue,Low,2025-08-11 21:49:00,3.2
EV201501,FL006275,Crew Issue,Low,2025-12-22 18:13:00,2.8
EV201502,FL006136,Technical Defect,Medium,2025-01-23 11:37:00,1.9
EV201503,FL005248,Technical Defect,Medium,2025-12-11 12:38:00,2.3
EV201504,FL008088,Cleaning Issue,Medium,2025-12-10 17:04:00,4.1
EV201505,FL007703,Gate Change,Medium,2025-02-14 16:09:00,5.0
EV201506,FL003298,Gate Change,High,2025-08-20 06:22:00,1.6
EV201507,FL008052,Delay,Low,2025-05-24 13:51:00,4.8
EV201508,FL005626,Technical Defect,High,2025-03-24 09:32:00,2.9
EV201509,FL000005,Technical Defect,Low,2025-03-26 10:09:00,3.8
EV201510,FL006126,Delay,Low,2025-01-01 09:41:00,2.5
EV201511,FL001932,Cleaning Issue,Low,2025-10-08 16:46:00,2.2
EV201512,FL007061,Cleaning Issue,Medium,2025-04-13 12:51:00,2.5
EV201513,FL001986,Cleaning Issue,Medium,2025-07-23 13:22:00,0.9
EV201514,FL003943,Technical Defect,Low,2025-06-01 13:11:00,2.1
EV201515,FL007222,Baggage Issue,High,2025-11-19 17:45:00,0.5
EV201516,FL006446,Delay,Critical,2025-02-22 16:21:00,5.1
EV201517,FL001090,Technical Defect,Medium,2025-02-17 17:22:00,0.8
EV201518,FL008015,Delay,Low,2025-09-22 16:35:00,4.3
EV201519,FL003430,Gate Change,Medium,2025-08-14 06:31:00,1.2
EV201520,FL004358,Delay,Medium,2025-07-27 12:17:00,7.2
EV201521,FL000438,Delay,Low,2025-06-26 09:44:00,0.4
EV201522,FL000234,Technical Defect,Low,2025-07-14 17:12:00,2.6
EV201523,FL003928,Delay,Medium,2025-08-02 05:23:00,7.4
EV201524,FL002927,Fuel Issue,High,2025-12-07 19:40:00,4.4
EV201525,FL000316,Delay,Low,2025-10-25 10:35:00,2.1
EV201526,FL000719,Baggage Issue,Low,2025-11-28 06:47:00,10.3
EV201527,FL005952,Delay,High,2025-11-04 12:46:00,2.5
EV201528,FL004832,Technical Defect,Medium,2025-03-25 11:40:00,2.5
EV201529,FL004256,Delay,Medium,2025-01-01 10:00:00,5.8
EV201530,FL004663,Cleaning Issue,Low,2025-07-19 07:38:00,2.4
EV201531,FL008198,Fuel Issue,Critical,2025-11-08 12:46:00,2.4
EV201532,FL003794,Fuel Issue,Medium,2025-06-02 21:03:00,1.8
EV201533,FL008102,Delay,Low,2025-12-24 16:01:00,4.1
EV201534,FL002460,Gate Change,Low,2025-04-05 16:19:00,4.7
EV201535,FL006445,Fuel Issue,Medium,2025-10-06 12:48:00,1.7
EV201536,FL005166,Technical Defect,Low,2025-02-12 14:38:00,6.7
EV201537,FL002405,Delay,Low,2025-03-15 08:39:00,1.8
EV201538,FL000963,Technical Defect,Medium,2025-11-27 20:57:00,1.4
EV201539,FL000923,Fuel Issue,High,2025-04-20 05:45:00,1.1
EV201540,FL005378,Delay,Medium,2025-12-11 10:53:00,6.1
EV201541,FL001287,Delay,Low,2025-02-07 10:23:00,1.2
EV201542,FL005100,Gate Change,Low,2025-11-24 17:08:00,9.2
EV201543,FL005668,Delay,Medium,2025-12-27 16:23:00,1.0
EV201544,FL006066,Technical Defect,Low,2025-12-28 05:04:00,2.6
EV201545,FL001104,Technical Defect,Medium,2025-06-01 18:48:00,1.2
EV201546,FL001010,Baggage Issue,High,2025-06-15 12:39:00,1.9
EV201547,FL002331,Delay,Low,2025-11-25 21:53:00,2.8
EV201548,FL004000,Baggage Issue,Medium,2025-02-22 11:05:00,9.0
EV201549,FL000760,Technical Defect,Low,2025-10-08 21:43:00,5.2
EV201550,FL004031,Technical Defect,Low,2025-02-04 07:28:00,0.3
EV201551,FL000424,Baggage Issue,Medium,2025-05-10 17:33:00,2.7
EV201552,FL001152,Baggage Issue,Medium,2025-10-13 12:40:00,2.8
EV201553,FL003197,Baggage Issue,Low,2025-04-07 19:24:00,2.0
EV201554,FL004712,Delay,Medium,2025-02-02 19:46:00,3.5
EV201555,FL003409,Fuel Issue,Medium,2025-06-16 21:55:00,11.9
EV201556,FL005812,Gate Change,Low,2025-08-26 15:32:00,1.8
EV201557,FL001578,Technical Defect,High,2025-05-03 09:28:00,4.4
EV201558,FL000789,Technical Defect,Medium,2025-08-28 20:52:00,0.8
EV201559,FL007559,Delay,Critical,2025-07-22 14:56:00,0.4
EV201560,FL003581,Crew Issue,Medium,2025-09-10 07:56:00,2.6
EV201561,FL004992,Delay,Medium,2025-01-11 11:40:00,5.0
EV201562,FL005897,Gate Change,Low,2025-03-11 17:30:00,2.5
EV201563,FL002399,Cleaning Issue,Medium,2025-08-15 12:03:00,4.8
EV201564,FL000533,Gate Change,Low,2025-05-28 18:42:00,4.8
EV201565,FL006857,Delay,Medium,2025-11-20 09:02:00,16.4
EV201566,FL005615,Cleaning Issue,Medium,2025-04-11 06:44:00,4.0
EV201567,FL004542,Gate Change,Medium,2025-03-25 07:09:00,2.7
EV201568,FL007120,Delay,Low,2025-01-12 08:39:00,4.2
EV201569,FL003658,Technical Defect,Low,2025-05-06 10:14:00,1.6
EV201570,FL000403,Technical Defect,Low,2025-01-25 15:07:00,4.7
EV201571,FL006173,Technical Defect,Medium,2025-11-28 13:03:00,4.3
EV201572,FL006605,Technical Defect,Low,2025-07-02 09:03:00,7.7
EV201573,FL003015,Fuel Issue,Low,2025-09-11 09:12:00,1.3
EV201574,FL001635,Delay,Low,2025-08-09 10:47:00,3.3
EV201575,FL006596,Baggage Issue,High,2025-01-05 07:01:00,9.2
EV201576,FL000463,Baggage Issue,Low,2025-07-29 05:32:00,1.8
EV201577,FL000036,Cleaning Issue,High,2025-05-30 16:19:00,0.2
EV201578,FL006853,Delay,Low,2025-10-23 20:53:00,3.1
EV201579,FL002022,Delay,Medium,2025-02-15 07:42:00,2.9
EV201580,FL006469,Cleaning Issue,Medium,2025-06-09 17:50:00,2.8
EV201581,FL004357,Cleaning Issue,Low,2025-03-29 20:49:00,3.6
EV201582,FL007656,Crew Issue,Low,2025-05-12 20:45:00,5.0
EV201583,FL006870,Technical Defect,High,2025-10-07 13:28:00,17.9
EV201584,FL003968,Cleaning Issue,High,2025-02-05 12:26:00,1.8
EV201585,FL006110,Gate Change,Medium,2025-02-02 20:08:00,1.6
EV201586,FL001339,Delay,Low,2025-10-13 15:12:00,4.9
EV201587,FL007673,Fuel Issue,Low,2025-05-02 19:19:00,1.4
EV201588,FL007534,Technical Defect,Low,2025-01-19 12:37:00,2.1
EV201589,FL002142,Delay,High,2025-02-28 13:40:00,2.3
EV201590,FL004285,Crew Issue,High,2025-02-03 15:23:00,7.3
EV201591,FL007578,Crew Issue,Medium,2025-10-07 19:34:00,8.0
EV201592,FL002685,Fuel Issue,Medium,2025-10-16 08:09:00,0.4
EV201593,FL000943,Delay,High,2025-05-22 16:36:00,0.5
EV201594,FL008055,Delay,Low,2025-07-06 18:25:00,3.0
EV201595,FL001635,Crew Issue,Low,2025-06-25 19:43:00,6.2
EV201596,FL001295,Crew Issue,Low,2025-05-29 10:43:00,3.1
EV201597,FL003836,Fuel Issue,High,2025-02-20 18:46:00,7.9
EV201598,FL003797,Gate Change,Medium,2025-02-18 10:23:00,1.6
EV201599,FL001732,Delay,Low,2025-11-26 10:58:00,2.3
EV201600,FL007245,Technical Defect,Critical,2025-03-27 11:26:00,3.5
EV201601,FL000260,Delay,High,2025-11-13 10:36:00,2.1
EV201602,FL007566,Baggage Issue,Medium,2025-10-03 11:35:00,9.1
EV201603,FL005253,Technical Defect,High,2025-10-15 07:10:00,2.1
EV201604,FL002160,Gate Change,Low,2025-03-26 13:25:00,3.8
EV201605,FL003349,Baggage Issue,Medium,2025-10-30 20:21:00,1.9
EV201606,FL000664,Delay,Medium,2025-07-14 19:58:00,2.0
EV201607,FL007580,Fuel Issue,Medium,2025-12-30 07:08:00,1.2
EV201608,FL005793,Delay,Low,2025-12-07 12:53:00,5.7
EV201609,FL008081,Delay,Low,2025-07-16 15:41:00,4.8
EV201610,FL000358,Delay,Medium,2025-07-09 08:40:00,5.2
EV201611,FL007603,Technical Defect,Low,2025-11-13 07:21:00,2.0
EV201612,FL006844,Cleaning Issue,Low,2025-07-24 19:19:00,2.4
EV201613,FL004241,Fuel Issue,High,2025-11-16 17:41:00,4.5
EV201614,FL005072,Technical Defect,High,2025-11-06 08:00:00,1.2
EV201615,FL002531,Technical Defect,Low,2025-06-24 17:47:00,2.6
EV201616,FL004181,Delay,Low,2025-12-26 10:52:00,4.5
EV201617,FL007846,Technical Defect,Low,2025-03-08 21:51:00,1.6
EV201618,FL006683,Delay,Medium,2025-06-01 13:11:00,10.4
EV201619,FL003068,Delay,Medium,2025-07-26 06:50:00,4.1
EV201620,FL004520,Fuel Issue,Medium,2025-10-30 12:03:00,2.8
EV201621,FL003113,Crew Issue,High,2025-10-13 15:12:00,2.2
EV201622,FL002859,Cleaning Issue,Low,2025-02-02 17:40:00,4.7
EV201623,FL005217,Technical Defect,High,2025-09-02 11:07:00,1.8
EV201624,FL003432,Technical Defect,Medium,2025-03-26 14:36:00,4.8
EV201625,FL005209,Gate Change,Medium,2025-09-18 17:14:00,1.1
EV201626,FL007973,Fuel Issue,Medium,2025-11-02 07:27:00,2.8
EV201627,FL000860,Delay,Critical,2025-03-12 12:16:00,5.5
EV201628,FL003317,Delay,Low,2025-05-09 15:36:00,1.6
EV201629,FL001574,Baggage Issue,Medium,2025-02-09 14:50:00,1.6
EV201630,FL000546,Technical Defect,Low,2025-02-20 15:10:00,3.0
EV201631,FL000001,Gate Change,Low,2025-04-24 06:19:00,3.3
EV201632,FL003062,Fuel Issue,High,2025-03-10 11:04:00,6.2
EV201633,FL000813,Cleaning Issue,Medium,2025-07-17 15:07:00,4.7
EV201634,FL005912,Technical Defect,Low,2025-03-27 06:44:00,2.5
EV201635,FL002816,Baggage Issue,High,2025-03-22 19:30:00,2.6
EV201636,FL001798,Technical Defect,Low,2025-12-11 16:54:00,5.0
EV201637,FL007793,Gate Change,Medium,2025-03-13 10:14:00,1.0
EV201638,FL005147,Crew Issue,Medium,2025-08-31 15:12:00,1.4
EV201639,FL006566,Delay,High,2025-12-26 10:52:00,2.0
EV201640,FL006321,Delay,Medium,2025-12-07 05:38:00,0.7
EV201641,FL001872,Baggage Issue,Low,2025-10-03 17:10:00,5.9
EV201642,FL005160,Delay,Low,2025-11-13 05:31:00,0.9
EV201643,FL000955,Delay,Medium,2025-05-12 11:48:00,12.4
EV201644,FL004371,Delay,Low,2025-12-04 21:40:00,4.4
EV201645,FL008204,Cleaning Issue,Medium,2025-02-15 08:28:00,2.0
EV201646,FL001730,Fuel Issue,Low,2025-05-24 05:43:00,2.5
EV201647,FL005916,Crew Issue,Medium,2025-02-25 08:00:00,8.4
EV201648,FL000433,Gate Change,Medium,2025-08-11 20:05:00,2.2
EV201649,FL004299,Delay,Medium,2025-05-25 08:58:00,1.9
EV201650,FL001034,Cleaning Issue,Medium,2025-10-24 08:16:00,2.4
EV201651,FL008037,Delay,Medium,2025-03-20 10:00:00,2.3
EV201652,FL003665,Baggage Issue,Medium,2025-04-11 18:09:00,3.1
EV201653,FL007838,Gate Change,Low,2025-01-09 17:57:00,2.3
EV201654,FL007413,Delay,High,2025-03-18 06:04:00,7.4
EV201655,FL000952,Technical Defect,Low,2025-10-22 08:05:00,2.8
EV201656,FL004155,Gate Change,Low,2025-03-29 20:48:00,1.4
EV201657,FL005225,Baggage Issue,Low,2025-04-07 20:18:00,0.8
EV201658,FL003536,Crew Issue,Medium,2025-02-13 13:08:00,1.0
EV201659,FL005668,Delay,Low,2025-11-10 16:37:00,5.1
EV201660,FL003662,Fuel Issue,Low,2025-06-22 05:06:00,4.3
EV201661,FL007094,Baggage Issue,Medium,2025-12-09 19:57:00,3.6
EV201662,FL005176,Crew Issue,High,2025-03-05 18:08:00,5.1
EV201663,FL004096,Technical Defect,Low,2025-06-25 21:11:00,5.1
EV201664,FL007028,Baggage Issue,Low,2025-09-12 09:29:00,4.4
EV201665,FL005585,Gate Change,Low,2025-04-04 19:08:00,0.7
EV201666,FL002223,Delay,Medium,2025-10-02 20:09:00,0.6
EV201667,FL002913,Delay,Low,2025-08-22 20:36:00,2.7
EV201668,FL000763,Gate Change,Medium,2025-10-09 20:13:00,6.5
EV201669,FL003296,Crew Issue,Medium,2025-12-12 19:39:00,2.6
EV201670,FL004653,Technical Defect,Low,2025-10-18 07:18:00,2.8
EV201671,FL004627,Fuel Issue,Low,2025-10-02 14:03:00,4.7
EV201672,FL006505,Fuel Issue,Low,2025-06-22 06:53:00,0.2
EV201673,FL001759,Crew Issue,Medium,2025-02-26 05:37:00,2.8
EV201674,FL003251,Delay,Medium,2025-04-04 09:49:00,2.5
EV201675,FL006508,Technical Defect,Medium,2025-10-27 15:14:00,3.0
EV201676,FL006000,Cleaning Issue,Low,2025-02-10 12:48:00,9.3
EV201677,FL004087,Delay,Low,2025-07-24 18:20:00,2.2
EV201678,FL006481,Delay,Medium,2025-10-14 16:43:00,4.8
EV201679,FL006993,Technical Defect,Medium,2025-06-16 07:33:00,2.3
EV201680,FL003507,Delay,Medium,2025-08-08 17:30:00,1.5
EV201681,FL006464,Crew Issue,Medium,2025-03-09 07:28:00,2.5
EV201682,FL001844,Cleaning Issue,Low,2025-10-26 13:02:00,6.9
EV201683,FL004618,Technical Defect,Medium,2025-07-16 09:42:00,5.8
EV201684,FL002047,Crew Issue,Low,2025-04-04 13:39:00,2.2
EV201685,FL005649,Baggage Issue,Low,2025-09-26 19:22:00,1.0
EV201686,FL003009,Baggage Issue,Medium,2025-10-25 20:27:00,5.5
EV201687,FL006967,Delay,Medium,2025-05-18 09:41:00,5.3
EV201688,FL007500,Crew Issue,Medium,2025-09-18 06:21:00,2.8
EV201689,FL002783,Crew Issue,Medium,2025-12-13 20:23:00,1.0
EV201690,FL000283,Delay,Medium,2025-10-19 07:11:00,5.8
EV201691,FL005988,Cleaning Issue,Medium,2025-03-05 07:24:00,3.3
EV201692,FL007508,Technical Defect,Medium,2025-05-15 05:05:00,3.2
EV201693,FL007589,Crew Issue,Low,2025-01-08 12:26:00,8.5
EV201694,FL001906,Baggage Issue,Medium,2025-10-27 17:27:00,3.3
EV201695,FL000257,Crew Issue,Low,2025-07-04 06:29:00,5.5
EV201696,FL000629,Delay,Medium,2025-03-08 07:25:00,7.4
EV201697,FL004102,Baggage Issue,Low,2025-03-05 14:21:00,2.0
EV201698,FL002229,Delay,Medium,2025-01-06 16:52:00,1.3
EV201699,FL001190,Technical Defect,Medium,2025-08-22 13:26:00,3.8
EV201700,FL001638,Delay,Medium,2025-04-25 14:08:00,11.2
EV201701,FL003167,Gate Change,Low,2025-06-08 18:16:00,2.9
EV201702,FL000442,Crew Issue,Medium,2025-03-27 21:08:00,1.4
EV201703,FL006808,Delay,High,2025-05-30 07:49:00,1.6
EV201704,FL007848,Delay,Low,2025-05-26 05:34:00,2.3
EV201705,FL001635,Cleaning Issue,Low,2025-06-15 21:22:00,2.9
EV201706,FL004729,Delay,Medium,2025-05-25 12:44:00,4.7
EV201707,FL000296,Delay,Medium,2025-02-15 21:40:00,4.2
EV201708,FL000699,Fuel Issue,Low,2025-11-09 14:27:00,7.8
EV201709,FL002338,Technical Defect,Low,2025-04-12 21:15:00,3.1
EV201710,FL006958,Delay,Medium,2025-01-01 07:01:00,4.5
EV201711,FL006403,Delay,Low,2025-06-13 15:40:00,8.3
EV201712,FL005840,Crew Issue,Low,2025-04-23 11:59:00,3.5
EV201713,FL000884,Crew Issue,Low,2025-10-06 16:54:00,0.3
EV201714,FL001780,Delay,Critical,2025-05-12 19:12:00,2.7
EV201715,FL004816,Gate Change,Critical,2025-11-19 16:09:00,3.0
EV201716,FL003033,Delay,Medium,2025-04-20 13:13:00,1.4
EV201717,FL006100,Delay,Medium,2025-04-11 21:38:00,0.8
EV201718,FL004540,Crew Issue,Critical,2025-02-03 17:49:00,0.9
EV201719,FL004686,Cleaning Issue,Medium,2025-02-28 11:41:00,8.5
EV201720,FL004730,Crew Issue,Low,2025-04-23 11:00:00,4.9
EV201721,FL007679,Crew Issue,Low,2025-05-14 18:14:00,0.8
EV201722,FL004565,Baggage Issue,Medium,2025-04-07 12:14:00,2.2
EV201723,FL006221,Delay,High,2025-05-15 09:32:00,0.2
EV201724,FL003986,Gate Change,Low,2025-01-24 11:36:00,2.5
EV201725,FL000724,Baggage Issue,Low,2025-06-15 05:20:00,0.7
EV201726,FL004450,Crew Issue,Medium,2025-02-01 06:56:00,7.0
EV201727,FL007029,Baggage Issue,Low,2025-08-11 12:25:00,9.0
EV201728,FL006244,Delay,Low,2025-03-29 11:54:00,9.3
EV201729,FL004501,Gate Change,Medium,2025-06-04 05:20:00,1.2
EV201730,FL007855,Crew Issue,Medium,2025-06-26 15:29:00,0.8
EV201731,FL007949,Technical Defect,Medium,2025-04-05 10:05:00,2.4
EV201732,FL007742,Technical Defect,Low,2025-03-03 14:49:00,2.3
EV201733,FL008093,Delay,Low,2025-01-31 10:36:00,0.3
EV201734,FL002732,Gate Change,Medium,2025-12-05 07:53:00,1.6
EV201735,FL001346,Baggage Issue,Medium,2025-10-20 14:16:00,2.6
EV201736,FL003634,Technical Defect,High,2025-01-15 06:09:00,0.7
EV201737,FL002041,Crew Issue,Medium,2025-09-26 09:51:00,1.2
EV201738,FL001316,Cleaning Issue,Medium,2025-06-11 06:02:00,3.6
EV201739,FL005368,Delay,Low,2025-11-08 10:31:00,3.5
EV201740,FL000906,Baggage Issue,Low,2025-05-19 05:19:00,6.1
EV201741,FL000458,Delay,Medium,2025-03-12 21:30:00,0.3
EV201742,FL001515,Delay,Low,2025-10-05 14:08:00,3.1
EV201743,FL003294,Gate Change,Low,2025-11-06 08:33:00,4.7
EV201744,FL005419,Technical Defect,Low,2025-01-10 05:44:00,8.7
EV201745,FL008119,Gate Change,Medium,2025-11-25 17:26:00,2.1
EV201746,FL005133,Baggage Issue,Low,2025-05-13 06:01:00,2.6
EV201747,FL004320,Technical Defect,Low,2025-11-04 07:25:00,2.1
EV201748,FL002426,Delay,Medium,2025-08-08 10:26:00,2.9
EV201749,FL002722,Cleaning Issue,Medium,2025-01-14 18:31:00,6.4
EV201750,FL005080,Cleaning Issue,Low,2025-12-12 12:58:00,5.7
EV201751,FL001526,Delay,Medium,2025-05-07 20:55:00,1.4
EV201752,FL000644,Fuel Issue,Medium,2025-02-19 18:21:00,2.7
EV201753,FL006162,Cleaning Issue,Low,2025-12-19 05:16:00,2.0
EV201754,FL008076,Delay,Medium,2025-05-08 05:23:00,2.0
EV201755,FL007642,Technical Defect,Low,2025-07-16 14:57:00,4.4
EV201756,FL005529,Delay,Medium,2025-06-29 08:23:00,2.1
EV201757,FL007594,Technical Defect,Low,2025-10-08 07:10:00,4.5
EV201758,FL006223,Delay,Low,2025-04-20 08:02:00,2.2
EV201759,FL000535,Delay,Medium,2025-04-24 05:18:00,1.8
EV201760,FL003204,Gate Change,Medium,2025-12-09 19:37:00,2.6
EV201761,FL000623,Delay,Low,2025-06-13 12:03:00,12.5
EV201762,FL002135,Technical Defect,Critical,2025-03-05 21:43:00,1.3
EV201763,FL008137,Fuel Issue,Low,2025-05-20 09:58:00,1.6
EV201764,FL006782,Baggage Issue,Medium,2025-05-29 13:11:00,0.5
EV201765,FL007831,Crew Issue,Low,2025-10-18 11:31:00,1.7
EV201766,FL003951,Delay,Low,2025-02-14 07:10:00,0.4
EV201767,FL001803,Gate Change,High,2025-02-25 16:14:00,0.4
EV201768,FL003113,Delay,Low,2025-08-06 07:21:00,3.8
EV201769,FL001624,Technical Defect,Medium,2025-06-17 12:30:00,5.0
EV201770,FL007931,Gate Change,High,2025-01-21 08:20:00,9.9
EV201771,FL004843,Technical Defect,Low,2025-11-19 17:45:00,1.3
EV201772,FL000400,Gate Change,Medium,2025-01-04 16:03:00,1.2
EV201773,FL002606,Gate Change,Low,2025-11-11 09:01:00,6.6
EV201774,FL004091,Delay,High,2025-08-15 18:19:00,3.1
EV201775,FL005900,Delay,Low,2025-10-24 12:06:00,1.3
EV201776,FL007365,Delay,High,2025-11-15 12:25:00,5.1
EV201777,FL001690,Fuel Issue,Low,2025-02-09 16:32:00,2.8
EV201778,FL005796,Cleaning Issue,Low,2025-08-07 06:18:00,2.8
EV201779,FL006623,Delay,Medium,2025-07-31 18:28:00,8.2
EV201780,FL006414,Technical Defect,Low,2025-06-06 15:13:00,4.0
EV201781,FL002320,Delay,Low,2025-04-29 15:09:00,4.1
EV201782,FL002784,Gate Change,Medium,2025-08-21 05:38:00,5.0
EV201783,FL001144,Delay,Low,2025-12-20 06:24:00,2.7
EV201784,FL004778,Cleaning Issue,Medium,2025-12-27 15:49:00,5.0
EV201785,FL002811,Delay,Medium,2025-07-30 17:51:00,8.4
EV201786,FL003396,Technical Defect,High,2025-06-24 19:32:00,2.8
EV201787,FL000163,Delay,Low,2025-11-24 13:48:00,3.7
EV201788,FL007758,Technical Defect,Medium,2025-03-07 15:24:00,1.4
EV201789,FL005298,Delay,Medium,2025-03-09 05:33:00,1.6
EV201790,FL001957,Delay,Medium,2025-04-03 08:04:00,2.4
EV201791,FL000557,Cleaning Issue,Low,2025-10-29 10:51:00,2.6
EV201792,FL003205,Gate Change,Low,2025-03-18 21:34:00,0.6
EV201793,FL001213,Baggage Issue,Low,2025-06-01 17:41:00,8.8
EV201794,FL001548,Technical Defect,Low,2025-03-02 14:51:00,5.2
EV201795,FL006518,Delay,Medium,2025-06-26 18:47:00,3.5
EV201796,FL000436,Cleaning Issue,Medium,2025-06-06 11:38:00,1.3
EV201797,FL004153,Delay,Low,2025-10-27 19:28:00,3.7
EV201798,FL006347,Crew Issue,High,2025-01-27 07:24:00,2.2
EV201799,FL004871,Cleaning Issue,Medium,2025-03-16 10:02:00,4.4
EV201800,FL001083,Gate Change,Critical,2025-09-25 15:26:00,1.0
EV201801,FL002311,Technical Defect,Low,2025-03-02 13:39:00,6.9
EV201802,FL001417,Delay,Medium,2025-05-25 21:01:00,2.5
EV201803,FL007987,Delay,Low,2025-01-19 18:54:00,6.6
EV201804,FL005568,Delay,High,2025-08-16 16:35:00,13.6
EV201805,FL008108,Baggage Issue,Low,2025-07-16 21:29:00,1.3
EV201806,FL001119,Cleaning Issue,Low,2025-07-09 21:08:00,2.5
EV201807,FL003004,Crew Issue,Medium,2025-09-11 16:35:00,1.0
EV201808,FL002909,Delay,Low,2025-04-30 18:59:00,1.6
EV201809,FL006472,Delay,High,2025-12-05 20:46:00,3.3
EV201810,FL000597,Delay,Low,2025-12-15 10:11:00,0.8
EV201811,FL006590,Fuel Issue,Low,2025-10-07 05:21:00,8.0
EV201812,FL003844,Delay,Low,2025-11-26 19:47:00,2.0
EV201813,FL007506,Gate Change,Low,2025-08-13 18:35:00,4.3
EV201814,FL002708,Cleaning Issue,High,2025-12-02 12:07:00,8.4
EV201815,FL007078,Cleaning Issue,High,2025-07-04 14:30:00,0.9
EV201816,FL007348,Delay,High,2025-10-16 14:06:00,4.6
EV201817,FL003610,Cleaning Issue,High,2025-06-16 07:09:00,5.4
EV201818,FL007376,Delay,Low,2025-09-24 09:38:00,0.9
EV201819,FL002966,Fuel Issue,Medium,2025-06-09 19:59:00,1.1
EV201820,FL005428,Delay,Low,2025-05-04 19:41:00,3.4
EV201821,FL007681,Delay,Medium,2025-10-21 16:19:00,7.9
EV201822,FL001458,Crew Issue,High,2025-02-24 17:34:00,5.9
EV201823,FL003352,Technical Defect,Low,2025-05-10 15:28:00,1.5
EV201824,FL000438,Cleaning Issue,Medium,2025-12-06 07:27:00,5.2
EV201825,FL004273,Technical Defect,Medium,2025-04-26 21:59:00,8.2
EV201826,FL002264,Technical Defect,High,2025-07-24 15:43:00,1.7
EV201827,FL000790,Gate Change,High,2025-11-22 17:42:00,1.9
EV201828,FL007425,Crew Issue,High,2025-11-30 20:56:00,0.7
EV201829,FL002416,Delay,Medium,2025-11-14 11:03:00,1.3
EV201830,FL005999,Baggage Issue,High,2025-03-15 15:35:00,3.2
EV201831,FL001339,Delay,Critical,2025-09-26 05:16:00,1.7
EV201832,FL002186,Delay,Low,2025-10-05 15:14:00,0.6
EV201833,FL000677,Delay,High,2025-08-27 19:38:00,1.7
EV201834,FL005817,Delay,Medium,2025-10-19 11:38:00,11.3
EV201835,FL003046,Delay,Low,2025-05-13 14:19:00,8.1
EV201836,FL007404,Baggage Issue,Medium,2025-10-08 10:41:00,4.0
EV201837,FL004234,Technical Defect,Medium,2025-10-06 12:48:00,3.8
EV201838,FL001565,Delay,Medium,2025-11-05 17:28:00,7.7
EV201839,FL006402,Technical Defect,Low,2025-10-13 17:49:00,4.1
EV201840,FL007125,Fuel Issue,Medium,2025-07-29 14:09:00,3.2
EV201841,FL004992,Fuel Issue,Medium,2025-07-03 13:32:00,4.7
EV201842,FL005708,Gate Change,Low,2025-08-03 16:58:00,1.5
EV201843,FL006773,Gate Change,Medium,2025-05-22 14:03:00,3.3
EV201844,FL000900,Technical Defect,Medium,2025-12-23 18:26:00,3.7
EV201845,FL001913,Technical Defect,High,2025-02-14 12:16:00,2.5
EV201846,FL006407,Crew Issue,Medium,2025-12-07 12:42:00,3.4
EV201847,FL006531,Technical Defect,Critical,2025-07-30 21:45:00,2.1
EV201848,FL001544,Fuel Issue,Medium,2025-04-13 06:38:00,1.2
EV201849,FL000425,Gate Change,Medium,2025-07-09 15:08:00,1.8
EV201850,FL004447,Technical Defect,Low,2025-02-13 05:16:00,3.5
EV201851,FL002277,Cleaning Issue,Medium,2025-08-21 05:09:00,3.2
EV201852,FL001354,Fuel Issue,Medium,2025-12-24 12:03:00,3.5
EV201853,FL003645,Technical Defect,Medium,2025-01-05 12:13:00,2.4
EV201854,FL002186,Crew Issue,High,2025-06-30 05:31:00,0.5
EV201855,FL007863,Cleaning Issue,High,2025-08-16 17:54:00,4.3
EV201856,FL006679,Gate Change,Medium,2025-08-07 07:25:00,2.8
EV201857,FL000746,Cleaning Issue,Low,2025-10-27 17:27:00,4.4
EV201858,FL007910,Delay,High,2025-09-16 07:37:00,3.3
EV201859,FL002157,Cleaning Issue,Low,2025-08-03 11:40:00,1.9
EV201860,FL001345,Baggage Issue,Medium,2025-12-10 18:30:00,3.0
EV201861,FL001253,Delay,Low,2025-06-14 16:08:00,12.3
EV201862,FL003114,Delay,Low,2025-03-28 07:26:00,6.3
EV201863,FL003494,Crew Issue,Medium,2025-12-30 06:09:00,3.8
EV201864,FL007420,Delay,High,2025-09-29 16:56:00,15.5
EV201865,FL002702,Delay,Medium,2025-08-12 13:05:00,1.6
EV201866,FL005624,Delay,Medium,2025-05-07 15:10:00,2.4
EV201867,FL000757,Delay,Medium,2025-10-18 13:04:00,3.2
EV201868,FL006746,Delay,Medium,2025-02-02 07:42:00,1.2
EV201869,FL003953,Gate Change,Medium,2025-03-24 21:38:00,10.5
EV201870,FL004760,Gate Change,Low,2025-11-24 13:21:00,11.2
EV201871,FL003989,Technical Defect,Medium,2025-03-14 10:17:00,5.0
EV201872,FL006088,Crew Issue,High,2025-01-10 12:53:00,0.4
EV201873,FL005177,Delay,Medium,2025-12-03 10:40:00,0.7
EV201874,FL002998,Fuel Issue,High,2025-05-07 20:55:00,3.9
EV201875,FL006908,Cleaning Issue,Critical,2025-12-04 14:42:00,8.1
EV201876,FL000893,Cleaning Issue,Critical,2025-01-01 10:02:00,2.1
EV201877,FL007996,Delay,High,2025-02-17 08:29:00,4.2
EV201878,FL005112,Fuel Issue,Medium,2025-07-16 07:36:00,7.4
EV201879,FL000854,Crew Issue,Critical,2025-12-17 05:05:00,1.5
EV201880,FL004104,Technical Defect,Medium,2025-06-14 17:35:00,7.0
EV201881,FL002780,Cleaning Issue,Low,2025-09-23 08:55:00,2.4
EV201882,FL000423,Delay,High,2025-01-03 17:29:00,2.7
EV201883,FL007987,Gate Change,Low,2025-04-21 08:35:00,3.7
EV201884,FL007195,Delay,Medium,2025-07-06 14:37:00,1.2
EV201885,FL004663,Delay,High,2025-03-23 21:10:00,4.5
EV201886,FL001017,Fuel Issue,High,2025-03-13 09:59:00,1.7
EV201887,FL003261,Baggage Issue,Low,2025-08-25 19:47:00,1.3
EV201888,FL005894,Baggage Issue,Low,2025-04-01 19:17:00,2.3
EV201889,FL003573,Technical Defect,Medium,2025-02-06 19:28:00,1.0
EV201890,FL004453,Cleaning Issue,Medium,2025-03-19 06:21:00,1.2
EV201891,FL006922,Technical Defect,Medium,2025-09-16 07:54:00,5.5
EV201892,FL001495,Delay,Medium,2025-08-07 21:54:00,4.2
EV201893,FL007095,Delay,Low,2025-10-27 11:15:00,2.7
EV201894,FL008047,Delay,Medium,2025-01-16 15:32:00,1.3
EV201895,FL002424,Crew Issue,Medium,2025-07-04 15:41:00,4.8
EV201896,FL007634,Delay,Medium,2025-12-09 07:19:00,6.8
EV201897,FL002537,Delay,Critical,2025-10-28 08:41:00,16.0
EV201898,FL005758,Technical Defect,Medium,2025-08-10 21:12:00,7.2
EV201899,FL005749,Delay,Low,2025-09-03 12:57:00,2.1
EV201900,FL007690,Gate Change,Low,2025-01-31 18:22:00,1.1
EV201901,FL000555,Cleaning Issue,Medium,2025-07-30 16:19:00,2.8
EV201902,FL004888,Cleaning Issue,Medium,2025-02-07 08:04:00,6.8
EV201903,FL006949,Cleaning Issue,Critical,2025-06-05 19:51:00,2.1
EV201904,FL000751,Gate Change,Medium,2025-04-27 06:19:00,0.6
EV201905,FL000057,Cleaning Issue,Medium,2025-08-26 21:11:00,4.3
EV201906,FL000532,Technical Defect,High,2025-10-11 13:29:00,2.3
EV201907,FL003787,Delay,Medium,2025-12-22 09:07:00,1.3
EV201908,FL004604,Cleaning Issue,High,2025-12-19 11:25:00,7.4
EV201909,FL006510,Crew Issue,Medium,2025-02-13 13:47:00,1.4
EV201910,FL003462,Technical Defect,High,2025-01-14 16:44:00,2.1
EV201911,FL007510,Delay,Medium,2025-03-04 18:28:00,1.8
EV201912,FL000930,Technical Defect,Low,2025-10-21 17:20:00,0.6
EV201913,FL005151,Technical Defect,Low,2025-08-29 17:15:00,2.6
EV201914,FL003821,Fuel Issue,Medium,2025-08-10 19:58:00,0.5
EV201915,FL004360,Technical Defect,High,2025-12-26 15:32:00,1.1
EV201916,FL004135,Technical Defect,Low,2025-06-22 15:14:00,1.3
EV201917,FL005728,Delay,Medium,2025-07-01 05:21:00,0.8
EV201918,FL005886,Crew Issue,Low,2025-09-13 16:47:00,4.0
EV201919,FL006918,Baggage Issue,Low,2025-05-25 21:10:00,3.3
EV201920,FL003014,Delay,Low,2025-03-07 18:37:00,4.4
EV201921,FL000107,Delay,High,2025-12-16 18:15:00,0.7
EV201922,FL001312,Delay,High,2025-12-20 17:52:00,5.9
EV201923,FL004980,Gate Change,Medium,2025-04-13 19:02:00,6.0
EV201924,FL001320,Delay,Low,2025-02-18 19:28:00,6.5
EV201925,FL006300,Gate Change,High,2025-05-01 16:08:00,3.0
EV201926,FL000003,Delay,Low,2025-05-22 14:03:00,2.9
EV201927,FL007602,Cleaning Issue,Low,2025-06-03 08:06:00,4.3
EV201928,FL008149,Fuel Issue,Low,2025-12-22 08:24:00,7.2
EV201929,FL003283,Gate Change,Low,2025-07-08 06:55:00,2.8
EV201930,FL007047,Delay,Low,2025-10-18 13:04:00,2.4
EV201931,FL007407,Delay,Low,2025-01-20 20:14:00,3.6
EV201932,FL006663,Delay,Low,2025-03-02 06:13:00,2.9
EV201933,FL005176,Technical Defect,High,2025-05-27 20:31:00,0.5
EV201934,FL001702,Delay,High,2025-02-01 18:00:00,2.5
EV201935,FL002739,Baggage Issue,High,2025-08-01 05:20:00,3.1
EV201936,FL002942,Fuel Issue,High,2025-03-29 07:16:00,4.0
EV201937,FL008078,Delay,Medium,2025-02-15 09:10:00,4.1
EV201938,FL005277,Fuel Issue,Medium,2025-02-13 11:56:00,3.4
EV201939,FL000482,Technical Defect,Critical,2025-06-18 14:16:00,5.2
EV201940,FL001319,Delay,Low,2025-04-30 16:18:00,10.1
EV201941,FL007145,Delay,Medium,2025-04-24 06:19:00,2.8
EV201942,FL003994,Delay,Low,2025-04-24 21:25:00,4.0
EV201943,FL004340,Gate Change,Low,2025-02-11 14:34:00,7.8
EV201944,FL007547,Delay,Medium,2025-02-14 05:15:00,2.7
EV201945,FL004803,Technical Defect,High,2025-11-30 20:52:00,3.2
EV201946,FL003403,Crew Issue,High,2025-02-09 08:26:00,0.5
EV201947,FL006837,Technical Defect,Low,2025-05-11 21:30:00,2.4
EV201948,FL002753,Delay,Low,2025-03-19 10:04:00,3.7
EV201949,FL007616,Fuel Issue,High,2025-06-29 08:23:00,3.5
EV201950,FL000593,Delay,Medium,2025-09-28 12:31:00,2.9
EV201951,FL007356,Crew Issue,Low,2025-07-10 06:18:00,2.1
EV201952,FL001005,Baggage Issue,Medium,2025-10-08 05:36:00,3.6
EV201953,FL003832,Crew Issue,High,2025-03-03 11:37:00,6.9
EV201954,FL001758,Technical Defect,Medium,2025-08-15 16:59:00,2.2
EV201955,FL005849,Cleaning Issue,High,2025-07-26 17:59:00,1.1
EV201956,FL003820,Delay,Low,2025-01-07 08:13:00,6.6
EV201957,FL006180,Gate Change,Low,2025-04-02 15:46:00,3.8
EV201958,FL004629,Baggage Issue,Low,2025-07-08 20:22:00,1.0
EV201959,FL002845,Fuel Issue,Low,2025-08-09 16:03:00,4.8
EV201960,FL006021,Baggage Issue,Medium,2025-03-18 17:42:00,5.3
EV201961,FL002493,Baggage Issue,Medium,2025-02-13 21:14:00,0.9
EV201962,FL001850,Cleaning Issue,Low,2025-02-22 15:37:00,4.4
EV201963,FL006748,Technical Defect,Medium,2025-10-16 13:14:00,6.0
EV201964,FL008173,Gate Change,Low,2025-02-05 19:58:00,1.4
EV201965,FL004402,Baggage Issue,Critical,2025-11-11 14:19:00,2.1
EV201966,FL007878,Delay,Medium,2025-02-26 10:59:00,6.6
EV201967,FL001833,Technical Defect,Medium,2025-12-24 16:01:00,5.7
EV201968,FL000041,Baggage Issue,Low,2025-08-19 21:32:00,2.5
EV201969,FL007233,Technical Defect,Low,2025-11-23 16:40:00,4.4
EV201970,FL006831,Cleaning Issue,Medium,2025-06-14 06:23:00,2.2
EV201971,FL004064,Gate Change,Medium,2025-08-30 07:03:00,6.7
EV201972,FL007028,Baggage Issue,Low,2025-05-07 10:37:00,0.9
EV201973,FL007164,Delay,Low,2025-02-23 13:08:00,0.9
EV201974,FL002964,Cleaning Issue,Critical,2025-09-26 07:20:00,3.7
EV201975,FL001353,Cleaning Issue,Low,2025-02-02 08:50:00,3.2
EV201976,FL005048,Baggage Issue,Low,2025-06-03 19:36:00,16.2
EV201977,FL007319,Delay,Medium,2025-01-30 06:36:00,4.2
EV201978,FL004755,Gate Change,High,2025-07-07 18:34:00,1.2
EV201979,FL003324,Delay,Medium,2025-11-03 06:08:00,2.0
EV201980,FL001920,Delay,Low,2025-03-08 07:25:00,1.6
EV201981,FL002404,Delay,Medium,2025-10-06 08:47:00,1.5
EV201982,FL006298,Delay,Low,2025-04-25 19:46:00,3.7
EV201983,FL003031,Cleaning Issue,Medium,2025-03-25 21:36:00,2.5
EV201984,FL004156,Crew Issue,Low,2025-11-24 05:43:00,2.1
EV201985,FL004952,Baggage Issue,Low,2025-03-30 15:09:00,8.3
EV201986,FL002480,Crew Issue,Medium,2025-07-30 08:12:00,3.3
EV201987,FL002468,Technical Defect,Low,2025-02-06 06:17:00,0.1
EV201988,FL005923,Cleaning Issue,Medium,2025-02-25 09:35:00,6.4
EV201989,FL005287,Gate Change,Medium,2025-12-21 18:17:00,13.0
EV201990,FL006380,Delay,Medium,2025-06-06 08:07:00,1.3
EV201991,FL004141,Baggage Issue,Medium,2025-04-04 08:56:00,7.1
EV201992,FL000087,Gate Change,Medium,2025-11-15 17:58:00,1.0
EV201993,FL005385,Gate Change,Medium,2025-11-05 16:11:00,0.5
EV201994,FL000113,Delay,Medium,2025-04-02 21:54:00,1.2
EV201995,FL002771,Gate Change,Low,2025-10-06 12:06:00,2.7
EV201996,FL006077,Delay,Medium,2025-04-11 08:45:00,4.9
EV201997,FL002131,Crew Issue,Medium,2025-10-20 10:51:00,1.6
EV201998,FL007156,Gate Change,Low,2025-04-20 14:05:00,1.7
EV201999,FL005536,Baggage Issue,Low,2025-08-17 07:45:00,2.9
EV202000,FL007427,Gate Change,Medium,2025-12-19 18:18:00,2.5
EV202001,FL004348,Cleaning Issue,Medium,2025-03-21 16:15:00,9.0
EV202002,FL003778,Delay,Medium,2025-03-22 18:06:00,4.0
EV202003,FL001170,Technical Defect,Medium,2025-03-24 21:13:00,2.6
EV202004,FL007392,Baggage Issue,Medium,2025-06-25 06:30:00,7.3
EV202005,FL005363,Gate Change,Medium,2025-12-07 19:40:00,2.6
EV202006,FL006703,Crew Issue,Low,2025-11-03 16:13:00,7.2
EV202007,FL002275,Cleaning Issue,High,2025-07-20 18:25:00,5.8
EV202008,FL001697,Technical Defect,Medium,2025-06-22 05:06:00,5.3
EV202009,FL002994,Crew Issue,Low,2025-09-01 11:58:00,1.2
EV202010,FL003905,Technical Defect,Medium,2025-11-02 13:35:00,2.7
EV202011,FL007025,Crew Issue,Medium,2025-07-12 15:04:00,3.3
EV202012,FL002195,Technical Defect,Medium,2025-07-10 20:42:00,2.3
EV202013,FL001662,Technical Defect,High,2025-05-06 12:45:00,3.0
EV202014,FL000985,Cleaning Issue,Medium,2025-12-02 17:02:00,3.8
EV202015,FL003539,Baggage Issue,High,2025-09-14 18:50:00,0.5
EV202016,FL000856,Baggage Issue,Medium,2025-08-16 15:24:00,3.0
EV202017,FL000706,Technical Defect,Medium,2025-11-09 06:01:00,6.9
EV202018,FL002934,Delay,Medium,2025-08-19 13:44:00,7.5
EV202019,FL003699,Technical Defect,Medium,2025-03-28 11:13:00,0.5
EV202020,FL003389,Delay,Medium,2025-09-10 11:01:00,7.6
EV202021,FL007566,Crew Issue,Medium,2025-03-02 11:41:00,1.1
EV202022,FL007540,Crew Issue,Low,2025-03-05 16:57:00,5.0
EV202023,FL004589,Delay,Medium,2025-01-24 20:24:00,3.7
EV202024,FL007721,Technical Defect,Medium,2025-02-19 20:01:00,10.9
EV202025,FL007133,Cleaning Issue,Medium,2025-11-25 18:20:00,0.8
EV202026,FL000394,Delay,Low,2025-01-13 06:00:00,16.9
EV202027,FL004453,Technical Defect,Low,2025-09-08 15:01:00,5.4
EV202028,FL002865,Delay,Medium,2025-11-21 17:19:00,4.0
EV202029,FL000482,Technical Defect,Medium,2025-09-16 07:54:00,1.6
EV202030,FL005375,Gate Change,Low,2025-04-03 10:38:00,1.6
EV202031,FL004144,Technical Defect,Low,2025-01-20 16:47:00,7.2
EV202032,FL005023,Fuel Issue,Medium,2025-06-16 10:23:00,4.0
EV202033,FL001911,Technical Defect,Medium,2025-05-26 20:40:00,0.5
EV202034,FL006913,Delay,Low,2025-10-01 19:39:00,2.8
EV202035,FL003554,Crew Issue,High,2025-01-21 08:20:00,7.8
EV202036,FL001954,Delay,Low,2025-10-13 19:05:00,0.7
EV202037,FL001949,Crew Issue,Medium,2025-09-08 13:12:00,4.9
EV202038,FL002270,Technical Defect,Low,2025-04-28 13:12:00,4.5
EV202039,FL000929,Delay,Low,2025-05-06 20:58:00,6.6
EV202040,FL007124,Delay,Medium,2025-09-09 05:23:00,3.2
EV202041,FL001740,Fuel Issue,High,2025-12-24 15:11:00,1.6
EV202042,FL006087,Delay,Low,2025-05-09 08:44:00,6.3
EV202043,FL003297,Cleaning Issue,Medium,2025-09-20 09:17:00,3.1
EV202044,FL000992,Gate Change,Medium,2025-08-06 12:06:00,1.5
EV202045,FL006760,Crew Issue,Medium,2025-02-22 06:16:00,3.6
EV202046,FL006646,Gate Change,Medium,2025-10-30 16:33:00,8.1
EV202047,FL006321,Cleaning Issue,High,2025-03-09 20:26:00,0.3
EV202048,FL003011,Delay,Low,2025-02-03 19:55:00,2.5
EV202049,FL000302,Technical Defect,Medium,2025-02-15 10:16:00,3.4
EV202050,FL006440,Fuel Issue,High,2025-05-23 10:52:00,5.6
EV202051,FL006382,Delay,Low,2025-04-03 17:30:00,2.0
EV202052,FL007149,Baggage Issue,Medium,2025-06-14 13:12:00,1.9
EV202053,FL000253,Fuel Issue,Medium,2025-12-20 06:24:00,1.8
EV202054,FL006966,Cleaning Issue,Low,2025-01-28 17:56:00,2.2
EV202055,FL000624,Crew Issue,Medium,2025-12-26 10:52:00,5.1
EV202056,FL000229,Delay,High,2025-04-27 12:32:00,2.1
EV202057,FL006257,Gate Change,Medium,2025-04-16 15:04:00,2.1
EV202058,FL006090,Baggage Issue,Low,2025-01-30 07:40:00,1.0
EV202059,FL003230,Delay,Critical,2025-04-01 12:04:00,1.5
EV202060,FL005998,Baggage Issue,Low,2025-12-23 07:55:00,4.0
EV202061,FL002641,Cleaning Issue,Low,2025-04-06 21:29:00,4.1
EV202062,FL000977,Baggage Issue,Low,2025-10-21 17:20:00,2.9
EV202063,FL003084,Technical Defect,Critical,2025-07-03 19:35:00,2.9
EV202064,FL007368,Crew Issue,Low,2025-01-13 17:11:00,1.3
EV202065,FL004306,Delay,High,2025-06-25 05:55:00,4.9
EV202066,FL006014,Baggage Issue,High,2025-02-02 20:08:00,2.4
EV202067,FL004983,Technical Defect,Low,2025-06-13 15:20:00,3.9
EV202068,FL005401,Gate Change,Medium,2025-06-24 09:59:00,7.2
EV202069,FL005507,Technical Defect,Medium,2025-01-30 21:01:00,4.8
EV202070,FL000883,Technical Defect,Medium,2025-08-08 14:33:00,3.6
EV202071,FL000791,Delay,Medium,2025-04-06 21:59:00,3.0
EV202072,FL000998,Baggage Issue,Low,2025-10-18 18:15:00,2.0
EV202073,FL001351,Cleaning Issue,Low,2025-06-15 07:43:00,2.0
EV202074,FL005663,Technical Defect,Low,2025-11-13 19:05:00,1.7
EV202075,FL003567,Baggage Issue,Low,2025-03-22 16:53:00,6.5
EV202076,FL003001,Crew Issue,Medium,2025-08-26 18:53:00,1.4
EV202077,FL007098,Gate Change,Low,2025-08-16 17:54:00,2.2
EV202078,FL003924,Cleaning Issue,Low,2025-01-02 09:12:00,3.2
EV202079,FL006265,Cleaning Issue,Medium,2025-02-26 08:28:00,10.2
EV202080,FL005110,Fuel Issue,Medium,2025-04-17 08:40:00,0.9
EV202081,FL001534,Technical Defect,High,2025-05-12 20:45:00,1.0
EV202082,FL003038,Delay,Low,2025-11-18 21:43:00,6.3
EV202083,FL002361,Technical Defect,Medium,2025-10-04 11:52:00,4.4
EV202084,FL005891,Gate Change,Low,2025-03-17 09:47:00,3.6
EV202085,FL003111,Delay,Medium,2025-08-04 16:44:00,5.4
EV202086,FL004646,Fuel Issue,High,2025-01-17 16:24:00,1.4
EV202087,FL007064,Fuel Issue,Low,2025-11-29 05:39:00,5.4
EV202088,FL003025,Baggage Issue,Medium,2025-09-08 18:13:00,4.4
EV202089,FL008036,Gate Change,Low,2025-04-17 16:08:00,2.2
EV202090,FL001665,Technical Defect,Medium,2025-09-02 20:36:00,3.1
EV202091,FL000628,Cleaning Issue,Medium,2025-01-04 16:28:00,1.3
EV202092,FL001585,Technical Defect,High,2025-04-07 18:06:00,5.1
EV202093,FL003999,Delay,High,2025-07-04 09:07:00,1.0
EV202094,FL000245,Cleaning Issue,Medium,2025-08-18 08:28:00,1.1
EV202095,FL002978,Fuel Issue,Low,2025-03-24 19:11:00,2.1
EV202096,FL002609,Delay,Low,2025-07-31 07:57:00,0.3
EV202097,FL002643,Gate Change,Medium,2025-02-15 05:07:00,3.2
EV202098,FL001624,Gate Change,Critical,2025-02-21 15:43:00,3.8
EV202099,FL004100,Fuel Issue,Medium,2025-01-07 11:05:00,7.2
EV202100,FL002273,Gate Change,Low,2025-10-06 16:54:00,2.5
EV202101,FL005904,Technical Defect,Critical,2025-08-02 19:34:00,3.4
EV202102,FL004774,Gate Change,High,2025-03-24 19:16:00,3.0
EV202103,FL004851,Cleaning Issue,Medium,2025-05-21 07:09:00,5.9
EV202104,FL006313,Delay,Medium,2025-10-14 14:16:00,9.6
EV202105,FL003486,Baggage Issue,Low,2025-04-29 20:37:00,3.5
EV202106,FL001372,Delay,Critical,2025-04-09 14:57:00,2.4
EV202107,FL005933,Delay,Low,2025-05-19 10:21:00,3.7
EV202108,FL007753,Baggage Issue,High,2025-03-23 21:10:00,3.0
EV202109,FL003380,Baggage Issue,Medium,2025-10-05 11:36:00,1.0
EV202110,FL005882,Fuel Issue,Medium,2025-11-16 06:06:00,2.0
EV202111,FL005353,Gate Change,Low,2025-03-28 20:53:00,4.2
EV202112,FL000382,Crew Issue,Medium,2025-12-01 07:22:00,5.6
EV202113,FL001380,Technical Defect,Medium,2025-07-05 12:00:00,10.9
EV202114,FL005616,Delay,Medium,2025-08-27 11:30:00,0.7
EV202115,FL002790,Technical Defect,Medium,2025-12-29 12:21:00,4.3
EV202116,FL002158,Delay,Critical,2025-11-28 16:53:00,0.9
EV202117,FL004671,Gate Change,Medium,2025-01-18 15:25:00,8.7
EV202118,FL004567,Technical Defect,Low,2025-02-12 05:00:00,2.8
EV202119,FL007540,Delay,Medium,2025-08-28 16:25:00,5.0
EV202120,FL008051,Technical Defect,High,2025-08-14 05:07:00,0.5
EV202121,FL000159,Gate Change,Low,2025-09-06 17:10:00,4.0
EV202122,FL003753,Technical Defect,Low,2025-03-05 07:24:00,7.3
EV202123,FL005971,Delay,Low,2025-06-04 10:24:00,6.2
EV202124,FL002802,Cleaning Issue,Low,2025-06-25 16:36:00,3.5
EV202125,FL003975,Crew Issue,Medium,2025-10-22 15:05:00,1.5
EV202126,FL005695,Delay,Low,2025-08-24 09:30:00,4.6
EV202127,FL006118,Technical Defect,Low,2025-09-02 07:12:00,3.9
EV202128,FL007762,Technical Defect,Low,2025-05-06 19:25:00,7.0
EV202129,FL000944,Cleaning Issue,Medium,2025-09-17 19:16:00,1.5
EV202130,FL003678,Crew Issue,Medium,2025-02-02 18:42:00,4.1
EV202131,FL004861,Baggage Issue,Medium,2025-02-17 15:07:00,5.0
EV202132,FL007332,Delay,Medium,2025-06-06 17:10:00,0.5
EV202133,FL003465,Delay,High,2025-07-19 06:01:00,2.1
EV202134,FL000427,Cleaning Issue,Low,2025-04-17 17:54:00,4.8
EV202135,FL002559,Technical Defect,Medium,2025-03-04 15:53:00,1.7
EV202136,FL007656,Delay,Low,2025-07-03 20:22:00,7.2
EV202137,FL000267,Technical Defect,Medium,2025-01-30 17:13:00,7.6
EV202138,FL007788,Gate Change,High,2025-03-20 19:58:00,2.7
EV202139,FL004316,Delay,High,2025-06-04 16:47:00,0.3
EV202140,FL001697,Technical Defect,Medium,2025-07-02 18:27:00,2.7
EV202141,FL002809,Delay,Low,2025-02-07 10:23:00,2.2
EV202142,FL002910,Technical Defect,Low,2025-10-21 13:55:00,9.8
EV202143,FL007574,Cleaning Issue,Medium,2025-01-01 14:13:00,1.8
EV202144,FL006657,Technical Defect,Low,2025-07-01 21:46:00,2.4
EV202145,FL006170,Crew Issue,Medium,2025-12-20 13:27:00,2.5
EV202146,FL000118,Delay,Low,2025-11-23 06:10:00,2.6
EV202147,FL000715,Crew Issue,Low,2025-11-16 06:06:00,1.2
EV202148,FL007225,Technical Defect,Medium,2025-09-15 21:16:00,0.5
EV202149,FL002547,Technical Defect,Medium,2025-03-11 11:09:00,1.8
EV202150,FL001597,Gate Change,Low,2025-08-19 12:49:00,3.7
EV202151,FL002134,Technical Defect,Medium,2025-02-25 09:35:00,6.2
EV202152,FL005411,Crew Issue,Medium,2025-12-23 10:57:00,2.4
EV202153,FL005619,Crew Issue,High,2025-05-06 12:22:00,2.8
EV202154,FL002270,Delay,High,2025-01-17 13:39:00,1.6
EV202155,FL004725,Technical Defect,Medium,2025-02-11 20:56:00,4.2
EV202156,FL006764,Delay,High,2025-02-05 19:58:00,3.8
EV202157,FL002949,Delay,Low,2025-05-05 12:37:00,7.2
EV202158,FL001087,Delay,Low,2025-03-08 18:19:00,3.6
EV202159,FL001822,Gate Change,High,2025-09-14 18:40:00,5.5
EV202160,FL008059,Crew Issue,Medium,2025-09-12 18:28:00,2.6
EV202161,FL003619,Cleaning Issue,Medium,2025-03-31 12:27:00,0.8
EV202162,FL005911,Technical Defect,Medium,2025-02-11 06:56:00,2.1
EV202163,FL002062,Delay,Low,2025-10-11 18:17:00,11.2
EV202164,FL007078,Baggage Issue,Low,2025-01-19 12:37:00,6.0
EV202165,FL001557,Delay,Low,2025-12-02 18:12:00,3.5
EV202166,FL000941,Gate Change,Low,2025-04-17 21:40:00,2.9
EV202167,FL006701,Technical Defect,Medium,2025-01-14 09:10:00,1.5
EV202168,FL005039,Delay,Medium,2025-09-17 16:49:00,3.5
EV202169,FL007955,Delay,Medium,2025-07-16 18:51:00,7.4
EV202170,FL004368,Technical Defect,Low,2025-11-17 12:52:00,3.1
EV202171,FL006202,Delay,High,2025-01-29 05:26:00,7.4
EV202172,FL004299,Baggage Issue,Low,2025-06-01 08:34:00,13.2
EV202173,FL000513,Technical Defect,Low,2025-07-20 17:51:00,1.9
EV202174,FL003117,Baggage Issue,Medium,2025-04-28 17:27:00,1.9
EV202175,FL007709,Gate Change,Medium,2025-01-14 12:18:00,1.3
EV202176,FL007799,Delay,Medium,2025-02-13 14:41:00,2.0
EV202177,FL003726,Delay,Medium,2025-06-30 05:04:00,1.9
EV202178,FL007086,Cleaning Issue,High,2025-07-16 12:10:00,2.1
EV202179,FL002181,Technical Defect,Medium,2025-06-05 21:55:00,0.6
EV202180,FL002520,Delay,Low,2025-08-13 08:53:00,2.4
EV202181,FL006340,Baggage Issue,Medium,2025-12-15 16:46:00,7.4
EV202182,FL000553,Technical Defect,Medium,2025-01-25 19:23:00,4.2
EV202183,FL000031,Technical Defect,Medium,2025-03-09 14:45:00,2.3
EV202184,FL002008,Delay,Low,2025-07-04 05:58:00,4.4
EV202185,FL000250,Delay,Medium,2025-02-10 06:51:00,5.0
EV202186,FL004548,Gate Change,Medium,2025-05-26 09:50:00,2.2
EV202187,FL006232,Technical Defect,Medium,2025-01-27 21:45:00,4.8
EV202188,FL005262,Technical Defect,Medium,2025-01-18 17:11:00,0.1
EV202189,FL001319,Cleaning Issue,Low,2025-02-21 19:31:00,8.9
EV202190,FL006949,Delay,High,2025-02-11 08:08:00,3.7
EV202191,FL003880,Gate Change,Low,2025-08-02 16:42:00,5.4
EV202192,FL002504,Fuel Issue,Low,2025-08-02 16:38:00,5.7
EV202193,FL004311,Technical Defect,Medium,2025-12-21 06:48:00,16.5
EV202194,FL001314,Crew Issue,Medium,2025-11-08 10:42:00,13.4
EV202195,FL008163,Gate Change,Low,2025-08-05 08:55:00,2.3
EV202196,FL003794,Technical Defect,Low,2025-11-30 15:56:00,4.3
EV202197,FL002707,Cleaning Issue,Medium,2025-08-26 05:35:00,6.4
EV202198,FL005678,Technical Defect,Critical,2025-12-07 11:38:00,4.8
EV202199,FL002496,Technical Defect,High,2025-08-12 21:01:00,0.9
EV202200,FL006271,Baggage Issue,High,2025-11-05 19:27:00,3.2
EV202201,FL003892,Gate Change,Medium,2025-03-07 21:13:00,8.6
EV202202,FL007192,Technical Defect,High,2025-12-21 07:19:00,2.3
EV202203,FL003976,Baggage Issue,High,2025-12-10 06:24:00,3.1
EV202204,FL005325,Baggage Issue,Low,2025-01-22 20:41:00,2.2
EV202205,FL004505,Gate Change,Medium,2025-12-28 11:34:00,4.2
EV202206,FL007992,Technical Defect,High,2025-05-31 15:01:00,5.0
EV202207,FL007215,Delay,High,2025-02-27 14:55:00,1.0
EV202208,FL003721,Baggage Issue,High,2025-09-22 20:11:00,4.1
EV202209,FL005824,Cleaning Issue,High,2025-04-03 14:48:00,1.3
EV202210,FL001776,Delay,Low,2025-09-01 06:19:00,0.8
EV202211,FL007080,Delay,Medium,2025-07-27 13:35:00,6.9
EV202212,FL005062,Cleaning Issue,Low,2025-08-30 14:39:00,5.5
EV202213,FL003176,Technical Defect,Medium,2025-12-01 14:41:00,1.9
EV202214,FL007305,Baggage Issue,Low,2025-09-14 18:27:00,6.6
EV202215,FL006334,Technical Defect,Medium,2025-07-31 07:09:00,0.5
EV202216,FL001383,Gate Change,Medium,2025-04-08 06:15:00,1.4
EV202217,FL007895,Delay,Medium,2025-05-18 05:56:00,1.7
EV202218,FL002336,Crew Issue,Low,2025-02-26 19:14:00,3.6
EV202219,FL000648,Technical Defect,High,2025-05-19 06:45:00,12.3
EV202220,FL002875,Technical Defect,Low,2025-01-05 13:25:00,0.9
EV202221,FL003575,Gate Change,Medium,2025-05-26 21:35:00,1.3
EV202222,FL000624,Cleaning Issue,High,2025-01-06 21:54:00,5.6
EV202223,FL004899,Crew Issue,High,2025-12-06 10:18:00,2.9
EV202224,FL003566,Delay,Medium,2025-04-05 20:49:00,4.9
EV202225,FL004812,Technical Defect,Low,2025-10-08 07:03:00,3.8
EV202226,FL004085,Delay,Low,2025-02-23 13:08:00,4.4
EV202227,FL004215,Cleaning Issue,Medium,2025-10-19 13:28:00,0.4
EV202228,FL001267,Delay,Low,2025-01-09 08:26:00,2.8
EV202229,FL006756,Crew Issue,Low,2025-01-16 12:00:00,7.8
EV202230,FL005143,Gate Change,Medium,2025-04-15 11:01:00,12.2
EV202231,FL001729,Crew Issue,Low,2025-04-25 09:42:00,4.5
EV202232,FL000912,Baggage Issue,High,2025-10-22 05:15:00,11.8
EV202233,FL007932,Delay,Medium,2025-10-13 12:40:00,4.2
EV202234,FL004298,Technical Defect,High,2025-07-10 12:29:00,4.1
EV202235,FL006643,Delay,Low,2025-02-14 12:16:00,4.4
EV202236,FL003947,Delay,High,2025-10-20 10:59:00,1.6
EV202237,FL002407,Delay,Critical,2025-04-08 16:30:00,1.8
EV202238,FL002412,Fuel Issue,Medium,2025-08-31 06:11:00,1.4
EV202239,FL000268,Delay,Low,2025-10-27 05:48:00,1.5
EV202240,FL004501,Delay,Low,2025-04-02 09:05:00,0.9
EV202241,FL005922,Delay,High,2025-07-22 17:20:00,3.9
EV202242,FL000905,Delay,Medium,2025-09-29 16:56:00,1.6
EV202243,FL000218,Delay,Low,2025-07-18 20:25:00,2.6
EV202244,FL001367,Baggage Issue,Low,2025-05-23 07:49:00,3.6
EV202245,FL003998,Baggage Issue,High,2025-04-19 13:16:00,7.8
EV202246,FL004255,Gate Change,Critical,2025-09-05 05:05:00,0.9
EV202247,FL004781,Fuel Issue,Low,2025-02-04 07:28:00,4.9
EV202248,FL006904,Delay,Medium,2025-07-23 12:58:00,2.8
EV202249,FL008040,Gate Change,High,2025-11-12 17:56:00,1.3
EV202250,FL007376,Gate Change,Medium,2025-03-25 07:14:00,2.8
EV202251,FL002579,Baggage Issue,Medium,2025-03-09 14:34:00,5.6
EV202252,FL003704,Delay,High,2025-07-30 09:58:00,5.6
EV202253,FL005901,Technical Defect,High,2025-07-11 15:15:00,1.4
EV202254,FL002181,Delay,Medium,2025-02-24 17:45:00,3.0
EV202255,FL007840,Technical Defect,Medium,2025-08-04 11:25:00,3.1
EV202256,FL001034,Baggage Issue,High,2025-01-30 21:01:00,0.8
EV202257,FL003803,Delay,Medium,2025-06-23 20:12:00,2.2
EV202258,FL006181,Fuel Issue,Low,2025-01-24 10:59:00,2.6
EV202259,FL000992,Cleaning Issue,Medium,2025-10-24 13:34:00,10.5
EV202260,FL008132,Technical Defect,Medium,2025-12-19 18:18:00,4.6
EV202261,FL001012,Cleaning Issue,Critical,2025-01-02 13:10:00,3.2
EV202262,FL002077,Technical Defect,Medium,2025-08-22 18:24:00,4.9
EV202263,FL003200,Delay,Low,2025-05-13 08:05:00,2.2
EV202264,FL005280,Cleaning Issue,Low,2025-02-08 15:26:00,4.4
EV202265,FL002666,Delay,High,2025-09-12 10:29:00,1.1
EV202266,FL004684,Delay,Medium,2025-11-17 18:09:00,1.8
EV202267,FL002600,Delay,Low,2025-01-18 10:30:00,2.0
EV202268,FL002858,Crew Issue,Medium,2025-02-23 21:42:00,0.4
EV202269,FL003981,Delay,Low,2025-12-02 18:07:00,6.0
EV202270,FL002432,Crew Issue,Low,2025-01-09 19:31:00,5.9
EV202271,FL004414,Fuel Issue,Low,2025-05-18 16:43:00,1.4
EV202272,FL003428,Cleaning Issue,Medium,2025-11-28 16:53:00,0.7
EV202273,FL002181,Cleaning Issue,Medium,2025-08-05 18:41:00,4.5
EV202274,FL003313,Delay,Low,2025-03-14 12:50:00,1.5
EV202275,FL003616,Gate Change,Medium,2025-01-04 07:10:00,5.1
EV202276,FL003997,Fuel Issue,Medium,2025-07-10 15:48:00,4.5
EV202277,FL005353,Delay,Low,2025-07-16 17:15:00,6.8
EV202278,FL002389,Cleaning Issue,Low,2025-07-05 17:38:00,1.7
EV202279,FL004575,Crew Issue,Medium,2025-03-19 08:11:00,2.1
EV202280,FL003573,Cleaning Issue,Medium,2025-12-14 15:45:00,1.5
EV202281,FL006203,Delay,Low,2025-05-04 19:58:00,0.5
EV202282,FL005099,Delay,Medium,2025-11-30 20:57:00,2.9
EV202283,FL002252,Cleaning Issue,High,2025-12-08 20:23:00,7.9
EV202284,FL001775,Delay,Low,2025-03-18 07:20:00,2.8
EV202285,FL003095,Cleaning Issue,Medium,2025-09-19 05:07:00,1.5
EV202286,FL002886,Delay,Low,2025-06-22 19:31:00,0.1
EV202287,FL004547,Technical Defect,Low,2025-08-24 20:22:00,1.7
EV202288,FL002044,Baggage Issue,Medium,2025-07-18 05:28:00,2.1
EV202289,FL007459,Cleaning Issue,Medium,2025-12-27 16:38:00,4.4
EV202290,FL006851,Technical Defect,High,2025-08-06 09:35:00,5.7
EV202291,FL005027,Gate Change,Low,2025-03-08 13:59:00,0.6
EV202292,FL005453,Delay,Medium,2025-11-05 05:21:00,1.9
EV202293,FL002365,Delay,Low,2025-01-22 09:27:00,3.6
EV202294,FL004597,Crew Issue,High,2025-09-18 14:21:00,5.9
EV202295,FL000303,Crew Issue,Medium,2025-10-07 05:21:00,1.9
EV202296,FL001131,Fuel Issue,High,2025-07-15 15:40:00,6.4
EV202297,FL004228,Delay,Medium,2025-01-09 08:26:00,3.8
EV202298,FL000809,Delay,Low,2025-05-03 12:58:00,3.1
EV202299,FL007808,Baggage Issue,Medium,2025-10-11 10:56:00,1.8
EV202300,FL006077,Technical Defect,High,2025-11-08 07:58:00,4.0
EV202301,FL005480,Baggage Issue,Low,2025-07-04 17:15:00,0.4
EV202302,FL007373,Delay,Low,2025-06-21 17:18:00,2.8
EV202303,FL003487,Fuel Issue,Medium,2025-03-26 06:49:00,5.2
EV202304,FL007070,Technical Defect,Medium,2025-06-20 05:13:00,3.4
EV202305,FL000632,Baggage Issue,Low,2025-08-22 18:24:00,3.2
EV202306,FL006575,Delay,Low,2025-12-09 07:40:00,1.8
EV202307,FL000957,Delay,Low,2025-06-29 08:57:00,3.6
EV202308,FL001013,Technical Defect,Medium,2025-01-28 16:26:00,5.5
EV202309,FL006109,Technical Defect,High,2025-03-12 13:06:00,3.2
EV202310,FL005780,Technical Defect,Medium,2025-06-28 14:40:00,5.1
EV202311,FL002595,Delay,Medium,2025-10-21 16:19:00,0.1
EV202312,FL001247,Technical Defect,Low,2025-08-05 08:55:00,3.3
EV202313,FL002406,Technical Defect,High,2025-04-17 08:40:00,4.4
EV202314,FL003831,Delay,Critical,2025-12-10 18:27:00,6.6
EV202315,FL001897,Delay,Medium,2025-04-02 07:05:00,6.0
EV202316,FL007683,Gate Change,Medium,2025-01-08 14:25:00,11.4
EV202317,FL007370,Delay,High,2025-09-11 11:20:00,8.5
EV202318,FL003316,Delay,Medium,2025-01-19 12:31:00,1.8
EV202319,FL002509,Technical Defect,Low,2025-06-03 05:59:00,3.2
EV202320,FL001626,Delay,Low,2025-02-25 10:39:00,0.9
EV202321,FL001454,Crew Issue,Low,2025-05-06 15:18:00,0.9
EV202322,FL000720,Gate Change,Medium,2025-05-06 14:27:00,1.3
EV202323,FL003017,Delay,Low,2025-07-23 13:22:00,1.7
EV202324,FL007341,Delay,Low,2025-12-22 13:04:00,0.8
EV202325,FL005836,Delay,Medium,2025-08-28 20:30:00,3.8
EV202326,FL000433,Cleaning Issue,Medium,2025-02-24 07:33:00,1.6
EV202327,FL003403,Delay,Medium,2025-02-16 05:52:00,4.5
EV202328,FL002709,Technical Defect,Medium,2025-05-05 19:04:00,2.4
EV202329,FL006285,Crew Issue,High,2025-11-22 20:25:00,1.3
EV202330,FL004311,Delay,Low,2025-06-09 19:33:00,3.9
EV202331,FL005602,Delay,Critical,2025-05-16 05:56:00,15.3
EV202332,FL000546,Crew Issue,Low,2025-04-07 10:51:00,2.0
EV202333,FL002922,Gate Change,Medium,2025-03-14 11:10:00,5.9
EV202334,FL002945,Delay,Medium,2025-06-30 10:15:00,0.5
EV202335,FL007189,Delay,Medium,2025-02-17 20:47:00,2.6
EV202336,FL006250,Crew Issue,High,2025-06-21 10:07:00,2.9
EV202337,FL000607,Delay,High,2025-11-24 13:20:00,6.8
EV202338,FL001363,Technical Defect,Low,2025-02-20 09:14:00,6.4
EV202339,FL006039,Delay,Medium,2025-01-23 08:06:00,2.0
EV202340,FL002963,Technical Defect,Medium,2025-03-07 14:48:00,6.6
EV202341,FL004172,Delay,Medium,2025-09-15 12:05:00,1.4
EV202342,FL003139,Delay,Low,2025-01-20 13:55:00,3.0
EV202343,FL002633,Gate Change,High,2025-01-08 14:01:00,10.4
EV202344,FL001032,Gate Change,Low,2025-02-02 08:50:00,1.6
EV202345,FL003357,Delay,Critical,2025-11-17 19:18:00,5.6
EV202346,FL006538,Delay,High,2025-01-01 15:47:00,1.6
EV202347,FL004829,Crew Issue,High,2025-11-28 17:57:00,5.3
EV202348,FL001423,Technical Defect,Medium,2025-08-06 17:42:00,3.5
EV202349,FL002247,Gate Change,High,2025-04-09 18:32:00,2.4
EV202350,FL005853,Delay,Low,2025-11-24 06:18:00,0.8
EV202351,FL004986,Gate Change,Medium,2025-01-23 20:39:00,2.1
EV202352,FL008171,Technical Defect,Medium,2025-03-14 19:58:00,4.6
EV202353,FL004354,Delay,Medium,2025-01-15 10:43:00,14.8
EV202354,FL007812,Gate Change,Medium,2025-04-17 10:47:00,4.5
EV202355,FL006315,Delay,Medium,2025-12-15 20:16:00,7.0
EV202356,FL007187,Delay,Low,2025-07-19 16:05:00,2.4
EV202357,FL001474,Technical Defect,Critical,2025-08-22 13:15:00,2.6
EV202358,FL003227,Delay,Medium,2025-03-22 14:36:00,2.7
EV202359,FL002929,Crew Issue,Medium,2025-12-13 10:43:00,11.9
EV202360,FL000828,Delay,High,2025-12-09 19:37:00,2.2
EV202361,FL004196,Delay,Critical,2025-06-24 12:46:00,1.2
EV202362,FL000463,Delay,Medium,2025-06-15 06:11:00,0.7
EV202363,FL005976,Crew Issue,High,2025-10-20 10:51:00,1.6
EV202364,FL002200,Fuel Issue,Medium,2025-06-09 19:59:00,0.6
EV202365,FL002761,Cleaning Issue,Low,2025-12-12 08:41:00,4.2
EV202366,FL002016,Fuel Issue,Medium,2025-04-19 11:30:00,3.0
EV202367,FL002511,Fuel Issue,Low,2025-04-04 08:56:00,4.7
EV202368,FL003768,Cleaning Issue,Medium,2025-03-16 18:11:00,6.6
EV202369,FL007336,Technical Defect,Low,2025-02-03 20:01:00,1.5
EV202370,FL001077,Baggage Issue,Medium,2025-11-15 14:01:00,3.6
EV202371,FL000895,Delay,Low,2025-04-14 08:46:00,3.0
EV202372,FL002612,Fuel Issue,Low,2025-07-07 11:59:00,1.6
EV202373,FL005974,Delay,Medium,2025-07-19 13:07:00,1.6
EV202374,FL006195,Baggage Issue,Low,2025-02-17 10:36:00,6.5
EV202375,FL006607,Delay,High,2025-09-11 15:23:00,3.3
EV202376,FL005570,Gate Change,Low,2025-03-01 07:43:00,0.9
EV202377,FL002147,Crew Issue,Medium,2025-12-22 13:17:00,5.1
EV202378,FL005403,Technical Defect,Medium,2025-06-27 10:26:00,1.8
EV202379,FL003591,Cleaning Issue,Medium,2025-10-13 15:11:00,3.4
EV202380,FL005602,Delay,Low,2025-07-18 21:28:00,0.2
EV202381,FL004270,Gate Change,High,2025-02-02 20:08:00,1.8
EV202382,FL007649,Fuel Issue,Low,2025-10-20 21:30:00,4.2
EV202383,FL006330,Gate Change,Low,2025-12-01 12:15:00,1.2
EV202384,FL008074,Gate Change,Medium,2025-07-17 12:35:00,0.7
EV202385,FL007180,Technical Defect,Low,2025-11-04 12:46:00,1.8
EV202386,FL004070,Crew Issue,Medium,2025-04-28 09:30:00,4.0
EV202387,FL003226,Technical Defect,Low,2025-03-22 18:06:00,6.1
EV202388,FL002299,Delay,Medium,2025-09-26 05:16:00,5.7
EV202389,FL002862,Delay,Low,2025-11-22 11:05:00,5.2
EV202390,FL001612,Technical Defect,Medium,2025-04-18 08:26:00,8.1
EV202391,FL002886,Delay,Medium,2025-03-26 10:09:00,6.4
EV202392,FL007191,Cleaning Issue,High,2025-03-25 13:57:00,4.3
EV202393,FL001606,Gate Change,Low,2025-07-10 11:10:00,3.5
EV202394,FL007206,Cleaning Issue,Medium,2025-09-02 11:29:00,3.1
EV202395,FL000457,Baggage Issue,Medium,2025-10-07 19:53:00,2.1
EV202396,FL001344,Fuel Issue,Low,2025-02-24 16:33:00,2.7
EV202397,FL007303,Delay,Medium,2025-02-06 15:20:00,1.5
EV202398,FL004328,Baggage Issue,Medium,2025-09-17 06:46:00,5.0
EV202399,FL002563,Delay,Low,2025-09-15 05:43:00,1.0
EV202400,FL001587,Delay,Medium,2025-06-01 06:25:00,5.3
EV202401,FL000092,Delay,Medium,2025-07-07 10:36:00,14.0
EV202402,FL001690,Baggage Issue,Low,2025-03-06 05:55:00,0.7
EV202403,FL001193,Baggage Issue,Medium,2025-07-05 12:00:00,5.0
EV202404,FL005639,Delay,Medium,2025-04-26 19:05:00,2.0
EV202405,FL007742,Fuel Issue,High,2025-08-14 05:07:00,6.4
EV202406,FL002057,Cleaning Issue,Medium,2025-12-17 12:19:00,3.7
EV202407,FL000502,Crew Issue,Low,2025-01-28 21:55:00,0.9
EV202408,FL008158,Baggage Issue,Medium,2025-11-30 15:31:00,3.1
EV202409,FL005685,Gate Change,Medium,2025-02-17 08:32:00,3.8
EV202410,FL003255,Technical Defect,High,2025-03-04 21:41:00,2.3
EV202411,FL006415,Technical Defect,Medium,2025-03-08 21:51:00,3.4
EV202412,FL005721,Delay,Low,2025-01-08 14:00:00,2.2
EV202413,FL006146,Cleaning Issue,Medium,2025-02-25 05:05:00,2.3
EV202414,FL001390,Gate Change,Low,2025-10-17 15:29:00,0.3
EV202415,FL002739,Technical Defect,Low,2025-06-13 07:10:00,0.6
EV202416,FL004279,Delay,Medium,2025-06-08 15:59:00,0.7
EV202417,FL005254,Technical Defect,Medium,2025-08-07 15:40:00,1.5
EV202418,FL004567,Delay,Low,2025-03-24 08:22:00,0.6
EV202419,FL002315,Crew Issue,Low,2025-02-19 20:50:00,0.9
EV202420,FL003044,Crew Issue,Low,2025-05-11 08:24:00,3.4
EV202421,FL003422,Crew Issue,Medium,2025-09-29 11:35:00,4.7
EV202422,FL000619,Baggage Issue,Medium,2025-02-27 13:32:00,2.3
EV202423,FL006826,Fuel Issue,High,2025-11-05 16:50:00,3.3
EV202424,FL005329,Delay,Low,2025-01-04 09:11:00,3.5
EV202425,FL004983,Gate Change,Medium,2025-02-06 06:17:00,10.5
EV202426,FL006291,Gate Change,Low,2025-05-01 21:51:00,0.6
EV202427,FL003849,Cleaning Issue,High,2025-03-04 21:41:00,2.6
EV202428,FL004833,Technical Defect,Medium,2025-06-08 14:49:00,0.6
EV202429,FL005643,Delay,Low,2025-05-15 10:41:00,3.4
EV202430,FL005338,Delay,Medium,2025-07-02 19:09:00,1.0
EV202431,FL006081,Cleaning Issue,High,2025-08-28 18:37:00,1.9
EV202432,FL000568,Delay,Low,2025-03-22 18:06:00,0.6
EV202433,FL007640,Delay,Low,2025-02-01 07:36:00,2.2
EV202434,FL004333,Fuel Issue,Medium,2025-01-19 10:20:00,2.4
EV202435,FL006312,Cleaning Issue,Low,2025-05-07 05:59:00,2.3
EV202436,FL000329,Gate Change,Low,2025-10-18 08:52:00,5.1
EV202437,FL003933,Delay,Low,2025-12-28 14:07:00,3.1
EV202438,FL003733,Technical Defect,Low,2025-10-12 07:03:00,1.5
EV202439,FL001791,Delay,Medium,2025-07-09 05:15:00,2.8
EV202440,FL007336,Delay,Critical,2025-07-07 06:49:00,1.6
EV202441,FL003865,Technical Defect,Low,2025-03-06 06:42:00,0.9
EV202442,FL007330,Fuel Issue,High,2025-04-23 13:32:00,1.6
EV202443,FL003614,Delay,Medium,2025-08-11 07:46:00,1.2
EV202444,FL004863,Baggage Issue,Low,2025-01-09 09:11:00,4.8
EV202445,FL004921,Delay,Medium,2025-05-10 15:28:00,7.0
EV202446,FL005207,Delay,Low,2025-08-25 07:41:00,2.8
EV202447,FL005138,Delay,Low,2025-11-20 10:05:00,1.1
EV202448,FL006590,Delay,Low,2025-11-05 12:45:00,8.1
EV202449,FL001782,Delay,Medium,2025-12-12 13:41:00,13.3
EV202450,FL005882,Delay,Medium,2025-08-22 15:30:00,0.4
EV202451,FL006622,Delay,Low,2025-03-29 15:14:00,2.5
EV202452,FL006733,Technical Defect,Low,2025-03-25 05:23:00,1.3
EV202453,FL003395,Delay,Medium,2025-12-01 12:12:00,0.6
EV202454,FL003451,Delay,High,2025-09-09 11:36:00,3.7
EV202455,FL006467,Crew Issue,Low,2025-10-10 16:19:00,1.1
EV202456,FL004227,Crew Issue,Medium,2025-07-03 15:27:00,1.0
EV202457,FL000129,Technical Defect,Medium,2025-02-27 09:43:00,6.2
EV202458,FL006171,Cleaning Issue,Medium,2025-08-04 09:28:00,2.6
EV202459,FL006324,Delay,High,2025-10-28 10:56:00,5.1
EV202460,FL004195,Crew Issue,Low,2025-04-01 16:45:00,7.0
EV202461,FL004512,Technical Defect,Low,2025-03-08 14:09:00,13.6
EV202462,FL004350,Technical Defect,Low,2025-06-13 16:07:00,2.8
EV202463,FL003477,Delay,High,2025-01-04 06:19:00,7.7
EV202464,FL005731,Delay,Low,2025-02-06 13:23:00,4.6
EV202465,FL001172,Baggage Issue,High,2025-10-11 12:34:00,3.5
EV202466,FL002370,Delay,Low,2025-11-11 09:49:00,3.4
EV202467,FL007284,Cleaning Issue,Medium,2025-05-07 20:55:00,3.8
EV202468,FL006590,Delay,Medium,2025-01-26 05:58:00,2.7
EV202469,FL000437,Technical Defect,High,2025-12-02 08:08:00,0.7
EV202470,FL001410,Technical Defect,Low,2025-11-30 19:19:00,1.3
EV202471,FL000934,Cleaning Issue,Medium,2025-06-11 18:41:00,0.2
EV202472,FL007868,Delay,High,2025-12-10 09:24:00,4.3
EV202473,FL006950,Technical Defect,High,2025-08-11 13:05:00,0.6
EV202474,FL004717,Baggage Issue,Critical,2025-09-04 17:46:00,1.0
EV202475,FL005657,Delay,High,2025-09-29 07:48:00,1.3
EV202476,FL005071,Gate Change,Low,2025-04-04 05:15:00,2.8
EV202477,FL006933,Delay,Low,2025-11-04 05:12:00,4.5
EV202478,FL007564,Cleaning Issue,Medium,2025-02-26 12:22:00,3.8
EV202479,FL007983,Fuel Issue,Low,2025-03-08 10:57:00,5.6
EV202480,FL002804,Delay,High,2025-02-10 07:31:00,6.1
EV202481,FL002794,Crew Issue,Medium,2025-03-18 07:37:00,4.0
EV202482,FL000943,Delay,Low,2025-10-09 18:52:00,2.0
EV202483,FL006646,Cleaning Issue,High,2025-11-20 13:43:00,0.6
EV202484,FL003440,Delay,Low,2025-02-12 19:31:00,1.7
EV202485,FL000316,Technical Defect,Medium,2025-04-18 12:30:00,1.2
EV202486,FL006806,Fuel Issue,Medium,2025-03-31 11:55:00,3.0
EV202487,FL007489,Delay,High,2025-08-21 18:24:00,5.6
EV202488,FL007023,Cleaning Issue,Medium,2025-11-09 15:35:00,1.7
EV202489,FL005232,Baggage Issue,Low,2025-01-26 18:12:00,12.6
EV202490,FL007176,Technical Defect,Low,2025-05-05 15:12:00,1.2
EV202491,FL007420,Delay,Medium,2025-08-31 09:30:00,2.3
EV202492,FL004470,Baggage Issue,Medium,2025-11-26 11:24:00,1.1
EV202493,FL004633,Gate Change,Low,2025-03-11 06:28:00,1.5
EV202494,FL002652,Technical Defect,Medium,2025-07-04 13:20:00,3.3
EV202495,FL005184,Technical Defect,Medium,2025-10-18 07:18:00,2.8
EV202496,FL008190,Gate Change,Low,2025-10-31 17:49:00,4.3
EV202497,FL007639,Technical Defect,Low,2025-09-28 09:30:00,4.4
EV202498,FL006953,Baggage Issue,Low,2025-10-08 10:41:00,5.8
EV202499,FL002484,Technical Defect,Medium,2025-08-03 12:20:00,3.6
EV202500,FL006218,Cleaning Issue,High,2025-01-10 18:09:00,2.1
EV202501,FL002830,Gate Change,Low,2025-02-25 08:00:00,2.3
EV202502,FL000145,Delay,Medium,2025-10-21 09:14:00,3.3
EV202503,FL006996,Cleaning Issue,High,2025-04-09 06:53:00,2.7
EV202504,FL002497,Cleaning Issue,Medium,2025-09-12 06:42:00,3.2
EV202505,FL007927,Cleaning Issue,High,2025-01-15 20:43:00,0.7
EV202506,FL004488,Delay,Low,2025-08-06 09:35:00,2.0
EV202507,FL005485,Technical Defect,Medium,2025-04-26 13:43:00,0.3
EV202508,FL004730,Delay,Medium,2025-08-03 20:02:00,8.6
EV202509,FL003533,Fuel Issue,Low,2025-05-19 06:51:00,2.9
EV202510,FL007463,Baggage Issue,Medium,2025-10-02 11:06:00,4.8
EV202511,FL000913,Delay,Medium,2025-06-19 21:59:00,5.0
EV202512,FL001331,Delay,Low,2025-10-12 12:05:00,6.9
EV202513,FL004989,Fuel Issue,Medium,2025-12-30 11:34:00,3.2
EV202514,FL007948,Technical Defect,Medium,2025-06-03 19:37:00,1.6
EV202515,FL006771,Gate Change,Low,2025-09-21 12:03:00,3.3
EV202516,FL005805,Delay,Low,2025-06-18 17:55:00,5.5
EV202517,FL000903,Delay,High,2025-05-24 11:39:00,1.6
EV202518,FL000479,Technical Defect,Critical,2025-09-09 07:56:00,2.2
EV202519,FL002387,Delay,Low,2025-11-04 06:52:00,1.5
EV202520,FL005871,Delay,Medium,2025-04-25 08:53:00,2.6
EV202521,FL000836,Technical Defect,Medium,2025-05-14 17:39:00,4.8
EV202522,FL002913,Delay,Medium,2025-05-31 19:13:00,3.4
EV202523,FL002784,Cleaning Issue,Low,2025-05-13 06:20:00,1.6
EV202524,FL001250,Gate Change,Low,2025-03-14 20:50:00,4.9
EV202525,FL004742,Delay,Low,2025-01-23 11:37:00,1.1
EV202526,FL001956,Delay,Low,2025-04-17 11:24:00,9.2
EV202527,FL001068,Technical Defect,Low,2025-09-25 05:08:00,8.0
EV202528,FL003559,Technical Defect,Low,2025-12-02 17:02:00,9.8
EV202529,FL003890,Baggage Issue,Low,2025-03-17 16:56:00,1.6
EV202530,FL001684,Crew Issue,Low,2025-05-27 17:45:00,1.1
EV202531,FL000112,Gate Change,Low,2025-03-29 21:35:00,6.4
EV202532,FL000587,Technical Defect,Critical,2025-11-09 15:35:00,7.7
EV202533,FL006770,Delay,Low,2025-05-07 11:12:00,3.9
EV202534,FL006745,Delay,High,2025-02-13 21:14:00,9.9
EV202535,FL005551,Delay,Medium,2025-10-27 08:16:00,1.1
EV202536,FL002193,Technical Defect,Medium,2025-02-28 12:09:00,6.4
EV202537,FL005332,Delay,Low,2025-11-10 16:37:00,4.1
EV202538,FL007570,Delay,High,2025-07-16 07:31:00,0.9
EV202539,FL006964,Delay,Low,2025-07-20 20:30:00,7.0
EV202540,FL005821,Fuel Issue,Low,2025-06-22 20:06:00,0.9
EV202541,FL001141,Delay,Low,2025-12-03 21:02:00,5.2
EV202542,FL003660,Baggage Issue,Low,2025-03-10 13:26:00,7.0
EV202543,FL007949,Fuel Issue,Low,2025-06-06 17:10:00,0.5
EV202544,FL006392,Fuel Issue,High,2025-01-23 19:09:00,6.9
EV202545,FL000386,Fuel Issue,Medium,2025-08-09 08:14:00,2.6
EV202546,FL007231,Baggage Issue,High,2025-08-20 17:38:00,2.3
EV202547,FL003661,Delay,Medium,2025-12-05 08:43:00,2.0
EV202548,FL001245,Technical Defect,Low,2025-08-27 07:48:00,4.2
EV202549,FL000016,Technical Defect,Medium,2025-07-09 12:57:00,1.6
EV202550,FL003337,Gate Change,Low,2025-09-07 20:30:00,9.1
EV202551,FL007564,Technical Defect,High,2025-06-18 11:45:00,7.6
EV202552,FL004983,Delay,Medium,2025-12-12 10:09:00,3.9
EV202553,FL003922,Delay,Low,2025-01-11 11:39:00,4.1
EV202554,FL004264,Technical Defect,Medium,2025-05-10 20:00:00,0.5
EV202555,FL002247,Fuel Issue,Medium,2025-11-17 10:30:00,2.0
EV202556,FL000153,Baggage Issue,High,2025-08-29 18:24:00,1.3
EV202557,FL003647,Delay,Medium,2025-03-12 17:17:00,3.2
EV202558,FL001510,Cleaning Issue,Medium,2025-09-26 19:18:00,2.2
EV202559,FL007813,Baggage Issue,Medium,2025-06-16 16:17:00,2.8
EV202560,FL002060,Fuel Issue,Low,2025-08-11 07:46:00,3.6
EV202561,FL001892,Fuel Issue,Low,2025-10-17 16:59:00,0.5
EV202562,FL003700,Baggage Issue,Medium,2025-09-30 06:43:00,1.5
EV202563,FL002836,Cleaning Issue,High,2025-07-06 18:25:00,5.3
EV202564,FL004968,Technical Defect,Medium,2025-10-17 10:17:00,2.2
EV202565,FL000086,Crew Issue,High,2025-10-12 07:03:00,4.7
EV202566,FL007992,Delay,Medium,2025-07-14 19:15:00,8.7
EV202567,FL001803,Cleaning Issue,Medium,2025-11-01 10:17:00,5.9
EV202568,FL005452,Crew Issue,Low,2025-06-03 09:26:00,0.8
EV202569,FL007264,Delay,Medium,2025-11-08 10:34:00,0.3
EV202570,FL000388,Gate Change,Low,2025-10-05 20:32:00,3.3
EV202571,FL003938,Delay,Medium,2025-01-30 21:01:00,1.6
EV202572,FL004879,Gate Change,Medium,2025-06-14 14:50:00,3.2
EV202573,FL000812,Crew Issue,Medium,2025-03-19 08:11:00,1.7
EV202574,FL005424,Technical Defect,High,2025-03-21 05:50:00,0.8
EV202575,FL006831,Crew Issue,Medium,2025-11-27 11:55:00,6.6
EV202576,FL001048,Crew Issue,Medium,2025-10-19 12:36:00,3.5
EV202577,FL006954,Cleaning Issue,Medium,2025-04-08 21:46:00,1.9
EV202578,FL003857,Cleaning Issue,Low,2025-08-14 16:31:00,12.6
EV202579,FL008035,Delay,Low,2025-09-15 09:11:00,0.1
EV202580,FL002355,Delay,Low,2025-02-28 18:36:00,1.3
EV202581,FL000503,Delay,High,2025-07-12 13:37:00,6.9
EV202582,FL005409,Technical Defect,Low,2025-08-26 12:31:00,1.4
EV202583,FL003615,Delay,Critical,2025-12-08 11:49:00,2.2
EV202584,FL005222,Technical Defect,Low,2025-06-21 07:22:00,6.3
EV202585,FL007271,Fuel Issue,Medium,2025-04-05 10:11:00,2.2
EV202586,FL007085,Crew Issue,Medium,2025-07-01 14:06:00,4.7
EV202587,FL000977,Gate Change,Low,2025-10-21 13:08:00,4.0
EV202588,FL000549,Delay,Medium,2025-03-02 15:18:00,8.5
EV202589,FL002978,Delay,Medium,2025-05-30 17:10:00,3.1
EV202590,FL001088,Delay,Low,2025-02-10 19:41:00,2.5
EV202591,FL007438,Delay,Low,2025-03-31 05:51:00,9.5
EV202592,FL004505,Crew Issue,Medium,2025-02-04 05:13:00,2.0
EV202593,FL000757,Cleaning Issue,Medium,2025-06-28 05:07:00,4.7
EV202594,FL004567,Fuel Issue,Critical,2025-09-10 12:05:00,3.2
EV202595,FL005960,Cleaning Issue,Low,2025-07-16 09:06:00,5.6
EV202596,FL006355,Delay,Low,2025-02-12 16:43:00,3.1
EV202597,FL007800,Technical Defect,Medium,2025-02-11 15:29:00,2.3
EV202598,FL005076,Delay,Medium,2025-06-13 09:46:00,6.4
EV202599,FL004945,Delay,Low,2025-03-13 09:59:00,2.9
EV202600,FL000475,Delay,Low,2025-02-25 10:39:00,5.8
EV202601,FL007222,Baggage Issue,Low,2025-11-27 07:29:00,8.0
EV202602,FL006364,Technical Defect,Low,2025-05-15 05:03:00,6.1
EV202603,FL006567,Cleaning Issue,Low,2025-08-30 08:12:00,0.9
EV202604,FL007995,Delay,Low,2025-06-09 19:59:00,2.3
EV202605,FL006625,Baggage Issue,Low,2025-09-14 09:02:00,2.8
EV202606,FL003544,Gate Change,Medium,2025-05-05 17:58:00,5.3
EV202607,FL005172,Crew Issue,Low,2025-05-10 11:07:00,3.3
EV202608,FL007265,Technical Defect,Medium,2025-11-13 19:36:00,7.8
EV202609,FL000577,Delay,High,2025-07-16 09:42:00,1.9
EV202610,FL001220,Technical Defect,Low,2025-10-05 10:36:00,6.3
EV202611,FL003282,Delay,Low,2025-01-14 08:49:00,4.1
EV202612,FL005419,Delay,Low,2025-05-02 16:11:00,2.3
EV202613,FL006846,Delay,Low,2025-02-22 13:55:00,4.1
EV202614,FL002532,Baggage Issue,Low,2025-01-13 15:36:00,11.9
EV202615,FL001672,Cleaning Issue,High,2025-12-22 13:04:00,3.8
EV202616,FL001552,Delay,Low,2025-10-23 06:51:00,2.9
EV202617,FL002469,Technical Defect,Low,2025-03-20 14:49:00,4.7
EV202618,FL000496,Delay,Low,2025-04-11 12:57:00,3.4
EV202619,FL004213,Delay,Low,2025-06-28 09:23:00,2.2
EV202620,FL007075,Technical Defect,Low,2025-04-21 19:35:00,2.6
EV202621,FL003471,Crew Issue,High,2025-12-06 10:42:00,0.1
EV202622,FL003993,Delay,Low,2025-06-25 05:55:00,10.8
EV202623,FL006715,Delay,Medium,2025-08-26 13:07:00,6.4
EV202624,FL000105,Cleaning Issue,Low,2025-09-13 07:43:00,0.5
EV202625,FL007996,Baggage Issue,Medium,2025-03-03 06:40:00,1.6
EV202626,FL001677,Delay,Critical,2025-07-14 17:19:00,2.3
EV202627,FL000877,Delay,Low,2025-06-13 21:21:00,4.4
EV202628,FL004856,Cleaning Issue,Medium,2025-09-24 07:03:00,4.8
EV202629,FL000150,Cleaning Issue,Medium,2025-06-18 08:49:00,2.7
EV202630,FL003680,Baggage Issue,Low,2025-01-21 21:36:00,1.8
EV202631,FL006361,Delay,Low,2025-06-23 15:33:00,0.8
EV202632,FL005649,Crew Issue,Low,2025-11-04 07:58:00,4.7
EV202633,FL000613,Technical Defect,Low,2025-11-03 19:14:00,1.5
EV202634,FL005980,Delay,Low,2025-04-02 19:43:00,4.6
EV202635,FL001971,Delay,Medium,2025-07-21 21:54:00,7.8
EV202636,FL001511,Delay,Low,2025-08-24 09:43:00,3.6
EV202637,FL002870,Delay,Medium,2025-10-06 17:45:00,1.2
EV202638,FL003655,Gate Change,Low,2025-04-25 13:31:00,0.1
EV202639,FL002453,Crew Issue,Low,2025-05-14 15:49:00,0.8
EV202640,FL004373,Cleaning Issue,Low,2025-11-14 17:25:00,7.2
EV202641,FL005329,Cleaning Issue,Medium,2025-09-11 11:54:00,12.7
EV202642,FL000634,Crew Issue,Low,2025-02-23 17:06:00,0.9
EV202643,FL002275,Delay,Medium,2025-06-06 18:44:00,4.0
EV202644,FL002526,Technical Defect,Medium,2025-01-11 16:34:00,5.3
EV202645,FL004989,Delay,Low,2025-10-07 06:33:00,6.6
EV202646,FL002114,Baggage Issue,Low,2025-05-06 15:54:00,17.1
EV202647,FL005716,Delay,High,2025-09-25 21:50:00,0.3
EV202648,FL005966,Baggage Issue,Low,2025-12-10 17:04:00,1.5
EV202649,FL000179,Delay,Medium,2025-05-05 10:39:00,1.2
EV202650,FL005188,Baggage Issue,Medium,2025-12-28 07:14:00,8.6
EV202651,FL003018,Crew Issue,Medium,2025-05-10 15:28:00,5.4
EV202652,FL002400,Delay,Medium,2025-04-30 16:12:00,8.0
EV202653,FL000422,Cleaning Issue,Low,2025-10-27 15:46:00,1.2
EV202654,FL003991,Delay,Medium,2025-01-18 07:46:00,9.6
EV202655,FL006289,Delay,High,2025-08-06 12:09:00,4.4
EV202656,FL001279,Gate Change,Medium,2025-03-02 10:56:00,1.5
EV202657,FL000481,Technical Defect,Low,2025-08-12 08:47:00,4.0
EV202658,FL001150,Fuel Issue,High,2025-04-12 20:18:00,4.7
EV202659,FL007076,Technical Defect,Medium,2025-12-16 21:47:00,4.1
EV202660,FL001698,Delay,Medium,2025-04-25 17:00:00,6.9
EV202661,FL006962,Gate Change,Medium,2025-03-25 17:05:00,3.7
EV202662,FL001560,Fuel Issue,Medium,2025-10-02 12:55:00,2.6
EV202663,FL004245,Delay,Medium,2025-07-09 13:48:00,1.4
EV202664,FL003663,Delay,Medium,2025-08-30 20:11:00,5.1
EV202665,FL007745,Fuel Issue,High,2025-03-15 11:59:00,4.9
EV202666,FL002241,Fuel Issue,High,2025-04-09 06:39:00,1.8
EV202667,FL003011,Fuel Issue,High,2025-03-31 11:55:00,3.8
EV202668,FL003668,Delay,High,2025-10-01 05:23:00,2.2
EV202669,FL002486,Crew Issue,Low,2025-08-10 10:37:00,1.9
EV202670,FL001374,Delay,Low,2025-04-30 16:57:00,10.0
EV202671,FL000938,Baggage Issue,Low,2025-02-12 10:02:00,1.8
EV202672,FL004873,Delay,Medium,2025-08-09 07:08:00,10.1
EV202673,FL005977,Technical Defect,Medium,2025-02-24 17:35:00,4.9
EV202674,FL001395,Cleaning Issue,Critical,2025-12-16 12:20:00,5.3
EV202675,FL003494,Delay,Medium,2025-04-01 12:22:00,1.5
EV202676,FL005803,Delay,Medium,2025-05-11 20:10:00,8.4
EV202677,FL008039,Baggage Issue,High,2025-07-04 08:45:00,1.3
EV202678,FL001072,Crew Issue,High,2025-04-01 09:54:00,3.9
EV202679,FL007149,Technical Defect,Low,2025-12-16 19:35:00,13.5
EV202680,FL003172,Crew Issue,Medium,2025-08-04 21:17:00,3.1
EV202681,FL004211,Cleaning Issue,Critical,2025-09-05 12:54:00,2.1
EV202682,FL000542,Baggage Issue,Medium,2025-02-10 19:05:00,2.3
EV202683,FL003710,Technical Defect,Low,2025-08-26 13:07:00,2.2
EV202684,FL002349,Baggage Issue,Low,2025-10-09 10:24:00,1.7
EV202685,FL001934,Delay,Medium,2025-05-15 13:04:00,6.5
EV202686,FL007183,Delay,Medium,2025-10-07 11:37:00,5.0
EV202687,FL001254,Delay,High,2025-02-03 15:27:00,3.1
EV202688,FL001937,Technical Defect,Low,2025-08-23 05:21:00,3.8
EV202689,FL001987,Delay,High,2025-10-17 18:51:00,0.6
EV202690,FL006368,Delay,Critical,2025-07-29 21:01:00,0.4
EV202691,FL004524,Technical Defect,Medium,2025-01-14 10:11:00,4.2
EV202692,FL003760,Fuel Issue,Medium,2025-06-21 11:11:00,1.7
EV202693,FL001166,Delay,Low,2025-09-27 07:28:00,6.9
EV202694,FL003246,Cleaning Issue,Low,2025-02-06 21:05:00,1.3
EV202695,FL007263,Delay,Low,2025-05-13 16:28:00,0.2
EV202696,FL004096,Technical Defect,Low,2025-09-28 19:14:00,0.8
EV202697,FL007949,Fuel Issue,Low,2025-06-23 07:20:00,4.1
EV202698,FL000373,Delay,Medium,2025-06-15 05:45:00,0.8
EV202699,FL002189,Gate Change,Low,2025-07-08 17:33:00,3.3
EV202700,FL001248,Crew Issue,Critical,2025-07-20 21:16:00,0.7
EV202701,FL005294,Gate Change,High,2025-04-02 13:31:00,1.9
EV202702,FL000855,Delay,Low,2025-02-07 10:41:00,3.1
EV202703,FL003370,Gate Change,High,2025-08-31 16:05:00,4.6
EV202704,FL000315,Delay,Medium,2025-10-21 17:20:00,1.6
EV202705,FL004299,Technical Defect,High,2025-04-13 13:30:00,2.2
EV202706,FL001535,Delay,Medium,2025-04-17 13:36:00,1.3
EV202707,FL006329,Crew Issue,Low,2025-02-23 08:52:00,1.9
EV202708,FL003788,Crew Issue,Medium,2025-04-01 12:04:00,2.9
EV202709,FL005004,Delay,Medium,2025-05-12 15:34:00,3.7
EV202710,FL001555,Baggage Issue,High,2025-10-21 16:19:00,4.6
EV202711,FL005465,Crew Issue,Medium,2025-11-01 06:56:00,3.5
EV202712,FL000277,Technical Defect,Medium,2025-11-21 05:07:00,1.4
EV202713,FL001193,Cleaning Issue,Medium,2025-06-01 07:28:00,3.0
EV202714,FL006720,Delay,High,2025-02-26 10:59:00,9.4
EV202715,FL001967,Delay,Medium,2025-12-17 19:46:00,0.9
EV202716,FL006041,Delay,Medium,2025-01-31 21:03:00,3.9
EV202717,FL007103,Cleaning Issue,Low,2025-01-14 12:18:00,8.4
EV202718,FL001071,Baggage Issue,Critical,2025-10-05 21:28:00,2.7
EV202719,FL007964,Delay,High,2025-01-07 16:05:00,3.7
EV202720,FL006693,Technical Defect,Medium,2025-07-20 20:54:00,2.6
EV202721,FL004560,Delay,High,2025-11-23 06:25:00,4.8
EV202722,FL002619,Fuel Issue,Medium,2025-12-09 19:57:00,3.4
EV202723,FL001705,Technical Defect,Medium,2025-03-13 17:30:00,1.9
EV202724,FL001887,Delay,High,2025-03-05 13:11:00,1.4
EV202725,FL004200,Delay,Low,2025-03-23 18:15:00,6.8
EV202726,FL001245,Gate Change,Medium,2025-06-14 05:53:00,1.1
EV202727,FL003902,Delay,High,2025-10-12 15:43:00,5.5
EV202728,FL004167,Cleaning Issue,High,2025-03-16 16:08:00,1.4
EV202729,FL005448,Cleaning Issue,Medium,2025-03-09 08:27:00,2.5
EV202730,FL000059,Technical Defect,Low,2025-06-03 11:20:00,13.6
EV202731,FL002692,Baggage Issue,High,2025-08-12 08:42:00,0.6
EV202732,FL001097,Delay,Low,2025-04-21 08:00:00,4.8
EV202733,FL007233,Delay,Medium,2025-01-16 15:18:00,8.2
EV202734,FL006896,Delay,Medium,2025-12-08 19:34:00,1.9
EV202735,FL008037,Gate Change,High,2025-11-16 10:04:00,4.3
EV202736,FL007430,Delay,Low,2025-06-22 06:36:00,3.5
EV202737,FL007484,Baggage Issue,Medium,2025-07-27 10:04:00,3.9
EV202738,FL002679,Baggage Issue,Medium,2025-05-07 20:55:00,2.9
EV202739,FL008122,Cleaning Issue,Medium,2025-06-13 05:09:00,1.8
EV202740,FL000019,Crew Issue,Medium,2025-10-13 15:11:00,7.9
EV202741,FL001132,Gate Change,Low,2025-05-13 12:55:00,6.1
EV202742,FL002460,Technical Defect,Medium,2025-10-17 07:23:00,1.9
EV202743,FL002068,Cleaning Issue,Low,2025-04-26 06:31:00,3.9
EV202744,FL006517,Delay,Critical,2025-03-25 10:05:00,3.4
EV202745,FL006285,Delay,Low,2025-04-08 14:52:00,2.4
EV202746,FL001363,Baggage Issue,Critical,2025-06-23 16:51:00,3.1
EV202747,FL003831,Cleaning Issue,Low,2025-12-22 20:37:00,4.6
EV202748,FL000767,Delay,Medium,2025-08-27 19:09:00,3.2
EV202749,FL007892,Cleaning Issue,Medium,2025-04-23 06:30:00,0.9
EV202750,FL005794,Technical Defect,Medium,2025-02-17 10:40:00,1.2
EV202751,FL001223,Baggage Issue,Medium,2025-03-30 19:31:00,5.3
EV202752,FL006309,Baggage Issue,Medium,2025-05-23 09:32:00,0.6
EV202753,FL002526,Gate Change,Low,2025-06-16 20:48:00,3.3
EV202754,FL001897,Cleaning Issue,Medium,2025-03-27 05:13:00,4.4
EV202755,FL005306,Delay,Medium,2025-04-06 10:00:00,3.4
EV202756,FL001824,Crew Issue,Medium,2025-03-09 19:42:00,0.9
EV202757,FL003366,Gate Change,Medium,2025-04-11 09:52:00,0.3
EV202758,FL007249,Crew Issue,Medium,2025-11-01 08:10:00,0.6
EV202759,FL002974,Fuel Issue,Low,2025-04-09 19:24:00,3.6
EV202760,FL001237,Technical Defect,Medium,2025-03-15 19:25:00,0.3
EV202761,FL004531,Delay,Medium,2025-02-21 09:42:00,2.4
EV202762,FL001187,Crew Issue,Low,2025-01-20 07:38:00,5.3
EV202763,FL006611,Delay,Low,2025-11-19 07:10:00,5.6
EV202764,FL006074,Delay,Low,2025-10-02 13:06:00,2.4
EV202765,FL003557,Gate Change,High,2025-03-10 15:55:00,4.7
EV202766,FL004418,Delay,Medium,2025-04-03 06:45:00,1.3
EV202767,FL000283,Fuel Issue,Low,2025-01-08 07:35:00,5.1
EV202768,FL005262,Delay,High,2025-01-13 18:23:00,4.8
EV202769,FL006423,Delay,Medium,2025-10-11 08:55:00,2.6
EV202770,FL007424,Crew Issue,Medium,2025-05-17 14:33:00,1.4
EV202771,FL005929,Delay,High,2025-06-14 06:23:00,2.4
EV202772,FL002374,Baggage Issue,Medium,2025-10-13 12:40:00,3.2
EV202773,FL004154,Delay,Medium,2025-05-10 15:47:00,6.2
EV202774,FL002650,Baggage Issue,Medium,2025-12-21 12:49:00,2.0
EV202775,FL004955,Technical Defect,Low,2025-07-14 20:40:00,4.6
EV202776,FL007151,Crew Issue,Medium,2025-03-11 11:35:00,2.0
EV202777,FL003026,Delay,Low,2025-07-22 21:02:00,4.5
EV202778,FL006540,Cleaning Issue,Low,2025-04-27 09:07:00,1.7
EV202779,FL000870,Technical Defect,Medium,2025-05-21 15:49:00,7.9
EV202780,FL005872,Technical Defect,Low,2025-08-31 21:01:00,6.5
EV202781,FL006549,Delay,Low,2025-11-06 16:41:00,2.8
EV202782,FL006430,Delay,Critical,2025-07-03 20:22:00,0.7
EV202783,FL003230,Delay,Low,2025-11-03 07:05:00,1.8
EV202784,FL006087,Delay,High,2025-05-18 09:10:00,3.6
EV202785,FL008094,Gate Change,Medium,2025-05-14 19:49:00,6.5
EV202786,FL000524,Crew Issue,Low,2025-11-02 06:33:00,1.2
EV202787,FL008028,Delay,Low,2025-03-24 21:38:00,4.8
EV202788,FL002961,Delay,Medium,2025-03-02 06:50:00,3.5
EV202789,FL002624,Delay,Low,2025-06-26 10:45:00,2.0
EV202790,FL000864,Technical Defect,Medium,2025-02-14 09:38:00,2.9
EV202791,FL001602,Delay,Low,2025-02-27 14:55:00,1.4
EV202792,FL004237,Delay,Low,2025-08-18 10:37:00,4.3
EV202793,FL006238,Technical Defect,Medium,2025-04-14 07:55:00,3.2
EV202794,FL005951,Gate Change,Low,2025-02-15 09:10:00,1.8
EV202795,FL006280,Delay,Low,2025-05-20 18:59:00,9.1
EV202796,FL005981,Crew Issue,Medium,2025-11-05 10:32:00,4.5
EV202797,FL000261,Gate Change,Medium,2025-05-20 19:07:00,4.3
EV202798,FL003714,Crew Issue,High,2025-04-25 10:54:00,2.8
EV202799,FL004413,Delay,Medium,2025-03-09 10:52:00,3.2
EV202800,FL000402,Technical Defect,High,2025-04-20 19:12:00,1.1
EV202801,FL002331,Cleaning Issue,Medium,2025-07-05 17:30:00,2.0
EV202802,FL002333,Gate Change,High,2025-05-22 07:31:00,5.2
EV202803,FL000411,Delay,Low,2025-08-12 13:05:00,5.0
EV202804,FL003691,Baggage Issue,Medium,2025-06-11 06:32:00,1.1
EV202805,FL003535,Crew Issue,High,2025-08-11 15:08:00,1.4
EV202806,FL004456,Cleaning Issue,High,2025-10-31 14:26:00,4.6
EV202807,FL001094,Gate Change,High,2025-10-20 15:54:00,4.6
EV202808,FL008002,Gate Change,Medium,2025-12-26 05:14:00,1.4
EV202809,FL002327,Delay,Medium,2025-01-29 06:27:00,5.3
EV202810,FL005074,Gate Change,Low,2025-04-05 08:08:00,1.5
EV202811,FL004653,Delay,Low,2025-02-27 20:19:00,2.5
EV202812,FL000056,Fuel Issue,Medium,2025-09-25 21:50:00,2.7
EV202813,FL002037,Baggage Issue,Low,2025-06-09 11:09:00,5.0
EV202814,FL005741,Baggage Issue,Low,2025-01-04 19:12:00,6.0
EV202815,FL002983,Baggage Issue,Low,2025-06-25 20:11:00,2.1
EV202816,FL002727,Delay,Medium,2025-07-18 16:12:00,4.1
EV202817,FL005824,Delay,High,2025-03-18 12:03:00,10.4
EV202818,FL006561,Gate Change,Medium,2025-04-27 19:57:00,6.8
EV202819,FL006628,Gate Change,High,2025-04-21 05:46:00,1.2
EV202820,FL003601,Fuel Issue,High,2025-07-12 21:23:00,3.0
EV202821,FL003777,Baggage Issue,Low,2025-02-28 11:05:00,3.6
EV202822,FL005547,Delay,High,2025-06-22 19:31:00,2.7
EV202823,FL004845,Technical Defect,Low,2025-07-17 16:29:00,3.1
EV202824,FL003061,Gate Change,Low,2025-07-13 06:01:00,4.8
EV202825,FL002714,Baggage Issue,Medium,2025-06-23 13:28:00,5.9
EV202826,FL007949,Crew Issue,Medium,2025-09-24 17:24:00,5.6
EV202827,FL007271,Gate Change,Medium,2025-09-08 21:06:00,4.9
EV202828,FL002495,Fuel Issue,Low,2025-06-25 08:54:00,1.1
EV202829,FL000668,Delay,Medium,2025-08-18 17:49:00,4.7
EV202830,FL007838,Crew Issue,High,2025-02-04 18:39:00,1.6
EV202831,FL000801,Delay,High,2025-04-11 12:57:00,1.1
EV202832,FL001922,Fuel Issue,Low,2025-03-27 06:36:00,2.0
EV202833,FL000311,Delay,High,2025-10-05 05:40:00,0.8
EV202834,FL006364,Baggage Issue,Low,2025-05-30 15:24:00,1.7
EV202835,FL000838,Baggage Issue,High,2025-02-25 05:09:00,3.4
EV202836,FL002613,Technical Defect,Low,2025-08-05 17:18:00,6.0
EV202837,FL005165,Delay,High,2025-08-18 17:49:00,5.2
EV202838,FL000439,Crew Issue,Low,2025-11-08 07:57:00,2.5
EV202839,FL008201,Delay,Medium,2025-08-14 07:54:00,2.1
EV202840,FL006409,Delay,High,2025-12-05 20:46:00,0.5
EV202841,FL004942,Baggage Issue,Medium,2025-03-29 07:31:00,8.2
EV202842,FL004607,Baggage Issue,Medium,2025-06-26 18:47:00,6.8
EV202843,FL002094,Delay,Medium,2025-03-14 11:10:00,3.6
EV202844,FL004840,Technical Defect,Medium,2025-06-04 15:51:00,5.8
EV202845,FL006721,Fuel Issue,Low,2025-02-10 20:33:00,3.2
EV202846,FL004117,Technical Defect,Medium,2025-05-15 06:10:00,1.1
EV202847,FL002913,Technical Defect,Medium,2025-08-14 15:34:00,0.7
EV202848,FL002407,Baggage Issue,Low,2025-04-28 09:30:00,3.5
EV202849,FL004879,Delay,Low,2025-05-13 06:01:00,9.9
EV202850,FL007341,Cleaning Issue,Low,2025-08-01 11:12:00,0.1
EV202851,FL003617,Delay,Medium,2025-12-31 09:36:00,3.6
EV202852,FL005462,Baggage Issue,Low,2025-03-13 08:46:00,3.0
EV202853,FL004198,Baggage Issue,Low,2025-08-20 06:47:00,4.0
EV202854,FL004011,Baggage Issue,Medium,2025-12-11 12:38:00,2.8
EV202855,FL000868,Fuel Issue,High,2025-01-04 12:03:00,11.4
EV202856,FL002784,Gate Change,Low,2025-05-24 10:34:00,0.6
EV202857,FL007643,Cleaning Issue,Low,2025-05-17 11:08:00,1.9
EV202858,FL007256,Gate Change,Medium,2025-12-20 11:09:00,2.5
EV202859,FL002509,Cleaning Issue,Low,2025-01-06 14:32:00,0.8
EV202860,FL004841,Delay,Critical,2025-12-24 14:01:00,5.1
EV202861,FL004937,Fuel Issue,High,2025-08-16 20:23:00,2.1
EV202862,FL007247,Baggage Issue,Low,2025-01-11 11:49:00,1.8
EV202863,FL000061,Fuel Issue,Low,2025-11-30 05:58:00,5.3
EV202864,FL002505,Technical Defect,Low,2025-10-12 07:03:00,2.7
EV202865,FL003779,Baggage Issue,High,2025-09-29 11:35:00,1.1
EV202866,FL004264,Technical Defect,Medium,2025-04-18 15:35:00,1.0
EV202867,FL006299,Crew Issue,Low,2025-04-09 19:24:00,2.8
EV202868,FL002801,Baggage Issue,Medium,2025-10-19 08:40:00,6.0
EV202869,FL005031,Fuel Issue,Medium,2025-03-08 15:58:00,1.5
EV202870,FL006960,Technical Defect,Low,2025-06-15 15:51:00,4.0
EV202871,FL002617,Gate Change,Low,2025-11-16 06:17:00,5.5
EV202872,FL004111,Fuel Issue,Medium,2025-12-16 19:21:00,4.7
EV202873,FL005344,Gate Change,Medium,2025-02-14 14:46:00,1.8
EV202874,FL006595,Technical Defect,Medium,2025-10-04 13:01:00,4.7
EV202875,FL006535,Technical Defect,Critical,2025-09-16 16:31:00,5.3
EV202876,FL003338,Crew Issue,Low,2025-11-07 17:38:00,0.7
EV202877,FL001299,Cleaning Issue,Medium,2025-04-01 21:43:00,1.6
EV202878,FL000983,Delay,Medium,2025-10-20 13:31:00,2.5
EV202879,FL000541,Delay,Medium,2025-04-21 05:54:00,1.8
EV202880,FL003958,Delay,High,2025-05-30 07:13:00,0.9
EV202881,FL003792,Delay,Low,2025-01-17 07:06:00,1.1
EV202882,FL002045,Delay,High,2025-09-05 09:34:00,2.3
EV202883,FL003593,Crew Issue,Low,2025-03-05 16:57:00,2.5
EV202884,FL005681,Delay,Low,2025-05-23 13:43:00,4.3
EV202885,FL000385,Technical Defect,High,2025-01-15 10:43:00,2.5
EV202886,FL002068,Fuel Issue,Low,2025-07-18 14:47:00,0.9
EV202887,FL005585,Cleaning Issue,High,2025-07-09 19:42:00,5.1
EV202888,FL001984,Gate Change,Medium,2025-09-01 20:10:00,2.4
EV202889,FL004776,Delay,Medium,2025-06-14 12:48:00,3.5
EV202890,FL006389,Technical Defect,Low,2025-10-06 12:48:00,2.4
EV202891,FL002569,Cleaning Issue,Medium,2025-07-13 13:16:00,1.6
EV202892,FL000831,Cleaning Issue,High,2025-02-19 09:35:00,2.3
EV202893,FL002277,Delay,Low,2025-01-24 14:23:00,4.7
EV202894,FL005271,Cleaning Issue,Medium,2025-03-13 10:42:00,6.3
EV202895,FL002372,Delay,Low,2025-10-21 16:42:00,2.3
EV202896,FL007496,Crew Issue,Low,2025-05-31 09:59:00,3.6
EV202897,FL000933,Cleaning Issue,Medium,2025-02-16 13:35:00,0.6
EV202898,FL003752,Delay,Low,2025-05-24 05:25:00,0.5
EV202899,FL007626,Delay,High,2025-10-31 07:45:00,4.1
EV202900,FL006057,Gate Change,Medium,2025-10-20 19:31:00,4.6
EV202901,FL000495,Technical Defect,Medium,2025-04-28 18:07:00,1.4
EV202902,FL002313,Cleaning Issue,Medium,2025-04-13 06:38:00,1.6
EV202903,FL000357,Technical Defect,High,2025-06-11 14:32:00,7.0
EV202904,FL007872,Fuel Issue,Low,2025-04-20 16:00:00,3.4
EV202905,FL006427,Delay,High,2025-08-26 07:48:00,2.0
EV202906,FL002048,Cleaning Issue,Low,2025-09-03 12:40:00,5.7
EV202907,FL003774,Crew Issue,High,2025-08-09 13:29:00,1.2
EV202908,FL003677,Delay,High,2025-11-06 16:41:00,7.6
EV202909,FL006664,Delay,High,2025-07-25 06:12:00,2.8
EV202910,FL000884,Delay,Low,2025-09-02 06:06:00,1.5
EV202911,FL004187,Gate Change,Low,2025-05-26 21:35:00,8.0
EV202912,FL005990,Fuel Issue,High,2025-03-28 11:13:00,0.7
EV202913,FL007383,Crew Issue,Medium,2025-06-24 19:32:00,1.8
EV202914,FL002873,Gate Change,Medium,2025-08-21 18:00:00,6.4
EV202915,FL002868,Gate Change,Medium,2025-01-24 14:04:00,2.1
EV202916,FL005301,Cleaning Issue,Low,2025-06-22 06:53:00,1.4
EV202917,FL004809,Technical Defect,Medium,2025-03-02 17:44:00,4.8
EV202918,FL007472,Crew Issue,Medium,2025-04-04 13:37:00,3.9
EV202919,FL001807,Delay,Critical,2025-09-24 09:07:00,4.9
EV202920,FL003187,Delay,Medium,2025-05-04 19:38:00,4.3
EV202921,FL003683,Delay,Critical,2025-09-02 15:19:00,5.6
EV202922,FL004269,Cleaning Issue,Low,2025-07-12 07:48:00,3.7
EV202923,FL001091,Crew Issue,Medium,2025-05-04 06:48:00,3.2
EV202924,FL001281,Cleaning Issue,High,2025-06-23 16:22:00,6.6
EV202925,FL004094,Delay,Medium,2025-10-16 14:00:00,10.5
EV202926,FL000702,Delay,Medium,2025-07-21 19:40:00,3.5
EV202927,FL003777,Delay,Low,2025-10-21 16:42:00,1.4
EV202928,FL001332,Technical Defect,Low,2025-04-20 17:45:00,2.3
EV202929,FL000218,Cleaning Issue,Medium,2025-07-11 12:24:00,0.9
EV202930,FL003419,Delay,Medium,2025-04-24 07:46:00,7.3
EV202931,FL000745,Cleaning Issue,High,2025-12-24 12:04:00,2.0
EV202932,FL005277,Delay,Medium,2025-11-17 12:52:00,2.0
EV202933,FL004628,Delay,Medium,2025-04-09 05:28:00,3.3
EV202934,FL001222,Delay,Medium,2025-03-14 10:17:00,1.4
EV202935,FL005887,Delay,Medium,2025-04-19 15:21:00,1.5
EV202936,FL002415,Baggage Issue,Medium,2025-01-23 07:17:00,0.9
EV202937,FL005434,Cleaning Issue,Medium,2025-01-04 13:56:00,1.1
EV202938,FL007764,Cleaning Issue,Medium,2025-01-11 11:49:00,4.0
EV202939,FL005915,Delay,Low,2025-02-25 11:30:00,3.6
EV202940,FL002497,Gate Change,High,2025-09-07 11:45:00,1.9
EV202941,FL003931,Technical Defect,Low,2025-10-25 05:23:00,11.7
EV202942,FL002473,Delay,Low,2025-01-19 21:26:00,3.1
EV202943,FL002797,Gate Change,High,2025-08-17 19:48:00,7.1
EV202944,FL007240,Delay,Medium,2025-07-31 05:13:00,2.4
EV202945,FL005644,Delay,High,2025-03-13 10:05:00,0.6
EV202946,FL004472,Cleaning Issue,Low,2025-08-27 19:44:00,8.9
EV202947,FL002224,Crew Issue,Medium,2025-09-04 17:29:00,10.8
EV202948,FL004288,Crew Issue,Medium,2025-12-15 10:11:00,8.0
EV202949,FL005168,Technical Defect,Medium,2025-03-02 14:51:00,3.5
EV202950,FL005819,Technical Defect,High,2025-01-13 08:55:00,4.0
EV202951,FL000750,Technical Defect,Medium,2025-05-29 16:28:00,2.5
EV202952,FL007116,Delay,Medium,2025-09-13 07:43:00,6.3
EV202953,FL004418,Cleaning Issue,High,2025-12-31 19:15:00,3.4
EV202954,FL002905,Baggage Issue,Medium,2025-08-11 13:58:00,5.0
EV202955,FL005907,Technical Defect,Low,2025-04-27 14:52:00,1.0
EV202956,FL004510,Baggage Issue,Low,2025-03-26 07:45:00,2.0
EV202957,FL002600,Cleaning Issue,Low,2025-09-05 10:04:00,5.2
EV202958,FL007497,Delay,Medium,2025-09-12 16:28:00,1.4
EV202959,FL007544,Fuel Issue,Critical,2025-01-03 10:40:00,2.2
EV202960,FL007474,Delay,Medium,2025-11-29 14:12:00,2.9
EV202961,FL000600,Delay,Medium,2025-04-21 17:11:00,3.8
EV202962,FL007538,Cleaning Issue,Low,2025-07-19 10:28:00,1.6
EV202963,FL002182,Delay,Medium,2025-04-23 20:51:00,5.3
EV202964,FL002856,Baggage Issue,Medium,2025-04-27 09:07:00,3.3
EV202965,FL005556,Technical Defect,Medium,2025-11-02 05:03:00,0.1
EV202966,FL003918,Technical Defect,Low,2025-07-03 07:30:00,0.8
EV202967,FL006786,Cleaning Issue,Medium,2025-03-05 16:14:00,0.8
EV202968,FL005455,Delay,Medium,2025-05-04 10:41:00,1.1
EV202969,FL000932,Delay,Low,2025-04-28 18:07:00,5.0
EV202970,FL001157,Delay,Medium,2025-10-04 18:49:00,0.6
EV202971,FL000814,Cleaning Issue,Low,2025-03-02 12:00:00,0.8
EV202972,FL002706,Cleaning Issue,Low,2025-05-23 13:49:00,12.1
EV202973,FL003822,Delay,Low,2025-06-23 11:59:00,1.1
EV202974,FL007245,Gate Change,Medium,2025-02-09 12:27:00,2.0
EV202975,FL002837,Gate Change,Low,2025-04-11 10:46:00,3.3
EV202976,FL000799,Cleaning Issue,Low,2025-07-22 17:20:00,1.4
EV202977,FL004516,Baggage Issue,Medium,2025-03-08 19:46:00,2.0
EV202978,FL003425,Fuel Issue,Medium,2025-07-29 21:57:00,1.3
EV202979,FL006922,Delay,Medium,2025-06-07 19:05:00,1.8
EV202980,FL000289,Technical Defect,Medium,2025-11-12 17:34:00,1.4
EV202981,FL002373,Crew Issue,Low,2025-06-22 16:54:00,3.1
EV202982,FL005722,Delay,Low,2025-06-27 20:49:00,1.9
EV202983,FL000084,Technical Defect,Medium,2025-04-24 05:18:00,0.3
EV202984,FL004625,Cleaning Issue,Low,2025-01-21 19:27:00,10.7
EV202985,FL005511,Crew Issue,Medium,2025-12-19 14:11:00,0.5
EV202986,FL000273,Delay,High,2025-04-13 17:13:00,4.2
EV202987,FL004623,Technical Defect,Low,2025-02-23 07:21:00,1.4
EV202988,FL007646,Technical Defect,Low,2025-02-02 07:42:00,3.2
EV202989,FL004236,Delay,High,2025-09-17 18:33:00,0.5
EV202990,FL001417,Delay,Medium,2025-05-22 07:16:00,3.5
EV202991,FL006442,Delay,Critical,2025-07-11 08:53:00,4.7
EV202992,FL000491,Cleaning Issue,Low,2025-02-10 16:00:00,3.0
EV202993,FL006982,Technical Defect,Medium,2025-05-21 08:13:00,3.0
EV202994,FL007833,Delay,High,2025-04-28 07:56:00,1.2
EV202995,FL001187,Technical Defect,High,2025-09-03 12:40:00,2.1
EV202996,FL002254,Delay,Low,2025-09-16 17:44:00,0.3
EV202997,FL006835,Fuel Issue,Medium,2025-02-26 05:37:00,0.8
EV202998,FL006093,Baggage Issue,Medium,2025-11-11 18:30:00,5.4
EV202999,FL004443,Gate Change,Medium,2025-12-05 11:07:00,14.7
EV203000,FL005533,Crew Issue,Low,2025-02-02 08:50:00,4.0
EV203001,FL007155,Delay,Medium,2025-10-31 13:05:00,3.1
EV203002,FL005872,Technical Defect,Low,2025-10-19 07:11:00,0.2
EV203003,FL004664,Delay,Low,2025-09-28 09:48:00,2.9
EV203004,FL003184,Delay,High,2025-12-31 19:15:00,0.8
EV203005,FL007346,Delay,Medium,2025-12-15 21:15:00,3.6
EV203006,FL004701,Delay,High,2025-05-17 11:08:00,7.7
EV203007,FL006838,Baggage Issue,Low,2025-12-09 06:28:00,1.3
EV203008,FL007033,Delay,Medium,2025-03-05 10:36:00,2.6
EV203009,FL002677,Delay,Low,2025-03-17 09:27:00,2.7
EV203010,FL006110,Delay,Low,2025-09-25 05:08:00,2.8
EV203011,FL005284,Delay,High,2025-11-19 07:08:00,3.8
EV203012,FL001877,Delay,Low,2025-03-17 21:26:00,1.3
EV203013,FL004667,Delay,Low,2025-10-16 14:06:00,0.8
EV203014,FL007840,Cleaning Issue,High,2025-10-13 21:24:00,8.7
EV203015,FL004396,Delay,Low,2025-06-08 10:22:00,3.6
EV203016,FL005657,Gate Change,High,2025-11-14 14:22:00,6.6
EV203017,FL000902,Crew Issue,Low,2025-07-13 12:38:00,6.0
EV203018,FL003199,Cleaning Issue,Low,2025-07-19 21:29:00,1.3
EV203019,FL000195,Technical Defect,Medium,2025-07-24 14:13:00,4.2
EV203020,FL003008,Delay,Low,2025-08-04 21:17:00,4.4
EV203021,FL002813,Technical Defect,Medium,2025-07-07 07:44:00,2.0
EV203022,FL001559,Baggage Issue,High,2025-11-27 11:55:00,1.4
EV203023,FL004090,Technical Defect,Low,2025-06-04 16:47:00,2.0
EV203024,FL004146,Delay,Medium,2025-04-08 07:56:00,2.1
EV203025,FL004539,Cleaning Issue,Low,2025-08-15 19:44:00,1.7
EV203026,FL003268,Technical Defect,Medium,2025-06-23 19:56:00,1.1
EV203027,FL004254,Delay,Medium,2025-10-27 15:14:00,4.0
EV203028,FL004759,Cleaning Issue,Medium,2025-11-12 05:36:00,0.8
EV203029,FL001197,Gate Change,Low,2025-12-14 19:41:00,4.9
EV203030,FL003955,Fuel Issue,Medium,2025-11-07 16:07:00,11.3
EV203031,FL006715,Delay,Medium,2025-08-30 07:03:00,3.0
EV203032,FL005791,Delay,Low,2025-06-19 16:44:00,2.8
EV203033,FL005914,Delay,Medium,2025-12-11 12:31:00,1.8
EV203034,FL002418,Crew Issue,Low,2025-05-23 08:19:00,5.5
EV203035,FL007092,Cleaning Issue,Low,2025-12-17 20:54:00,2.3
EV203036,FL004010,Cleaning Issue,Low,2025-12-21 09:06:00,2.8
EV203037,FL007255,Baggage Issue,Low,2025-08-25 17:14:00,3.7
EV203038,FL001294,Crew Issue,Low,2025-12-24 13:59:00,1.1
EV203039,FL006837,Delay,Low,2025-04-15 06:17:00,1.1
EV203040,FL002435,Technical Defect,Medium,2025-01-23 11:17:00,1.8
EV203041,FL005457,Delay,Low,2025-07-08 13:37:00,1.6
EV203042,FL000143,Gate Change,Low,2025-04-29 20:40:00,8.0
EV203043,FL003615,Cleaning Issue,Medium,2025-11-25 21:38:00,2.9
EV203044,FL006404,Baggage Issue,Medium,2025-08-31 06:11:00,0.9
EV203045,FL005218,Technical Defect,Low,2025-02-17 17:39:00,2.0
EV203046,FL002548,Delay,High,2025-08-11 09:28:00,4.4
EV203047,FL002034,Technical Defect,Low,2025-09-28 21:07:00,7.1
EV203048,FL001893,Technical Defect,Medium,2025-05-22 17:25:00,17.6
EV203049,FL007574,Cleaning Issue,High,2025-12-11 19:19:00,0.7
EV203050,FL002479,Baggage Issue,Medium,2025-09-25 08:09:00,11.0
EV203051,FL005197,Delay,Critical,2025-09-18 08:54:00,3.5
EV203052,FL000096,Technical Defect,Medium,2025-04-29 16:52:00,7.0
EV203053,FL004919,Delay,Low,2025-12-12 11:58:00,1.7
EV203054,FL005334,Delay,Low,2025-09-02 11:00:00,6.7
EV203055,FL004769,Technical Defect,High,2025-09-20 16:58:00,7.4
EV203056,FL006848,Technical Defect,High,2025-10-21 18:13:00,5.0
EV203057,FL005616,Delay,Medium,2025-12-26 10:30:00,9.7
EV203058,FL001731,Technical Defect,Low,2025-09-08 13:12:00,1.2
EV203059,FL005632,Delay,Medium,2025-12-16 13:23:00,1.8
EV203060,FL001945,Delay,Low,2025-04-01 08:28:00,2.2
EV203061,FL000365,Delay,Medium,2025-08-17 05:34:00,1.0
EV203062,FL007636,Gate Change,Critical,2025-06-15 14:59:00,4.4
EV203063,FL003485,Crew Issue,Low,2025-08-07 15:40:00,4.8
EV203064,FL003549,Technical Defect,Medium,2025-11-17 08:02:00,0.5
EV203065,FL008012,Cleaning Issue,Low,2025-11-23 18:31:00,6.1
EV203066,FL004991,Gate Change,Medium,2025-01-26 16:20:00,5.0
EV203067,FL006229,Baggage Issue,Medium,2025-10-08 14:00:00,4.4
EV203068,FL007203,Technical Defect,Low,2025-12-14 13:01:00,0.1
EV203069,FL001573,Cleaning Issue,Medium,2025-08-06 21:27:00,3.4
EV203070,FL001250,Gate Change,High,2025-08-08 14:19:00,10.9
EV203071,FL003514,Crew Issue,High,2025-09-17 05:46:00,4.1
EV203072,FL000605,Gate Change,Low,2025-12-22 06:37:00,1.9
EV203073,FL003793,Fuel Issue,Medium,2025-01-26 09:09:00,1.6
EV203074,FL004468,Crew Issue,Low,2025-10-20 10:59:00,6.9
EV203075,FL008036,Fuel Issue,Medium,2025-12-14 07:18:00,1.8
EV203076,FL001391,Delay,Medium,2025-01-09 19:31:00,4.1
EV203077,FL007818,Gate Change,Low,2025-06-05 20:09:00,1.1
EV203078,FL001990,Gate Change,Low,2025-09-13 12:06:00,9.6
EV203079,FL000633,Technical Defect,Low,2025-02-03 20:01:00,6.5
EV203080,FL006953,Delay,Medium,2025-03-16 14:58:00,6.8
EV203081,FL002179,Crew Issue,High,2025-05-18 13:07:00,5.7
EV203082,FL002433,Delay,High,2025-12-06 17:23:00,3.0
EV203083,FL000600,Gate Change,High,2025-07-06 07:56:00,0.9
EV203084,FL004400,Technical Defect,Medium,2025-11-19 10:29:00,1.0
EV203085,FL001597,Technical Defect,Medium,2025-12-30 09:28:00,5.3
EV203086,FL004993,Cleaning Issue,High,2025-08-13 07:36:00,2.6
EV203087,FL003690,Fuel Issue,Low,2025-08-07 20:19:00,3.1
EV203088,FL002229,Gate Change,Medium,2025-09-12 18:28:00,3.5
EV203089,FL004933,Delay,High,2025-01-17 16:48:00,0.4
EV203090,FL001268,Delay,Medium,2025-04-24 08:11:00,4.8
EV203091,FL006671,Delay,Medium,2025-01-27 17:45:00,2.6
EV203092,FL005688,Technical Defect,Medium,2025-02-27 09:34:00,8.5
EV203093,FL000715,Delay,High,2025-05-29 12:48:00,2.6
EV203094,FL008170,Technical Defect,Low,2025-12-03 05:51:00,6.3
EV203095,FL002310,Technical Defect,Low,2025-11-11 09:01:00,6.0
EV203096,FL007926,Delay,High,2025-05-23 16:14:00,3.1
EV203097,FL005010,Crew Issue,Critical,2025-05-12 12:21:00,1.2
EV203098,FL007561,Cleaning Issue,Medium,2025-12-21 06:56:00,4.3
EV203099,FL003775,Technical Defect,Low,2025-12-26 05:14:00,5.4
EV203100,FL006325,Delay,High,2025-07-26 20:01:00,11.3
EV203101,FL002532,Delay,High,2025-01-06 21:54:00,5.8
EV203102,FL005708,Delay,Low,2025-05-23 11:16:00,3.7
EV203103,FL001461,Baggage Issue,Medium,2025-07-19 05:27:00,4.0
EV203104,FL001204,Gate Change,High,2025-09-24 15:03:00,4.1
EV203105,FL005820,Crew Issue,Medium,2025-12-23 08:33:00,5.5
EV203106,FL000270,Gate Change,Low,2025-08-23 08:42:00,2.2
EV203107,FL001929,Delay,High,2025-06-25 19:00:00,3.7
EV203108,FL004016,Fuel Issue,Medium,2025-07-02 20:22:00,0.5
EV203109,FL005623,Fuel Issue,Medium,2025-07-04 05:58:00,1.4
EV203110,FL004748,Crew Issue,Medium,2025-08-11 05:03:00,4.0
EV203111,FL007530,Cleaning Issue,Medium,2025-04-28 07:56:00,7.3
EV203112,FL005951,Fuel Issue,Critical,2025-03-15 08:39:00,3.6
EV203113,FL001773,Technical Defect,Medium,2025-10-19 14:23:00,5.9
EV203114,FL005782,Fuel Issue,Medium,2025-09-27 16:26:00,6.1
EV203115,FL005930,Crew Issue,Medium,2025-12-06 10:40:00,5.8
EV203116,FL006990,Technical Defect,Medium,2025-09-13 07:43:00,0.8
EV203117,FL006579,Technical Defect,Medium,2025-06-05 21:29:00,1.9
EV203118,FL005158,Baggage Issue,Low,2025-11-19 14:24:00,7.4
EV203119,FL005200,Delay,Low,2025-11-29 14:12:00,2.9
EV203120,FL003739,Baggage Issue,Medium,2025-08-27 13:02:00,3.2
EV203121,FL002674,Technical Defect,Low,2025-02-21 11:32:00,3.6
EV203122,FL007865,Technical Defect,High,2025-11-24 13:20:00,8.8
EV203123,FL001971,Technical Defect,Medium,2025-09-03 09:56:00,1.6
EV203124,FL006901,Cleaning Issue,Medium,2025-04-05 15:15:00,5.6
EV203125,FL006466,Cleaning Issue,Medium,2025-04-24 12:10:00,3.9
EV203126,FL005063,Cleaning Issue,Low,2025-02-14 07:10:00,3.5
EV203127,FL002678,Baggage Issue,High,2025-02-09 06:25:00,2.0
EV203128,FL005848,Crew Issue,Low,2025-05-20 14:13:00,4.8
EV203129,FL006621,Delay,Medium,2025-08-13 19:26:00,2.8
EV203130,FL004918,Gate Change,Low,2025-08-10 09:44:00,7.8
EV203131,FL006906,Delay,Critical,2025-07-17 05:24:00,5.7
EV203132,FL004193,Delay,Medium,2025-08-06 17:42:00,5.0
EV203133,FL007148,Baggage Issue,Critical,2025-07-26 06:29:00,6.7
EV203134,FL003317,Delay,Critical,2025-08-16 14:57:00,1.7
EV203135,FL006709,Fuel Issue,Low,2025-09-26 05:21:00,9.8
EV203136,FL000565,Cleaning Issue,Medium,2025-11-13 10:10:00,4.0
EV203137,FL007396,Delay,Medium,2025-06-23 16:14:00,3.1
EV203138,FL005486,Delay,Medium,2025-08-14 11:14:00,6.8
EV203139,FL007638,Crew Issue,Medium,2025-05-19 08:46:00,1.7
EV203140,FL007576,Crew Issue,Low,2025-11-02 12:19:00,3.4
EV203141,FL004055,Crew Issue,Medium,2025-09-27 13:51:00,3.2
EV203142,FL005405,Baggage Issue,Medium,2025-03-05 16:56:00,2.6
EV203143,FL002393,Crew Issue,Low,2025-09-21 14:33:00,5.7
EV203144,FL008023,Fuel Issue,Medium,2025-02-17 19:46:00,4.9
EV203145,FL001554,Delay,Low,2025-07-11 07:46:00,3.0
EV203146,FL001557,Cleaning Issue,High,2025-11-14 14:22:00,7.5
EV203147,FL003213,Crew Issue,Low,2025-08-14 06:28:00,4.0
EV203148,FL003568,Gate Change,Medium,2025-01-21 20:37:00,4.6
EV203149,FL002080,Technical Defect,Low,2025-07-04 05:57:00,5.0
EV203150,FL007904,Cleaning Issue,High,2025-10-22 14:41:00,1.3
EV203151,FL006918,Delay,Medium,2025-08-16 21:11:00,3.0
EV203152,FL001665,Crew Issue,Low,2025-11-17 14:20:00,2.6
EV203153,FL006911,Delay,Low,2025-05-26 14:29:00,2.2
EV203154,FL002574,Gate Change,Medium,2025-07-01 21:17:00,2.5
EV203155,FL003637,Technical Defect,Critical,2025-10-24 08:17:00,12.1
EV203156,FL008069,Delay,Medium,2025-08-17 08:42:00,2.1
EV203157,FL006643,Delay,High,2025-09-15 05:15:00,6.9
EV203158,FL002888,Technical Defect,Medium,2025-04-05 11:23:00,4.7
EV203159,FL005265,Delay,Medium,2025-09-17 20:44:00,3.8
EV203160,FL006592,Delay,Low,2025-05-25 08:49:00,2.4
EV203161,FL004719,Technical Defect,Low,2025-12-24 21:00:00,0.7
EV203162,FL002028,Gate Change,Medium,2025-06-09 19:18:00,2.0
EV203163,FL006662,Baggage Issue,Medium,2025-07-03 20:22:00,2.5
EV203164,FL002896,Delay,Medium,2025-01-05 12:03:00,3.1
EV203165,FL006614,Baggage Issue,Low,2025-12-12 13:46:00,7.9
EV203166,FL004430,Gate Change,Low,2025-02-28 08:56:00,2.8
EV203167,FL006568,Baggage Issue,High,2025-05-25 16:38:00,0.1
EV203168,FL006766,Cleaning Issue,Low,2025-05-09 10:25:00,5.7
EV203169,FL004481,Cleaning Issue,Low,2025-11-27 14:56:00,4.6
EV203170,FL002678,Fuel Issue,Low,2025-08-24 17:51:00,4.0
EV203171,FL002635,Baggage Issue,Medium,2025-07-25 06:20:00,5.9
EV203172,FL000285,Delay,Medium,2025-09-07 16:31:00,3.7
EV203173,FL003312,Delay,Medium,2025-07-27 09:01:00,6.6
EV203174,FL001707,Baggage Issue,Medium,2025-05-28 10:15:00,6.1
EV203175,FL005594,Gate Change,Medium,2025-11-15 07:20:00,4.7
EV203176,FL005435,Gate Change,Low,2025-07-14 07:14:00,9.1
EV203177,FL007477,Baggage Issue,Medium,2025-12-14 07:52:00,3.5
EV203178,FL001352,Baggage Issue,Medium,2025-01-23 13:27:00,2.2
EV203179,FL005937,Delay,Low,2025-03-16 15:41:00,4.8
EV203180,FL001904,Cleaning Issue,Low,2025-06-19 06:21:00,1.6
EV203181,FL006498,Fuel Issue,Low,2025-02-18 17:48:00,1.1
EV203182,FL006640,Delay,Low,2025-03-30 16:36:00,2.2
EV203183,FL002399,Gate Change,Low,2025-10-10 12:55:00,3.5
EV203184,FL007977,Cleaning Issue,High,2025-04-25 14:42:00,1.8
EV203185,FL003600,Baggage Issue,Low,2025-05-11 16:44:00,3.3
EV203186,FL005214,Gate Change,High,2025-02-13 08:20:00,0.6
EV203187,FL006135,Cleaning Issue,Low,2025-02-21 09:03:00,4.7
EV203188,FL004973,Crew Issue,Low,2025-11-19 19:15:00,3.4
EV203189,FL007153,Baggage Issue,Medium,2025-03-27 20:04:00,4.3
EV203190,FL000553,Technical Defect,Low,2025-01-20 13:55:00,2.8
EV203191,FL004208,Crew Issue,Critical,2025-05-08 19:19:00,1.1
EV203192,FL006495,Fuel Issue,Medium,2025-05-23 18:49:00,2.4
EV203193,FL000151,Delay,High,2025-10-09 18:28:00,10.2
EV203194,FL003905,Baggage Issue,Low,2025-04-21 06:11:00,1.2
EV203195,FL007276,Baggage Issue,Low,2025-01-27 12:30:00,4.6
EV203196,FL002699,Delay,High,2025-12-22 06:37:00,7.5
EV203197,FL000799,Fuel Issue,Low,2025-07-04 18:12:00,0.8
EV203198,FL003157,Fuel Issue,Low,2025-05-18 13:38:00,6.9
EV203199,FL004351,Delay,Medium,2025-01-07 19:15:00,5.5
EV203200,FL000739,Crew Issue,Low,2025-04-01 19:17:00,1.5
EV203201,FL003937,Delay,Medium,2025-09-11 16:39:00,0.8
EV203202,FL005420,Delay,High,2025-11-05 07:02:00,8.9
EV203203,FL007903,Delay,Medium,2025-12-17 18:21:00,1.2
EV203204,FL005484,Baggage Issue,Low,2025-08-24 11:18:00,2.0
EV203205,FL001025,Cleaning Issue,High,2025-05-11 12:16:00,12.3
EV203206,FL007676,Gate Change,High,2025-05-16 06:48:00,2.5
EV203207,FL005456,Delay,Medium,2025-12-03 14:16:00,0.7
EV203208,FL006911,Delay,Medium,2025-05-15 06:10:00,0.5
EV203209,FL002555,Delay,Medium,2025-11-19 09:58:00,3.0
EV203210,FL000258,Delay,Medium,2025-11-09 20:53:00,2.7
EV203211,FL003566,Gate Change,Low,2025-05-08 15:19:00,1.3
EV203212,FL002937,Cleaning Issue,Low,2025-06-26 12:39:00,0.5
EV203213,FL003421,Cleaning Issue,Low,2025-03-19 19:41:00,3.0
EV203214,FL007727,Delay,Low,2025-08-28 18:56:00,0.8
EV203215,FL002863,Delay,Low,2025-05-01 10:45:00,1.9
EV203216,FL002201,Baggage Issue,Low,2025-03-20 10:00:00,1.6
EV203217,FL007230,Baggage Issue,Low,2025-11-30 19:16:00,1.5
EV203218,FL007359,Delay,Medium,2025-07-27 12:29:00,0.9
EV203219,FL005926,Cleaning Issue,Low,2025-06-05 21:47:00,0.9
EV203220,FL001024,Gate Change,Critical,2025-02-20 16:30:00,4.8
EV203221,FL007384,Gate Change,Medium,2025-07-01 09:06:00,4.2
EV203222,FL000336,Fuel Issue,High,2025-01-21 08:21:00,0.3
EV203223,FL006646,Technical Defect,Low,2025-02-23 13:37:00,6.6
EV203224,FL006083,Baggage Issue,Low,2025-02-09 06:25:00,1.3
EV203225,FL003423,Cleaning Issue,High,2025-03-26 19:20:00,1.2
EV203226,FL001615,Cleaning Issue,Medium,2025-12-18 18:37:00,2.0
EV203227,FL000507,Delay,Low,2025-12-04 21:40:00,1.7
EV203228,FL000301,Delay,High,2025-07-07 18:09:00,7.1
EV203229,FL002455,Baggage Issue,Medium,2025-11-29 15:31:00,3.3
EV203230,FL003903,Delay,High,2025-06-13 05:09:00,1.4
EV203231,FL002840,Baggage Issue,Medium,2025-04-20 18:37:00,2.7
EV203232,FL004980,Fuel Issue,Medium,2025-09-01 07:09:00,0.5
EV203233,FL000838,Delay,Low,2025-09-12 10:29:00,2.6
EV203234,FL005781,Delay,Low,2025-05-29 20:50:00,0.8
EV203235,FL001267,Technical Defect,Low,2025-09-07 21:16:00,6.0
EV203236,FL003635,Cleaning Issue,Low,2025-08-07 14:16:00,3.8
EV203237,FL000189,Gate Change,High,2025-06-03 20:58:00,2.4
EV203238,FL007631,Cleaning Issue,Low,2025-11-16 11:53:00,6.1
EV203239,FL003603,Baggage Issue,High,2025-09-17 18:33:00,3.3
EV203240,FL003065,Delay,Critical,2025-02-05 08:42:00,7.0
EV203241,FL001394,Delay,Medium,2025-11-22 21:18:00,3.1
EV203242,FL001906,Gate Change,Medium,2025-12-13 20:59:00,4.0
EV203243,FL002230,Delay,High,2025-10-09 15:19:00,5.2
EV203244,FL000789,Delay,Medium,2025-06-21 13:58:00,5.2
EV203245,FL003949,Technical Defect,High,2025-07-20 20:50:00,0.7
EV203246,FL001205,Gate Change,Medium,2025-02-23 20:54:00,1.4
EV203247,FL001348,Cleaning Issue,Low,2025-08-20 17:38:00,1.4
EV203248,FL000742,Cleaning Issue,Medium,2025-05-28 09:07:00,3.6
EV203249,FL000538,Crew Issue,Low,2025-11-02 15:13:00,2.0
EV203250,FL006812,Delay,Medium,2025-06-26 07:07:00,0.5
EV203251,FL006291,Technical Defect,Low,2025-10-01 05:15:00,1.3
EV203252,FL005553,Delay,Medium,2025-08-02 11:32:00,1.2
EV203253,FL007273,Gate Change,High,2025-12-08 06:35:00,9.8
EV203254,FL003725,Baggage Issue,Low,2025-11-03 08:56:00,8.2
EV203255,FL002774,Technical Defect,Low,2025-11-02 12:19:00,5.4
EV203256,FL003531,Delay,Medium,2025-04-11 11:15:00,2.3
EV203257,FL003800,Cleaning Issue,Low,2025-01-21 08:20:00,4.4
EV203258,FL000874,Delay,Low,2025-07-09 17:52:00,4.6
EV203259,FL002368,Crew Issue,Low,2025-09-18 12:58:00,1.4
EV203260,FL003853,Baggage Issue,Low,2025-09-26 12:42:00,2.7
EV203261,FL003795,Gate Change,Low,2025-02-19 20:50:00,1.4
EV203262,FL003201,Delay,Medium,2025-11-13 15:47:00,0.5
EV203263,FL000731,Fuel Issue,High,2025-10-31 17:49:00,3.6
EV203264,FL002326,Gate Change,Medium,2025-12-07 15:09:00,4.6
EV203265,FL003775,Baggage Issue,Low,2025-02-07 13:00:00,2.3
EV203266,FL001782,Baggage Issue,Low,2025-07-16 14:57:00,7.0
EV203267,FL003790,Delay,Low,2025-04-16 21:31:00,4.6
EV203268,FL002635,Technical Defect,Medium,2025-09-16 13:35:00,1.1
EV203269,FL002523,Crew Issue,Medium,2025-04-26 06:55:00,2.3
EV203270,FL007644,Technical Defect,Low,2025-12-21 17:01:00,0.6
EV203271,FL007130,Crew Issue,Medium,2025-12-06 08:25:00,5.9
EV203272,FL005752,Technical Defect,Low,2025-11-21 13:51:00,5.1
EV203273,FL003451,Crew Issue,Medium,2025-12-27 11:26:00,3.5
EV203274,FL006583,Fuel Issue,Low,2025-07-17 15:07:00,3.7
EV203275,FL001219,Fuel Issue,High,2025-07-16 19:23:00,3.6
EV203276,FL001536,Baggage Issue,Low,2025-06-22 11:17:00,4.3
EV203277,FL006166,Technical Defect,Low,2025-07-09 17:25:00,4.4
EV203278,FL007414,Fuel Issue,Low,2025-08-04 15:08:00,1.4
EV203279,FL001203,Technical Defect,Low,2025-07-16 13:50:00,0.6
EV203280,FL004049,Cleaning Issue,Medium,2025-03-29 20:48:00,5.2
EV203281,FL000702,Fuel Issue,Medium,2025-08-22 10:23:00,6.2
EV203282,FL008002,Delay,Medium,2025-05-04 07:35:00,6.2
EV203283,FL003030,Technical Defect,Low,2025-01-26 11:49:00,7.8
EV203284,FL006702,Fuel Issue,Low,2025-12-28 07:19:00,7.6
EV203285,FL006550,Delay,Medium,2025-04-20 20:21:00,5.0
EV203286,FL001338,Delay,High,2025-07-22 14:56:00,1.7
EV203287,FL007815,Delay,Medium,2025-08-11 21:49:00,0.6
EV203288,FL007907,Fuel Issue,High,2025-03-09 14:34:00,2.0
EV203289,FL005405,Technical Defect,Critical,2025-03-29 07:39:00,0.4
EV203290,FL007880,Delay,Low,2025-06-22 06:36:00,6.3
EV203291,FL007352,Delay,High,2025-08-10 09:04:00,0.8
EV203292,FL004616,Gate Change,Medium,2025-12-27 11:26:00,3.1
EV203293,FL004671,Technical Defect,Low,2025-11-24 13:21:00,2.9
EV203294,FL008170,Delay,Medium,2025-12-26 06:15:00,6.3
EV203295,FL001564,Technical Defect,Medium,2025-10-07 05:21:00,4.2
EV203296,FL003877,Baggage Issue,Low,2025-10-01 07:52:00,1.7
EV203297,FL004642,Technical Defect,Low,2025-07-14 05:35:00,3.2
EV203298,FL000786,Gate Change,Medium,2025-05-17 06:03:00,3.1
EV203299,FL006049,Baggage Issue,Low,2025-04-13 19:02:00,1.1
EV203300,FL005186,Baggage Issue,High,2025-09-20 13:16:00,2.5
EV203301,FL000616,Delay,High,2025-05-31 17:59:00,5.7
EV203302,FL006947,Technical Defect,Medium,2025-12-11 16:02:00,3.4
EV203303,FL003449,Cleaning Issue,Medium,2025-02-01 10:36:00,2.4
EV203304,FL000905,Delay,High,2025-07-15 11:41:00,3.5
EV203305,FL000692,Fuel Issue,Low,2025-02-23 09:33:00,0.8
EV203306,FL002264,Technical Defect,High,2025-05-30 18:29:00,6.2
EV203307,FL003259,Gate Change,Medium,2025-12-31 05:44:00,9.7
EV203308,FL003296,Delay,High,2025-03-27 19:05:00,0.4
EV203309,FL004622,Crew Issue,Low,2025-11-30 07:09:00,3.2
EV203310,FL005386,Delay,Medium,2025-12-02 19:18:00,0.6
EV203311,FL005895,Crew Issue,High,2025-08-13 09:51:00,3.1
EV203312,FL003636,Delay,Medium,2025-12-10 18:30:00,3.5
EV203313,FL002920,Delay,Low,2025-08-17 17:26:00,4.5
EV203314,FL006116,Delay,Low,2025-11-18 07:59:00,3.1
EV203315,FL001005,Fuel Issue,Medium,2025-04-14 14:57:00,0.1
EV203316,FL007402,Fuel Issue,Low,2025-04-20 10:56:00,8.0
EV203317,FL004067,Technical Defect,High,2025-05-23 07:49:00,4.3
EV203318,FL005142,Delay,Medium,2025-11-24 11:11:00,1.7
EV203319,FL001062,Cleaning Issue,Low,2025-03-18 11:41:00,2.0
EV203320,FL000724,Delay,Low,2025-12-27 10:07:00,1.9
EV203321,FL000795,Delay,Low,2025-12-12 10:10:00,1.1
EV203322,FL003250,Delay,High,2025-07-03 05:45:00,3.1
EV203323,FL006017,Delay,Medium,2025-10-25 20:06:00,2.0
EV203324,FL007872,Cleaning Issue,Medium,2025-01-27 18:58:00,5.1
EV203325,FL005000,Baggage Issue,Critical,2025-04-19 19:38:00,3.6
EV203326,FL003526,Technical Defect,Low,2025-05-10 16:43:00,11.6
EV203327,FL004359,Crew Issue,Low,2025-05-13 08:05:00,1.4
EV203328,FL001388,Crew Issue,Medium,2025-02-16 05:42:00,5.6
EV203329,FL001378,Delay,Medium,2025-01-04 09:34:00,1.6
EV203330,FL007045,Delay,Low,2025-05-25 15:30:00,2.2
EV203331,FL007560,Delay,Medium,2025-04-10 07:30:00,0.8
EV203332,FL006883,Technical Defect,Medium,2025-12-14 10:25:00,2.4
EV203333,FL007068,Delay,Low,2025-04-09 19:24:00,1.2
EV203334,FL005968,Technical Defect,Medium,2025-10-19 08:40:00,13.6
EV203335,FL006923,Delay,Low,2025-02-26 05:37:00,3.7
EV203336,FL000403,Crew Issue,Medium,2025-12-22 17:25:00,4.4
EV203337,FL000537,Delay,Medium,2025-11-30 15:31:00,2.0
EV203338,FL007364,Baggage Issue,Low,2025-01-18 14:43:00,10.5
EV203339,FL000594,Baggage Issue,Medium,2025-01-09 15:22:00,6.1
EV203340,FL002134,Crew Issue,Medium,2025-11-19 17:45:00,4.0
EV203341,FL003872,Technical Defect,Low,2025-07-23 06:29:00,2.0
EV203342,FL004326,Technical Defect,Low,2025-09-04 09:20:00,8.8
EV203343,FL002369,Delay,Low,2025-06-02 14:43:00,3.7
EV203344,FL007288,Delay,High,2025-01-29 12:55:00,3.9
EV203345,FL002761,Delay,Low,2025-05-26 05:40:00,4.7
EV203346,FL006439,Delay,Medium,2025-10-16 08:11:00,7.6
EV203347,FL005830,Baggage Issue,Medium,2025-02-25 08:00:00,7.4
EV203348,FL000389,Crew Issue,Medium,2025-05-06 12:22:00,1.5
EV203349,FL007684,Technical Defect,Low,2025-10-17 20:25:00,3.6
EV203350,FL001712,Fuel Issue,Low,2025-07-26 10:32:00,3.1
EV203351,FL004955,Technical Defect,Low,2025-04-29 11:52:00,3.7
EV203352,FL004934,Baggage Issue,Low,2025-08-26 08:26:00,6.8
EV203353,FL000237,Gate Change,Medium,2025-09-06 12:22:00,8.4
EV203354,FL007979,Delay,Medium,2025-09-11 07:09:00,1.5
EV203355,FL000330,Technical Defect,Low,2025-04-27 16:09:00,1.9
EV203356,FL003555,Cleaning Issue,Low,2025-11-26 19:47:00,2.4
EV203357,FL001902,Delay,Medium,2025-11-27 19:02:00,7.0
EV203358,FL001709,Technical Defect,Low,2025-08-14 16:31:00,6.4
EV203359,FL000075,Delay,Medium,2025-03-26 07:43:00,0.1
EV203360,FL001032,Crew Issue,Medium,2025-05-14 14:15:00,4.0
EV203361,FL001138,Delay,Medium,2025-10-31 18:44:00,0.7
EV203362,FL005485,Technical Defect,High,2025-10-24 12:06:00,2.5
EV203363,FL000437,Delay,High,2025-09-28 12:05:00,0.4
EV203364,FL004443,Delay,Low,2025-06-26 16:14:00,3.0
EV203365,FL002280,Technical Defect,Low,2025-11-14 11:55:00,3.0
EV203366,FL000295,Delay,Medium,2025-05-04 08:25:00,1.4
EV203367,FL000376,Gate Change,Low,2025-12-26 06:15:00,2.9
EV203368,FL006867,Delay,Medium,2025-12-08 19:34:00,2.3
EV203369,FL007486,Cleaning Issue,High,2025-07-30 14:18:00,3.5
EV203370,FL005090,Technical Defect,Low,2025-12-28 11:10:00,0.3
EV203371,FL004298,Delay,Medium,2025-09-23 06:48:00,1.2
EV203372,FL001940,Delay,Low,2025-04-13 15:23:00,4.1
EV203373,FL007079,Crew Issue,High,2025-07-27 07:21:00,1.8
EV203374,FL004027,Delay,Medium,2025-04-11 12:57:00,1.0
EV203375,FL005574,Technical Defect,Low,2025-11-22 16:06:00,1.2
EV203376,FL006452,Cleaning Issue,Medium,2025-12-10 11:50:00,9.4
EV203377,FL003782,Delay,Low,2025-08-13 10:09:00,0.6
EV203378,FL002706,Cleaning Issue,Medium,2025-01-02 14:26:00,1.4
EV203379,FL003825,Technical Defect,Low,2025-11-05 05:21:00,3.2
EV203380,FL007342,Delay,Low,2025-03-30 21:08:00,3.1
EV203381,FL005920,Fuel Issue,Low,2025-04-09 17:52:00,2.8
EV203382,FL005673,Technical Defect,Low,2025-01-13 07:45:00,1.5
EV203383,FL002636,Delay,Low,2025-01-16 14:20:00,1.9
EV203384,FL002647,Baggage Issue,Medium,2025-12-03 18:51:00,2.4
EV203385,FL004362,Crew Issue,Medium,2025-02-07 12:12:00,0.8
EV203386,FL000224,Technical Defect,Low,2025-07-14 07:14:00,8.8
EV203387,FL000965,Baggage Issue,Medium,2025-08-26 07:48:00,1.6
EV203388,FL004569,Delay,Medium,2025-08-16 13:59:00,5.4
EV203389,FL006447,Delay,Medium,2025-11-01 07:57:00,3.3
EV203390,FL003145,Delay,Low,2025-10-28 08:56:00,4.0
EV203391,FL002697,Cleaning Issue,Medium,2025-04-01 19:48:00,3.8
EV203392,FL005765,Delay,Low,2025-09-11 11:54:00,1.0
EV203393,FL001468,Cleaning Issue,Low,2025-08-03 14:15:00,6.7
EV203394,FL000818,Delay,High,2025-03-23 21:10:00,0.5
EV203395,FL006086,Technical Defect,Low,2025-07-10 14:06:00,1.4
EV203396,FL004069,Baggage Issue,Medium,2025-09-14 08:21:00,3.1
EV203397,FL000766,Delay,Low,2025-08-28 20:52:00,2.3
EV203398,FL005234,Delay,Low,2025-07-30 06:32:00,1.5
EV203399,FL007820,Delay,Medium,2025-03-27 05:13:00,6.3
EV203400,FL002911,Technical Defect,Low,2025-10-18 05:07:00,4.3
EV203401,FL005664,Technical Defect,High,2025-03-24 21:38:00,3.6
EV203402,FL005755,Delay,Low,2025-06-09 17:55:00,2.5
EV203403,FL006082,Delay,Medium,2025-10-11 09:27:00,4.3
EV203404,FL003896,Fuel Issue,High,2025-11-26 14:01:00,5.4
EV203405,FL000674,Technical Defect,Low,2025-01-18 13:34:00,1.8
EV203406,FL001034,Cleaning Issue,Medium,2025-11-10 08:56:00,0.9
EV203407,FL004631,Delay,Medium,2025-09-10 19:23:00,0.7
EV203408,FL004231,Delay,Critical,2025-03-04 21:41:00,7.1
EV203409,FL000247,Technical Defect,Low,2025-01-27 15:18:00,1.1
EV203410,FL001940,Delay,Low,2025-03-14 20:28:00,1.1
EV203411,FL002688,Delay,High,2025-02-08 09:20:00,5.3
EV203412,FL006704,Technical Defect,Medium,2025-04-27 14:51:00,3.1
EV203413,FL005948,Baggage Issue,Medium,2025-04-01 19:10:00,9.3
EV203414,FL007062,Delay,Medium,2025-02-12 10:02:00,2.1
EV203415,FL001772,Fuel Issue,Medium,2025-05-06 13:55:00,3.1
EV203416,FL007157,Fuel Issue,Critical,2025-10-27 18:38:00,2.5
EV203417,FL005727,Gate Change,Medium,2025-12-26 06:15:00,7.0
EV203418,FL000401,Technical Defect,Medium,2025-11-09 14:27:00,2.8
EV203419,FL004522,Baggage Issue,Critical,2025-06-16 11:28:00,2.4
EV203420,FL002141,Delay,Medium,2025-08-25 13:54:00,2.6
EV203421,FL007480,Gate Change,Medium,2025-06-06 15:13:00,0.1
EV203422,FL003635,Delay,Low,2025-07-29 12:22:00,0.5
EV203423,FL004082,Cleaning Issue,Low,2025-10-08 11:24:00,1.3
EV203424,FL007714,Technical Defect,High,2025-05-12 15:34:00,3.3
EV203425,FL002474,Technical Defect,Critical,2025-04-10 08:40:00,4.4
EV203426,FL005112,Crew Issue,Medium,2025-11-14 06:17:00,4.7
EV203427,FL007187,Crew Issue,Medium,2025-08-06 09:05:00,4.3
EV203428,FL004672,Delay,Low,2025-07-07 07:43:00,3.9
EV203429,FL003926,Gate Change,Low,2025-09-12 11:36:00,2.5
EV203430,FL002501,Fuel Issue,Low,2025-01-02 19:01:00,4.4
EV203431,FL002367,Technical Defect,Low,2025-11-08 06:15:00,2.5
EV203432,FL006855,Delay,Low,2025-11-02 13:57:00,8.4
EV203433,FL003415,Fuel Issue,Low,2025-02-15 15:27:00,2.9
EV203434,FL002724,Fuel Issue,Medium,2025-04-15 07:33:00,1.3
EV203435,FL003639,Delay,Medium,2025-08-27 14:00:00,15.4
EV203436,FL000497,Delay,Medium,2025-10-19 07:11:00,0.3
EV203437,FL001827,Delay,Low,2025-01-02 11:14:00,2.0
EV203438,FL007443,Fuel Issue,Medium,2025-03-02 08:30:00,3.0
EV203439,FL006551,Cleaning Issue,Low,2025-06-30 10:42:00,3.1
EV203440,FL007347,Technical Defect,Medium,2025-02-13 11:59:00,1.6
EV203441,FL006740,Cleaning Issue,Low,2025-05-12 05:41:00,1.8
EV203442,FL000302,Delay,High,2025-07-08 13:37:00,3.9
EV203443,FL003656,Technical Defect,Low,2025-10-24 12:31:00,0.4
EV203444,FL001091,Delay,Low,2025-03-24 13:06:00,3.5
EV203445,FL000140,Cleaning Issue,Low,2025-09-22 17:15:00,7.4
EV203446,FL001994,Delay,Low,2025-04-10 10:50:00,2.5
EV203447,FL000846,Cleaning Issue,Low,2025-09-09 18:58:00,5.5
EV203448,FL007401,Crew Issue,Critical,2025-03-15 06:46:00,3.4
EV203449,FL004182,Fuel Issue,Low,2025-03-05 07:24:00,0.8
EV203450,FL007719,Technical Defect,Medium,2025-10-11 17:56:00,0.3
EV203451,FL002143,Technical Defect,Low,2025-04-25 19:45:00,2.9
EV203452,FL004159,Delay,Medium,2025-12-04 06:01:00,0.7
EV203453,FL002718,Delay,Medium,2025-04-16 21:31:00,5.4
EV203454,FL004215,Baggage Issue,Low,2025-03-22 19:30:00,3.3
EV203455,FL004358,Delay,Low,2025-03-14 10:17:00,8.4
EV203456,FL000359,Technical Defect,Medium,2025-05-14 06:23:00,1.3
EV203457,FL005445,Delay,Medium,2025-06-03 07:28:00,1.0
EV203458,FL001714,Gate Change,Medium,2025-03-19 06:54:00,4.3
EV203459,FL001538,Delay,Medium,2025-06-05 13:45:00,6.6
EV203460,FL008181,Delay,High,2025-09-07 07:07:00,6.0
EV203461,FL005644,Delay,Low,2025-05-08 20:31:00,7.9
EV203462,FL000788,Delay,Low,2025-01-02 21:39:00,4.4
EV203463,FL000897,Baggage Issue,High,2025-10-17 16:59:00,2.2
EV203464,FL000642,Delay,Low,2025-01-10 09:46:00,2.1
EV203465,FL004640,Baggage Issue,High,2025-09-09 21:55:00,6.4
EV203466,FL005546,Baggage Issue,Medium,2025-03-24 08:22:00,6.6
EV203467,FL005504,Delay,Medium,2025-10-17 21:08:00,5.8
EV203468,FL000031,Technical Defect,High,2025-07-05 18:39:00,2.4
EV203469,FL002399,Delay,Medium,2025-10-22 18:00:00,4.8
EV203470,FL001509,Delay,Low,2025-05-10 12:11:00,4.4
EV203471,FL006870,Crew Issue,Medium,2025-03-24 09:32:00,4.3
EV203472,FL001193,Technical Defect,Low,2025-01-28 16:09:00,4.2
EV203473,FL006475,Cleaning Issue,Medium,2025-12-11 12:38:00,2.9
EV203474,FL001973,Cleaning Issue,Low,2025-11-11 12:57:00,1.9
EV203475,FL007244,Delay,Low,2025-08-25 09:02:00,0.9
EV203476,FL002623,Crew Issue,Medium,2025-11-06 08:51:00,15.8
EV203477,FL002808,Technical Defect,Medium,2025-10-18 14:16:00,1.8
EV203478,FL004409,Technical Defect,Low,2025-01-18 09:50:00,4.5
EV203479,FL007666,Gate Change,Low,2025-12-05 20:46:00,1.1
EV203480,FL003678,Technical Defect,Medium,2025-12-18 18:37:00,3.3
EV203481,FL003977,Cleaning Issue,Medium,2025-10-25 20:00:00,3.7
EV203482,FL003151,Cleaning Issue,Low,2025-08-24 17:51:00,0.4
EV203483,FL002556,Technical Defect,Low,2025-07-23 19:45:00,0.4
EV203484,FL008086,Fuel Issue,Medium,2025-05-28 16:55:00,4.3
EV203485,FL005118,Cleaning Issue,High,2025-06-24 19:32:00,2.3
EV203486,FL007945,Crew Issue,Low,2025-03-27 11:40:00,0.7
EV203487,FL007259,Baggage Issue,Critical,2025-07-19 16:22:00,0.4
EV203488,FL003533,Gate Change,Critical,2025-04-29 15:50:00,3.0
EV203489,FL007303,Baggage Issue,Medium,2025-11-15 14:01:00,7.2
EV203490,FL001054,Delay,Critical,2025-01-19 05:34:00,3.9
EV203491,FL001995,Delay,Low,2025-01-24 15:03:00,3.7
EV203492,FL003799,Technical Defect,Medium,2025-11-08 17:32:00,3.6
EV203493,FL001253,Cleaning Issue,Medium,2025-05-21 11:36:00,0.8
EV203494,FL000130,Delay,Low,2025-07-23 17:21:00,0.1
EV203495,FL003679,Delay,Medium,2025-04-15 11:01:00,1.6
EV203496,FL000548,Technical Defect,High,2025-03-25 11:46:00,0.9
EV203497,FL007710,Delay,Medium,2025-06-12 06:08:00,1.0
EV203498,FL004407,Cleaning Issue,Low,2025-02-17 19:01:00,5.1
EV203499,FL007928,Technical Defect,Low,2025-08-08 11:30:00,6.4
