work_order_id,aircraft_id,opened_date,maintenance_type,priority,status,technician_hours,parts_cost_eur,downtime_hours
WO100000,OH-A143,2025-01-12,Scheduled,Low,Closed,2.2,562.86,8.6
WO100001,OH-A141,2025-11-06,Scheduled,High,Closed,2.4,2518.09,5.2
WO100002,OH-A115,2025-04-23,Unscheduled,Low,Closed,6.0,577.84,16.6
WO100003,OH-A109,2025-06-04,Cabin,Low,Closed,3.6,732.01,10.7
WO100004,OH-A120,2025-05-21,Unscheduled,Low,Closed,7.4,1190.65,8.8
WO100005,OH-A144,2025-02-02,Unscheduled,Medium,Closed,4.0,256.97,13.2
WO100006,OH-A146,2025-01-02,Inspection,High,Closed,12.0,66.4,15.6
WO100007,OH-A109,2025-09-23,Component Replacement,Low,Closed,4.8,404.61,13.0
WO100008,OH-A106,2025-09-06,Inspection,High,Closed,5.2,948.58,12.7
WO100009,OH-A135,2025-03-24,Unscheduled,Low,Closed,13.3,3011.82,21.4
WO100010,OH-A142,2025-02-15,Cabin,Medium,Closed,7.0,151.38,11.2
WO100011,OH-A145,2025-07-08,Unscheduled,Low,Closed,7.5,1211.71,4.5
WO100012,OH-A146,2025-01-30,Scheduled,Medium,Closed,5.3,523.75,9.5
WO100013,OH-A113,2025-04-16,Engine,Critical,Closed,6.6,273.47,6.3
WO100014,OH-A138,2025-09-20,Cabin,Medium,Closed,2.9,141.74,20.5
WO100015,OH-A132,2025-03-05,Cabin,Low,Closed,10.7,225.0,6.7
WO100016,OH-A116,2025-10-09,Inspection,Critical,Closed,4.3,715.71,6.8
WO100017,OH-A100,2025-11-19,Engine,Medium,Closed,2.6,1370.27,7.7
WO100018,OH-A131,2025-03-09,Scheduled,Medium,Closed,10.7,26.46,10.1
WO100019,OH-A117,2025-08-31,Cabin,High,Closed,8.2,673.49,5.4
WO100020,OH-A113,2025-10-08,Component Replacement,High,Closed,8.8,227.34,5.4
WO100021,OH-A100,2025-07-09,Unscheduled,Medium,Closed,6.2,249.59,4.5
WO100022,OH-A105,2025-04-19,Scheduled,Low,Closed,14.0,611.86,19.3
WO100023,OH-A109,2025-12-25,Component Replacement,Low,In Progress,4.1,2754.79,12.2
WO100024,OH-A105,2025-04-23,Unscheduled,High,Closed,5.9,196.79,7.3
WO100025,OH-A145,2025-04-01,Cabin,Medium,Closed,1.5,366.64,6.0
WO100026,OH-A100,2025-02-14,Engine,High,Closed,0.8,83.47,4.3
WO100027,OH-A118,2025-11-27,Component Replacement,High,Closed,7.1,625.47,6.6
WO100028,OH-A146,2025-03-24,Unscheduled,High,Closed,8.3,202.35,7.3
WO100029,OH-A105,2025-02-18,Component Replacement,Medium,Closed,6.8,1950.91,16.8
WO100030,OH-A131,2025-01-15,Component Replacement,Medium,In Progress,8.3,578.43,4.1
WO100031,OH-A112,2025-04-17,Unscheduled,Low,Closed,10.5,303.92,9.9
WO100032,OH-A115,2025-09-03,Scheduled,Low,Closed,5.8,306.04,11.9
WO100033,OH-A121,2025-09-07,Component Replacement,Medium,Closed,5.1,580.99,5.0
WO100034,OH-A127,2025-11-07,Scheduled,Medium,Closed,3.3,805.2,2.2
WO100035,OH-A136,2025-09-01,Scheduled,Low,In Progress,7.4,125.36,9.6
WO100036,OH-A129,2025-01-18,Scheduled,Medium,Closed,11.3,347.72,4.2
WO100037,OH-A100,2025-11-04,Unscheduled,Medium,Closed,9.2,402.36,10.6
WO100038,OH-A108,2025-04-04,Unscheduled,Medium,Closed,17.3,498.55,9.7
WO100039,OH-A130,2025-12-16,Scheduled,Medium,Closed,6.5,1488.97,14.7
WO100040,OH-A113,2025-05-07,Inspection,Medium,Closed,4.8,96.98,15.4
WO100041,OH-A102,2025-01-07,Cabin,Medium,Closed,5.7,1049.35,2.6
WO100042,OH-A126,2025-05-24,Inspection,Medium,Closed,9.7,580.79,11.9
WO100043,OH-A115,2025-06-14,Inspection,Medium,Closed,8.2,245.23,10.5
WO100044,OH-A140,2025-10-28,Scheduled,Medium,Closed,4.3,903.51,10.3
WO100045,OH-A142,2025-07-21,Unscheduled,Low,Closed,7.2,275.03,15.6
WO100046,OH-A106,2025-01-16,Inspection,High,Closed,4.0,65.87,4.4
WO100047,OH-A137,2025-01-18,Engine,Critical,Closed,8.3,13.02,15.5
WO100048,OH-A141,2025-08-13,Cabin,Low,Closed,1.8,119.53,11.9
WO100049,OH-A130,2025-01-31,Unscheduled,Low,Closed,2.2,234.12,2.2
WO100050,OH-A129,2025-07-14,Scheduled,High,Closed,2.6,479.0,5.8
WO100051,OH-A122,2025-11-24,Component Replacement,Medium,Closed,3.4,733.11,8.6
WO100052,OH-A123,2025-11-03,Cabin,Medium,Closed,7.8,311.67,2.5
WO100053,OH-A103,2025-08-19,Cabin,Medium,Closed,9.6,98.48,11.7
WO100054,OH-A106,2025-04-22,Cabin,High,Closed,6.1,275.75,15.6
WO100055,OH-A132,2025-07-08,Scheduled,Low,Closed,2.6,324.32,13.8
WO100056,OH-A126,2025-02-07,Engine,Medium,Closed,10.8,2292.86,13.0
WO100057,OH-A108,2025-09-27,Scheduled,High,Closed,5.8,704.05,6.2
WO100058,OH-A116,2025-02-17,Scheduled,Low,Closed,12.0,76.98,11.7
WO100059,OH-A131,2025-01-19,Inspection,High,Closed,6.5,294.41,20.9
WO100060,OH-A109,2025-08-19,Scheduled,Critical,Closed,2.0,809.56,3.5
WO100061,OH-A110,2025-07-29,Unscheduled,Medium,In Progress,3.7,411.99,3.1
WO100062,OH-A142,2025-07-19,Scheduled,Medium,Closed,1.8,79.54,4.3
WO100063,OH-A121,2025-06-23,Scheduled,Medium,Closed,1.1,914.52,8.2
WO100064,OH-A122,2025-08-05,Scheduled,Medium,Closed,4.8,580.25,4.1
WO100065,OH-A103,2025-06-10,Inspection,Low,Closed,6.5,344.81,13.2
WO100066,OH-A103,2025-02-20,Unscheduled,Low,Open,12.4,180.12,8.8
WO100067,OH-A131,2025-07-27,Inspection,Low,Closed,7.9,1111.35,8.6
WO100068,OH-A114,2025-01-16,Inspection,Medium,Closed,9.9,65.76,15.6
WO100069,OH-A113,2025-01-24,Scheduled,Medium,Closed,4.4,85.26,2.6
WO100070,OH-A108,2025-07-26,Engine,High,Open,2.6,193.48,10.3
WO100071,OH-A136,2025-09-14,Scheduled,Medium,In Progress,6.5,545.79,10.7
WO100072,OH-A145,2025-01-30,Engine,Medium,Closed,4.4,103.12,18.8
WO100073,OH-A112,2025-05-18,Cabin,Medium,Closed,9.3,233.99,27.8
WO100074,OH-A111,2025-12-06,Cabin,Medium,Closed,4.5,286.76,3.3
WO100075,OH-A137,2025-10-13,Inspection,Medium,Closed,7.9,568.6,6.0
WO100076,OH-A124,2025-10-21,Component Replacement,Low,In Progress,15.4,305.88,1.7
WO100077,OH-A138,2025-08-28,Scheduled,Low,Closed,9.1,307.03,4.0
WO100078,OH-A135,2025-03-07,Cabin,Medium,Closed,12.8,199.18,19.6
WO100079,OH-A138,2025-05-22,Scheduled,Critical,Closed,2.1,1198.74,13.7
WO100080,OH-A107,2025-08-07,Inspection,Critical,In Progress,2.4,780.36,7.2
WO100081,OH-A125,2025-09-01,Unscheduled,Medium,Closed,6.7,752.8,8.1
WO100082,OH-A120,2025-02-18,Component Replacement,Medium,In Progress,9.0,185.3,3.2
WO100083,OH-A141,2025-12-21,Component Replacement,Medium,Closed,7.8,241.63,3.6
WO100084,OH-A131,2025-12-08,Unscheduled,Medium,Closed,3.6,649.63,8.4
WO100085,OH-A135,2025-01-14,Scheduled,Low,Closed,8.7,224.19,5.6
WO100086,OH-A142,2025-08-04,Component Replacement,Low,Closed,7.0,159.73,13.3
WO100087,OH-A133,2025-02-22,Cabin,Low,Closed,4.5,538.46,15.0
WO100088,OH-A131,2025-04-26,Scheduled,Critical,Closed,12.3,109.08,5.9
WO100089,OH-A125,2025-11-20,Component Replacement,Medium,Closed,9.0,327.2,10.7
WO100090,OH-A103,2025-09-06,Unscheduled,Medium,Closed,11.4,984.64,8.1
WO100091,OH-A134,2025-05-09,Unscheduled,High,Closed,6.7,466.51,7.9
WO100092,OH-A115,2025-01-01,Scheduled,Medium,Closed,8.4,141.58,19.2
WO100093,OH-A105,2025-11-02,Component Replacement,Medium,Closed,7.7,647.19,2.8
WO100094,OH-A116,2025-04-16,Scheduled,High,Closed,1.9,221.19,18.8
WO100095,OH-A116,2025-08-10,Engine,Low,Closed,6.1,939.78,14.1
WO100096,OH-A118,2025-03-27,Scheduled,Low,Closed,7.4,671.25,10.3
WO100097,OH-A113,2025-10-16,Inspection,Medium,Closed,10.3,285.11,13.1
WO100098,OH-A145,2025-05-07,Scheduled,Low,Closed,3.6,190.59,7.7
WO100099,OH-A142,2025-09-28,Component Replacement,Medium,In Progress,6.4,172.55,5.7
WO100100,OH-A101,2025-02-01,Scheduled,High,Closed,11.9,5375.82,4.4
WO100101,OH-A123,2025-08-13,Unscheduled,High,Closed,5.3,40.8,14.3
WO100102,OH-A114,2025-12-20,Unscheduled,Medium,Closed,2.2,69.39,9.7
WO100103,OH-A140,2025-06-22,Inspection,Low,Closed,8.9,1214.98,22.8
WO100104,OH-A123,2025-06-20,Inspection,Critical,In Progress,6.7,979.09,13.5
WO100105,OH-A130,2025-09-08,Scheduled,High,Closed,1.8,578.44,10.3
WO100106,OH-A104,2025-11-09,Scheduled,Medium,Closed,5.6,55.04,5.6
WO100107,OH-A134,2025-10-24,Scheduled,High,In Progress,6.3,691.47,6.3
WO100108,OH-A123,2025-01-22,Scheduled,High,Closed,5.3,151.46,5.2
WO100109,OH-A142,2025-04-19,Scheduled,Medium,Closed,6.5,365.47,11.3
WO100110,OH-A105,2025-11-05,Scheduled,Medium,Closed,6.9,606.0,7.6
WO100111,OH-A114,2025-12-22,Inspection,High,Closed,7.2,669.54,5.7
WO100112,OH-A140,2025-08-27,Scheduled,Medium,Closed,5.8,210.46,24.0
WO100113,OH-A111,2025-01-02,Unscheduled,Medium,Closed,9.5,1458.16,16.6
WO100114,OH-A112,2025-09-05,Component Replacement,Critical,Closed,9.3,909.5,8.5
WO100115,OH-A114,2025-12-12,Component Replacement,High,Closed,4.2,154.45,9.1
WO100116,OH-A125,2025-10-22,Inspection,Low,Closed,13.5,249.69,13.9
WO100117,OH-A102,2025-09-22,Scheduled,Medium,Closed,4.0,188.92,7.7
WO100118,OH-A129,2025-07-12,Inspection,High,Closed,7.2,378.94,3.3
WO100119,OH-A138,2025-11-26,Scheduled,Low,Open,7.5,756.86,5.4
WO100120,OH-A114,2025-08-20,Inspection,Low,Closed,2.9,63.39,9.2
WO100121,OH-A108,2025-07-06,Cabin,High,Closed,2.4,55.47,9.1
WO100122,OH-A116,2025-11-25,Inspection,High,Open,4.5,175.55,2.3
WO100123,OH-A130,2025-01-02,Cabin,Low,Closed,8.7,1560.4,13.8
WO100124,OH-A124,2025-02-15,Scheduled,Low,Closed,0.9,511.61,2.5
WO100125,OH-A128,2025-11-04,Scheduled,High,Closed,5.0,1953.1,4.0
WO100126,OH-A138,2025-01-21,Scheduled,Low,Closed,2.7,345.24,14.6
WO100127,OH-A145,2025-11-24,Scheduled,Low,Closed,10.1,173.81,7.4
WO100128,OH-A121,2025-12-25,Scheduled,High,Closed,4.9,75.46,17.6
WO100129,OH-A136,2025-04-06,Cabin,High,Closed,7.6,176.06,15.7
WO100130,OH-A123,2025-11-18,Unscheduled,Medium,Closed,5.9,216.99,3.3
WO100131,OH-A106,2025-07-19,Cabin,Medium,Open,9.4,35.69,6.6
WO100132,OH-A128,2025-07-07,Engine,Medium,Closed,4.7,173.98,5.6
WO100133,OH-A145,2025-12-03,Component Replacement,Low,Closed,4.1,172.46,6.0
WO100134,OH-A120,2025-10-12,Cabin,Critical,In Progress,2.7,412.3,5.4
WO100135,OH-A125,2025-11-21,Scheduled,Medium,Closed,7.0,386.78,3.9
WO100136,OH-A134,2025-11-18,Engine,Medium,Closed,8.8,555.59,16.6
WO100137,OH-A139,2025-09-23,Inspection,Medium,Closed,3.2,79.62,4.2
WO100138,OH-A100,2025-06-20,Inspection,Medium,Closed,5.7,129.67,7.2
WO100139,OH-A102,2025-03-09,Inspection,Low,Closed,13.3,1018.35,4.0
WO100140,OH-A123,2025-02-05,Cabin,Medium,Open,5.0,311.36,9.4
WO100141,OH-A105,2025-04-03,Cabin,Medium,Closed,3.0,940.99,7.0
WO100142,OH-A144,2025-06-25,Scheduled,High,Open,4.9,350.3,5.8
WO100143,OH-A133,2025-02-20,Scheduled,High,Closed,4.7,486.47,16.5
WO100144,OH-A129,2025-05-09,Scheduled,Low,Closed,9.2,684.5,7.7
WO100145,OH-A128,2025-10-18,Engine,Medium,Closed,6.5,231.25,8.2
WO100146,OH-A123,2025-01-09,Scheduled,Medium,Closed,1.8,207.03,2.3
WO100147,OH-A102,2025-04-23,Inspection,Medium,Closed,10.6,204.39,9.1
WO100148,OH-A137,2025-12-17,Unscheduled,High,Closed,3.6,373.17,13.4
WO100149,OH-A122,2025-04-29,Cabin,High,Closed,2.8,716.37,4.8
WO100150,OH-A118,2025-09-19,Engine,Medium,Closed,5.9,268.64,7.0
WO100151,OH-A120,2025-08-11,Unscheduled,Medium,Closed,4.1,1280.59,18.5
WO100152,OH-A122,2025-10-14,Unscheduled,Low,Closed,9.7,2320.71,5.7
WO100153,OH-A145,2025-09-24,Engine,Low,Closed,6.8,167.59,12.1
WO100154,OH-A109,2025-08-06,Scheduled,Low,Closed,4.9,1324.03,7.3
WO100155,OH-A108,2025-12-21,Inspection,Medium,Closed,3.6,396.27,16.7
WO100156,OH-A105,2025-04-09,Cabin,Medium,Closed,13.7,590.37,10.2
WO100157,OH-A129,2025-04-13,Inspection,Medium,Closed,11.8,352.86,5.2
WO100158,OH-A101,2025-08-02,Cabin,Medium,Closed,5.7,1365.29,3.1
WO100159,OH-A138,2025-09-18,Unscheduled,Low,Closed,1.6,570.99,20.9
WO100160,OH-A135,2025-09-06,Inspection,Medium,Closed,4.9,284.95,11.4
WO100161,OH-A134,2025-12-16,Cabin,Low,Closed,9.1,265.76,10.0
WO100162,OH-A122,2025-08-07,Component Replacement,Medium,Closed,3.3,121.36,6.3
WO100163,OH-A119,2025-10-06,Cabin,Medium,Closed,14.3,227.78,2.7
WO100164,OH-A145,2025-02-16,Engine,Low,Closed,13.2,1366.93,10.5
WO100165,OH-A139,2025-01-14,Scheduled,Medium,Closed,4.2,1191.54,10.2
WO100166,OH-A108,2025-10-24,Scheduled,High,Closed,3.5,212.71,12.0
WO100167,OH-A112,2025-06-13,Component Replacement,Low,Closed,9.9,134.56,17.6
WO100168,OH-A111,2025-04-19,Cabin,High,Open,7.9,1045.0,9.6
WO100169,OH-A122,2025-10-01,Engine,Low,Closed,5.1,619.64,2.4
WO100170,OH-A130,2025-05-25,Unscheduled,High,Closed,10.3,55.92,12.6
WO100171,OH-A110,2025-01-11,Inspection,Low,Closed,2.6,7184.83,21.4
WO100172,OH-A102,2025-07-21,Inspection,Critical,Closed,5.5,408.16,8.0
WO100173,OH-A118,2025-02-15,Unscheduled,Low,Closed,11.9,2212.03,7.7
WO100174,OH-A124,2025-12-23,Inspection,Critical,Closed,8.7,480.2,7.2
WO100175,OH-A132,2025-04-30,Cabin,Low,Closed,9.9,142.49,8.8
WO100176,OH-A105,2025-04-25,Inspection,Medium,Open,21.0,489.82,10.5
WO100177,OH-A133,2025-11-04,Scheduled,Medium,Closed,7.4,92.99,12.0
WO100178,OH-A107,2025-01-16,Unscheduled,Low,Closed,7.5,355.7,5.6
WO100179,OH-A114,2025-09-05,Scheduled,Low,Closed,2.8,135.91,5.9
WO100180,OH-A124,2025-12-21,Inspection,Low,Closed,4.8,328.84,0.8
WO100181,OH-A105,2025-01-11,Cabin,Medium,Closed,8.5,516.98,2.4
WO100182,OH-A127,2025-12-16,Inspection,Medium,Closed,8.2,542.14,6.7
WO100183,OH-A101,2025-08-14,Engine,Medium,Closed,10.2,93.71,10.6
WO100184,OH-A110,2025-03-14,Component Replacement,Medium,Closed,6.3,211.7,6.4
WO100185,OH-A127,2025-11-08,Unscheduled,Low,Closed,6.2,55.97,13.3
WO100186,OH-A113,2025-10-30,Inspection,Medium,Closed,5.6,750.59,5.3
WO100187,OH-A120,2025-12-25,Inspection,High,Closed,1.7,494.14,5.6
WO100188,OH-A113,2025-12-02,Unscheduled,Low,Closed,2.9,124.6,15.8
WO100189,OH-A124,2025-08-11,Scheduled,High,Closed,5.4,1645.66,10.4
WO100190,OH-A106,2025-01-05,Component Replacement,Low,Closed,11.0,643.27,14.5
WO100191,OH-A107,2025-09-30,Scheduled,Medium,Closed,6.5,363.13,10.7
WO100192,OH-A146,2025-10-03,Scheduled,High,Closed,5.7,251.31,9.1
WO100193,OH-A115,2025-10-10,Unscheduled,Medium,Closed,5.9,213.25,10.5
WO100194,OH-A133,2025-03-07,Cabin,Medium,Closed,5.3,183.24,3.7
WO100195,OH-A100,2025-09-25,Unscheduled,Medium,Open,5.3,1305.0,1.6
WO100196,OH-A105,2025-10-29,Component Replacement,Medium,In Progress,3.8,530.84,3.4
WO100197,OH-A137,2025-01-28,Unscheduled,Medium,Closed,6.9,141.32,2.4
WO100198,OH-A117,2025-01-08,Scheduled,Critical,Closed,11.1,1475.67,10.2
WO100199,OH-A114,2025-01-31,Scheduled,High,Closed,6.2,368.56,16.0
WO100200,OH-A108,2025-09-10,Scheduled,Low,Closed,7.3,160.93,3.6
WO100201,OH-A112,2025-04-20,Unscheduled,Medium,Closed,6.5,2908.72,9.9
WO100202,OH-A111,2025-10-26,Unscheduled,Medium,Open,8.2,134.96,19.6
WO100203,OH-A138,2025-12-16,Inspection,Medium,Closed,5.5,176.75,14.0
WO100204,OH-A145,2025-01-14,Scheduled,Low,In Progress,1.7,403.51,10.9
WO100205,OH-A101,2025-09-27,Scheduled,High,Closed,3.6,556.81,8.5
WO100206,OH-A106,2025-10-04,Scheduled,Medium,Closed,5.8,190.02,10.4
WO100207,OH-A130,2025-01-28,Engine,Low,Closed,14.8,44.22,9.3
WO100208,OH-A142,2025-02-13,Unscheduled,Low,Closed,3.8,416.75,7.7
WO100209,OH-A115,2025-10-22,Inspection,Medium,Closed,4.4,141.74,4.1
WO100210,OH-A140,2025-01-29,Component Replacement,High,Open,4.2,,5.5
WO100211,OH-A100,2025-03-14,Scheduled,Medium,Closed,1.9,179.43,9.9
WO100212,OH-A135,2025-12-03,Scheduled,Low,Closed,5.8,136.51,15.2
WO100213,OH-A145,2025-09-23,Inspection,Low,Closed,1.5,309.06,3.7
WO100214,OH-A123,2025-12-03,Cabin,Medium,Closed,7.0,214.41,25.3
WO100215,OH-A128,2025-04-11,Cabin,Medium,Closed,8.3,174.15,2.2
WO100216,OH-A112,2025-09-28,Unscheduled,Low,Closed,1.3,1059.57,4.5
WO100217,OH-A137,2025-08-11,Scheduled,High,Closed,21.0,149.17,10.2
WO100218,OH-A139,2025-11-21,Unscheduled,Low,Closed,2.3,313.41,12.6
WO100219,OH-A139,2025-03-24,Scheduled,High,Closed,3.2,388.59,5.6
WO100220,OH-A140,2025-01-07,Cabin,High,Closed,17.1,74.39,8.7
WO100221,OH-A103,2025-05-26,Scheduled,Low,Closed,2.2,131.93,7.7
WO100222,OH-A125,2025-07-06,Scheduled,High,Closed,6.3,387.78,6.8
WO100223,OH-A124,2025-07-29,Scheduled,Medium,Closed,7.5,373.53,4.5
WO100224,OH-A102,2025-11-15,Engine,High,Closed,5.0,183.43,10.1
WO100225,OH-A138,2025-09-08,Unscheduled,Medium,Closed,5.0,393.06,10.4
WO100226,OH-A109,2025-11-22,Scheduled,High,Closed,7.5,527.26,8.5
WO100227,OH-A120,2025-09-24,Unscheduled,Medium,Closed,11.5,725.48,13.3
WO100228,OH-A102,2025-05-14,Scheduled,Low,Closed,6.3,785.59,10.0
WO100229,OH-A137,2025-10-26,Scheduled,Critical,Closed,15.4,1351.64,5.1
WO100230,OH-A108,2025-04-29,Cabin,High,Closed,2.2,449.28,19.7
WO100231,OH-A124,2025-10-24,Inspection,Low,Closed,15.2,100.59,11.7
WO100232,OH-A124,2025-09-13,Inspection,Medium,Closed,4.7,300.14,6.9
WO100233,OH-A104,2025-03-22,Unscheduled,Critical,Closed,15.1,113.4,6.3
WO100234,OH-A141,2025-01-22,Unscheduled,Medium,Closed,8.6,939.21,6.2
WO100235,OH-A100,2025-11-20,Component Replacement,Medium,Open,3.2,1592.59,3.9
WO100236,OH-A131,2025-10-12,Scheduled,Low,Closed,-2.0,400.97,5.4
WO100237,OH-A108,2025-01-19,Inspection,Medium,Closed,1.6,1289.91,9.3
WO100238,OH-A128,2025-04-02,Inspection,Medium,Closed,3.9,1204.72,11.9
WO100239,OH-A110,2025-06-26,Unscheduled,Medium,Closed,5.1,546.58,18.3
WO100240,OH-A135,2025-07-10,Scheduled,Medium,Closed,5.9,683.12,7.0
WO100241,OH-A127,2025-05-18,Engine,Medium,Closed,11.7,1041.81,9.9
WO100242,OH-A130,2025-03-12,Cabin,Low,In Progress,4.3,99.88,9.7
WO100243,OH-A147,2025-09-01,Scheduled,High,Closed,3.5,516.88,5.4
WO100244,OH-A121,2025-09-26,Scheduled,Low,Closed,3.4,702.11,11.2
WO100245,OH-A136,2025-08-22,Inspection,Medium,Closed,6.8,96.11,3.1
WO100246,OH-A139,2025-12-16,Component Replacement,High,Closed,9.3,2730.45,8.0
WO100247,OH-A115,2025-05-24,Unscheduled,High,Closed,4.0,1202.93,7.0
WO100248,OH-A114,2025-07-17,Cabin,Low,Closed,6.8,1212.83,5.6
WO100249,OH-A133,2025-04-26,Engine,High,Closed,0.6,607.22,10.4
WO100250,OH-A144,2025-12-14,Scheduled,Low,Closed,4.5,156.24,18.4
WO100251,OH-A100,2025-06-02,Scheduled,Low,Closed,1.8,113.47,14.3
WO100252,OH-A105,2025-05-27,Scheduled,High,Closed,14.3,365.32,9.6
WO100253,OH-A108,2025-09-29,Engine,Low,Open,14.6,809.83,13.7
WO100254,OH-A130,2025-04-15,Inspection,Medium,Closed,6.7,694.01,21.6
WO100255,OH-A120,2025-05-13,Cabin,High,Closed,2.1,2231.05,5.1
WO100256,OH-A124,2025-11-03,Component Replacement,Low,Closed,2.4,295.68,7.9
WO100257,OH-A115,2025-01-08,Component Replacement,High,Closed,6.5,281.46,11.1
WO100258,OH-A120,2025-01-14,Scheduled,Medium,Closed,6.3,406.58,11.6
WO100259,OH-A137,2025-11-13,Scheduled,Medium,Closed,1.7,126.95,7.1
WO100260,OH-A120,2025-04-13,Cabin,Medium,Closed,4.2,1811.45,9.7
WO100261,OH-A118,2025-10-12,Unscheduled,Medium,Closed,5.6,314.18,7.3
WO100262,OH-A102,2025-09-10,Cabin,High,Closed,11.9,519.69,8.3
WO100263,OH-A118,2025-03-14,Unscheduled,High,Closed,7.8,910.79,2.4
WO100264,OH-A136,2025-03-10,Inspection,Medium,Closed,4.5,190.06,18.3
WO100265,OH-A106,2025-12-26,Inspection,Medium,Closed,12.5,532.39,2.0
WO100266,OH-A116,2025-11-22,Scheduled,Medium,Closed,13.9,400.35,6.0
WO100267,OH-A113,2025-04-04,Unscheduled,Medium,Closed,9.1,1069.97,11.9
WO100268,OH-A122,2025-06-25,Cabin,Low,Open,2.0,406.84,15.4
WO100269,OH-A139,2025-11-11,Unscheduled,Medium,Closed,5.2,23.18,7.2
WO100270,OH-A140,2025-03-31,Unscheduled,Medium,Closed,4.3,158.47,12.8
WO100271,OH-A118,2025-08-30,Component Replacement,Medium,Closed,3.9,90.04,8.0
WO100272,OH-A127,2025-05-16,Component Replacement,Low,Closed,12.8,2771.65,10.3
WO100273,OH-A139,2025-11-18,Engine,Medium,Closed,13.5,1660.01,6.2
WO100274,OH-A140,2025-04-14,Unscheduled,Critical,Closed,4.4,46.98,12.0
WO100275,OH-A128,2025-06-08,Unscheduled,Low,In Progress,5.0,146.86,3.6
WO100276,OH-A106,2025-09-13,Unscheduled,Medium,Closed,2.4,100.99,24.8
WO100277,OH-A118,2025-09-03,Cabin,Low,Closed,12.0,500.92,5.4
WO100278,OH-A113,2025-02-10,Cabin,Medium,Open,10.4,155.11,3.9
WO100279,OH-A132,2025-02-01,Inspection,Low,Closed,3.7,309.36,8.4
WO100280,OH-A110,2025-11-08,Scheduled,High,Closed,4.0,101.78,6.8
WO100281,OH-A101,2025-10-06,Cabin,Medium,Closed,7.5,620.37,18.2
WO100282,OH-A142,2025-02-24,Scheduled,Critical,Closed,7.4,75.24,22.4
WO100283,OH-A105,2025-08-25,Scheduled,Low,Closed,5.9,4929.96,5.6
WO100284,OH-A137,2025-04-14,Unscheduled,High,Closed,9.9,1815.91,11.0
WO100285,OH-A145,2025-05-29,Inspection,Low,Closed,8.1,4825.53,10.3
WO100286,OH-A140,2025-08-17,Scheduled,Low,Closed,6.9,739.81,10.8
WO100287,OH-A123,2025-08-21,Unscheduled,High,Closed,4.3,1914.08,4.5
WO100288,OH-A127,2025-05-10,Component Replacement,Medium,Closed,8.3,985.14,4.4
WO100289,OH-A134,2025-10-31,Inspection,Medium,Closed,6.9,147.75,8.9
WO100290,OH-A110,2025-07-06,Scheduled,Medium,In Progress,4.5,278.03,10.5
WO100291,OH-A120,2025-10-24,Scheduled,Medium,In Progress,4.7,616.49,3.3
WO100292,OH-A118,2025-07-27,Component Replacement,Low,Closed,3.7,1276.94,6.0
WO100293,OH-A113,2025-05-11,Scheduled,High,Open,6.5,400.78,7.7
WO100294,OH-A126,2025-04-05,Scheduled,Medium,Closed,9.2,702.47,15.8
WO100295,OH-A120,2025-01-05,Cabin,High,Closed,2.8,289.27,13.4
WO100296,OH-A100,2025-07-15,Inspection,High,Closed,4.6,267.09,17.9
WO100297,OH-A104,2025-07-23,Unscheduled,High,Closed,9.5,92.62,8.4
WO100298,OH-A130,2025-12-09,Inspection,Medium,Closed,5.1,628.1,6.5
WO100299,OH-A126,2025-04-05,Inspection,Low,Closed,6.0,246.62,17.3
WO100300,OH-A141,2025-01-01,Unscheduled,High,Closed,3.3,111.62,8.2
WO100301,OH-A103,2025-11-23,Inspection,High,Closed,3.1,222.98,12.0
WO100302,OH-A115,2025-08-06,Component Replacement,Medium,Closed,4.5,536.62,1.9
WO100303,OH-A118,2025-01-19,Scheduled,High,Closed,5.3,786.9,7.9
WO100304,OH-A132,2025-04-27,Unscheduled,Low,Closed,7.4,335.47,8.2
WO100305,OH-A120,2025-12-21,Unscheduled,Low,Closed,12.7,1174.01,8.1
WO100306,OH-A123,2025-11-11,Component Replacement,Low,Closed,3.1,1790.5,8.8
WO100307,OH-A144,2025-07-21,Component Replacement,Medium,Closed,2.2,302.85,17.0
WO100308,OH-A100,2025-02-05,Engine,Medium,Closed,2.0,1068.21,6.1
WO100309,OH-A142,2025-08-26,Unscheduled,Low,Closed,6.4,206.98,13.3
WO100310,OH-A113,2025-01-23,Inspection,Medium,Closed,7.4,109.91,3.0
WO100311,OH-A101,2025-05-23,Component Replacement,Medium,Closed,3.9,156.84,3.2
WO100312,OH-A125,2025-05-28,Unscheduled,Medium,Closed,6.2,169.94,4.6
WO100313,OH-A110,2025-10-11,Cabin,Low,Closed,10.0,260.41,5.4
WO100314,OH-A134,2025-09-03,Unscheduled,Low,Closed,5.0,2928.5,13.2
WO100315,OH-A136,2025-06-24,Inspection,Medium,Closed,4.8,238.98,8.9
WO100316,OH-A119,2025-01-03,Engine,Low,Closed,2.7,276.87,2.5
WO100317,OH-A137,2025-01-07,Component Replacement,Medium,Closed,7.2,470.41,9.5
WO100318,OH-A108,2025-10-24,Unscheduled,Medium,Closed,3.7,107.7,9.5
WO100319,OH-A116,2025-08-26,Unscheduled,High,Closed,8.2,466.8,0.6
WO100320,OH-A102,2025-05-03,Inspection,Low,Open,5.0,777.99,17.9
WO100321,OH-A130,2025-10-01,Unscheduled,Low,Closed,5.3,1776.85,4.9
WO100322,OH-A134,2025-12-02,Inspection,High,Closed,1.7,1500.95,13.2
WO100323,OH-A136,2025-01-05,Component Replacement,Low,Closed,10.2,580.05,11.5
WO100324,OH-A117,2025-11-27,Scheduled,Medium,Closed,8.9,322.67,3.8
WO100325,OH-A140,2025-04-01,Inspection,High,Closed,3.6,341.88,16.0
WO100326,OH-A131,2025-10-06,Scheduled,Low,Closed,8.3,606.39,10.4
WO100327,OH-A127,2025-08-04,Component Replacement,Critical,In Progress,3.0,385.05,15.9
WO100328,OH-A110,2025-09-27,Scheduled,Medium,In Progress,8.3,368.44,20.6
WO100329,OH-A140,2025-02-12,Unscheduled,High,Closed,7.5,158.45,4.5
WO100330,OH-A136,2025-08-08,Scheduled,High,Closed,12.3,788.92,10.0
WO100331,OH-A142,2025-12-19,Unscheduled,High,Open,7.4,543.35,3.0
WO100332,OH-A116,2025-10-17,Inspection,Low,In Progress,3.4,189.37,15.8
WO100333,OH-A126,2025-10-19,Unscheduled,Medium,Closed,6.2,1788.29,2.4
WO100334,OH-A102,2025-03-07,Unscheduled,Medium,Closed,4.9,496.97,3.6
WO100335,OH-A128,2025-04-11,Cabin,Medium,Closed,11.9,97.12,5.8
WO100336,OH-A124,2025-10-26,Scheduled,High,Closed,2.3,1037.84,8.2
WO100337,OH-A139,2025-05-28,Unscheduled,Medium,Closed,6.1,205.89,13.6
WO100338,OH-A135,2025-07-26,Inspection,Medium,Closed,3.3,267.79,2.6
WO100339,OH-A147,2025-03-03,Engine,Medium,Open,13.5,334.65,9.9
WO100340,OH-A144,2025-10-13,Scheduled,Low,Closed,6.4,956.44,5.6
WO100341,OH-A108,2025-06-12,Unscheduled,Medium,Closed,7.7,380.8,8.0
WO100342,OH-A146,2025-06-30,Engine,Low,Closed,4.9,748.71,17.6
WO100343,OH-A101,2025-12-14,Inspection,Medium,Closed,8.4,83.63,8.8
WO100344,OH-A121,2025-08-19,Engine,Low,Closed,3.4,133.84,11.4
WO100345,OH-A144,2025-06-10,Scheduled,High,Closed,3.5,416.53,1.8
WO100346,OH-A129,2025-05-05,Scheduled,Low,Closed,11.8,195.36,4.9
WO100347,OH-A147,2025-08-08,Inspection,Medium,Closed,18.6,328.87,8.2
WO100348,OH-A126,2025-06-04,Scheduled,Medium,Closed,1.8,850.55,3.1
WO100349,OH-A132,2025-03-24,Unscheduled,Medium,Closed,4.1,180.7,2.3
WO100350,OH-A125,2025-05-14,Scheduled,Medium,Open,9.9,193.38,5.0
WO100351,OH-A144,2025-04-15,Unscheduled,High,Closed,7.5,450.21,8.2
WO100352,OH-A105,2025-09-28,Cabin,Low,Closed,3.7,48.12,13.1
WO100353,OH-A118,2025-07-03,Cabin,Medium,Closed,4.8,1104.97,13.1
WO100354,OH-A132,2025-03-15,Unscheduled,Medium,Closed,3.9,459.5,7.6
WO100355,OH-A123,2025-02-24,Scheduled,Medium,Closed,8.1,442.77,8.9
WO100356,OH-A146,2025-12-06,Cabin,High,Closed,3.7,235.26,2.8
WO100357,OH-A127,2025-11-21,Inspection,Medium,Closed,4.8,803.57,23.5
WO100358,OH-A106,2025-10-30,Inspection,Low,Closed,8.8,343.29,18.8
WO100359,OH-A129,2025-09-26,Engine,Medium,Closed,6.8,1374.9,10.3
WO100360,OH-A114,2025-11-11,Unscheduled,Medium,Closed,10.7,72.9,6.8
WO100361,OH-A122,2025-08-25,Unscheduled,Low,In Progress,3.6,429.78,15.5
WO100362,OH-A103,2025-11-30,Engine,Medium,Closed,4.7,420.89,23.7
WO100363,OH-A141,2025-12-02,Unscheduled,Medium,Closed,3.4,550.75,11.2
WO100364,OH-A119,2025-06-09,Component Replacement,High,Closed,4.3,1641.98,13.2
WO100365,OH-A138,2025-04-01,Cabin,Low,Closed,2.5,,5.8
WO100366,OH-A123,2025-11-22,Unscheduled,Medium,Closed,1.1,100.03,3.2
WO100367,OH-A145,2025-10-29,Cabin,Medium,Closed,2.2,283.42,7.7
WO100368,OH-A117,2025-06-12,Unscheduled,Low,In Progress,9.1,60.79,12.1
WO100369,OH-A105,2025-11-28,Cabin,Medium,Closed,2.4,4050.31,2.7
WO100370,OH-A122,2025-02-07,Unscheduled,Medium,Closed,7.3,1026.0,22.6
WO100371,OH-A101,2025-10-27,Scheduled,Medium,In Progress,4.4,676.72,11.5
WO100372,OH-A138,2025-01-19,Component Replacement,High,In Progress,4.9,882.62,13.1
WO100373,OH-A144,2025-02-07,Cabin,Low,Closed,2.5,1438.02,1.8
WO100374,OH-A110,2025-01-24,Component Replacement,Medium,Open,4.0,218.19,6.0
WO100375,OH-A102,2025-01-30,Component Replacement,Low,Closed,6.5,281.18,8.9
WO100376,OH-A136,2025-03-10,Cabin,Low,Closed,2.4,568.09,3.7
WO100377,OH-A133,2025-05-13,Inspection,Medium,Closed,3.8,243.66,28.2
WO100378,OH-A138,2025-05-12,Cabin,Medium,Closed,5.9,159.57,18.1
WO100379,OH-A127,2025-06-03,Scheduled,Medium,Closed,7.4,237.57,9.2
WO100380,OH-A127,2025-12-24,Scheduled,Medium,Closed,5.0,590.94,14.2
WO100381,OH-A113,2025-07-06,Scheduled,Medium,Closed,13.8,1003.71,6.8
WO100382,OH-A115,2025-03-30,Cabin,Medium,Closed,5.8,113.2,16.3
WO100383,OH-A130,2025-02-20,Scheduled,Low,Closed,8.3,333.7,7.8
WO100384,OH-A144,2025-11-30,Unscheduled,Medium,Closed,6.5,382.21,21.7
WO100385,OH-A114,2025-04-11,Scheduled,High,Closed,4.5,100.42,5.5
WO100386,OH-A117,2025-10-23,Scheduled,High,Closed,1.6,631.97,3.1
WO100387,OH-A128,2025-10-16,Inspection,Low,Closed,8.9,362.46,8.3
WO100388,OH-A102,2025-11-11,Scheduled,Medium,Closed,8.8,157.82,5.1
WO100389,OH-A131,2025-02-23,Cabin,Medium,Closed,13.5,249.05,11.3
WO100390,OH-A106,2025-10-14,Cabin,High,Open,4.5,689.01,4.5
WO100391,OH-A132,2025-10-13,Inspection,Low,Closed,16.3,1072.63,28.2
WO100392,OH-A142,2025-12-22,Unscheduled,Low,Closed,8.5,566.56,3.0
WO100393,OH-A143,2025-09-16,Cabin,High,Closed,10.7,2713.79,11.6
WO100394,OH-A107,2025-02-13,Unscheduled,Low,In Progress,2.6,1230.76,6.7
WO100395,OH-A128,2025-06-17,Scheduled,Critical,Closed,6.1,700.19,19.8
WO100396,OH-A121,2025-06-24,Unscheduled,Medium,Closed,12.3,199.79,7.0
WO100397,OH-A123,2025-06-22,Unscheduled,Medium,Closed,2.6,1250.32,7.0
WO100398,OH-A133,2025-05-06,Inspection,Low,Closed,0.6,187.05,6.6
WO100399,OH-A147,2025-10-20,Unscheduled,High,In Progress,4.3,851.33,11.8
WO100400,OH-A127,2025-04-14,Engine,Low,Closed,13.9,35.02,6.5
WO100401,OH-A126,2025-06-12,Inspection,Medium,Open,11.3,246.22,5.9
WO100402,OH-A131,2025-06-13,Scheduled,Low,Closed,5.7,99.71,2.9
WO100403,OH-A124,2025-08-23,Unscheduled,Low,Open,3.8,303.01,4.7
WO100404,OH-A116,2025-06-25,Component Replacement,Medium,Closed,7.8,86.56,14.0
WO100405,OH-A139,2025-12-21,Scheduled,Low,Closed,11.3,415.12,5.2
WO100406,OH-A131,2025-12-26,Scheduled,Medium,Closed,8.5,643.6,9.5
WO100407,OH-A127,2025-06-19,Component Replacement,Medium,Open,12.2,210.59,2.0
WO100408,OH-A100,2025-04-07,Unscheduled,Medium,Closed,12.3,292.94,13.6
WO100409,OH-A113,2025-10-05,Scheduled,Medium,Closed,7.4,502.44,31.9
WO100410,OH-A112,2025-11-29,Unscheduled,Low,Closed,8.8,384.87,3.6
WO100411,OH-A131,2025-11-20,Inspection,High,Closed,6.5,1552.97,4.3
WO100412,OH-A105,2025-03-02,Scheduled,Low,Closed,1.7,203.29,7.2
WO100413,OH-A118,2025-01-20,Component Replacement,Medium,Closed,6.6,690.37,2.3
WO100414,OH-A121,2025-08-31,Unscheduled,High,Closed,2.7,523.34,3.9
WO100415,OH-A135,2025-04-20,Scheduled,High,Closed,2.4,82.37,13.1
WO100416,OH-A106,2025-04-22,Engine,Low,Closed,9.9,440.22,8.5
WO100417,OH-A129,2025-01-11,Inspection,Medium,Closed,4.1,369.86,8.5
WO100418,OH-A126,2025-12-17,Cabin,High,Closed,5.1,246.56,2.0
WO100419,OH-A135,2025-01-01,Scheduled,High,Closed,3.1,2378.75,3.0
WO100420,OH-A108,2025-08-20,Unscheduled,Medium,Open,3.5,1458.27,6.1
WO100421,OH-A128,2025-12-04,Inspection,Low,Closed,5.6,188.17,18.0
WO100422,OH-A119,2025-01-24,Cabin,Medium,Closed,6.9,761.52,5.9
WO100423,OH-A112,2025-08-13,Component Replacement,Critical,Closed,5.4,848.85,9.7
WO100424,OH-A103,2025-12-04,Inspection,Low,Closed,7.7,466.79,5.2
WO100425,OH-A118,2025-05-30,Component Replacement,High,Closed,9.1,134.54,8.4
WO100426,OH-A121,2025-04-18,Scheduled,Medium,Closed,2.0,155.66,23.3
WO100427,OH-A102,2025-09-15,Component Replacement,Medium,Closed,7.9,683.95,10.8
WO100428,OH-A138,2025-12-05,Inspection,Low,Closed,6.6,669.71,7.1
WO100429,OH-A133,2025-07-23,Scheduled,Low,Closed,6.6,303.27,12.6
WO100430,OH-A115,2025-01-05,Scheduled,Medium,Closed,2.8,1503.84,12.3
WO100431,OH-A102,2025-09-07,Scheduled,High,Closed,4.6,1796.19,11.5
WO100432,OH-A133,2025-03-21,Scheduled,Medium,Closed,8.3,1775.11,6.0
WO100433,OH-A101,2025-12-27,Scheduled,Medium,Closed,2.5,1782.68,2.6
WO100434,OH-A120,2025-04-12,Scheduled,Critical,Closed,18.0,397.09,7.7
WO100435,OH-A109,2025-08-21,Inspection,Medium,Closed,10.0,106.18,4.0
WO100436,OH-A111,2025-09-09,Unscheduled,High,Closed,3.3,292.25,3.6
WO100437,OH-A136,2025-06-12,Scheduled,Low,Closed,4.9,359.67,9.6
WO100438,OH-A114,2025-10-19,Inspection,Low,Closed,2.3,214.92,8.2
WO100439,OH-A111,2025-11-24,Scheduled,Medium,Closed,10.2,275.66,12.5
WO100440,OH-A114,2025-08-18,Unscheduled,Critical,In Progress,5.4,127.04,11.4
WO100441,OH-A107,2025-10-03,Cabin,Medium,Closed,6.8,824.22,12.3
WO100442,OH-A135,2025-01-23,Component Replacement,Low,Closed,6.0,2055.55,29.3
WO100443,OH-A123,2025-03-30,Inspection,Critical,Closed,8.6,4367.72,6.0
WO100444,OH-A109,2025-06-08,Inspection,High,Closed,3.2,517.1,11.0
WO100445,OH-A114,2025-02-17,Scheduled,Medium,Closed,20.7,339.81,9.5
WO100446,OH-A146,2025-06-30,Unscheduled,Medium,Closed,8.6,388.79,1.9
WO100447,OH-A127,2025-01-27,Unscheduled,Medium,Closed,9.2,1573.71,7.6
WO100448,OH-A132,2025-05-11,Unscheduled,Low,Closed,7.1,1547.34,3.6
WO100449,OH-A141,2025-01-23,Cabin,Medium,Closed,3.2,317.16,13.9
WO100450,OH-A119,2025-06-03,Component Replacement,Low,Closed,4.9,1344.06,5.7
WO100451,OH-A116,2025-05-29,Inspection,Medium,Open,4.5,474.19,4.7
WO100452,OH-A147,2025-06-26,Component Replacement,Medium,Closed,11.2,193.34,17.6
WO100453,OH-A127,2025-12-28,Component Replacement,Medium,Closed,3.4,345.63,10.2
WO100454,OH-A110,2025-07-22,Unscheduled,High,Closed,6.2,2215.17,11.7
WO100455,OH-A141,2025-02-23,Engine,Medium,In Progress,2.6,830.22,9.7
WO100456,OH-A136,2025-08-19,Inspection,Medium,Closed,8.5,243.04,3.9
WO100457,OH-A119,2025-12-24,Component Replacement,Low,Closed,3.9,1030.02,2.9
WO100458,OH-A113,2025-03-18,Scheduled,Low,Closed,9.0,823.79,11.6
WO100459,OH-A131,2025-01-30,Inspection,Low,Closed,10.5,295.91,16.5
WO100460,OH-A126,2025-11-26,Unscheduled,Low,Open,15.7,191.21,7.0
WO100461,OH-A111,2025-03-04,Scheduled,Medium,Closed,5.5,132.78,16.8
WO100462,OH-A102,2025-10-30,Inspection,Medium,Closed,7.0,77.92,7.1
WO100463,OH-A139,2025-06-06,Cabin,High,Closed,5.9,209.71,6.2
WO100464,OH-A140,2025-10-15,Component Replacement,Low,Closed,4.8,337.75,9.2
WO100465,OH-A143,2025-09-18,Scheduled,Low,Closed,9.8,1422.48,4.5
WO100466,OH-A117,2025-10-22,Scheduled,High,Closed,4.6,919.91,13.0
WO100467,OH-A133,2025-10-05,Unscheduled,Low,Closed,8.7,491.03,17.4
WO100468,OH-A128,2025-07-11,Scheduled,Medium,Closed,0.9,61.94,3.9
WO100469,OH-A112,2025-03-31,Scheduled,Medium,Closed,3.9,542.0,6.0
WO100470,OH-A144,2025-12-14,Scheduled,Medium,Closed,9.9,77.83,17.3
WO100471,OH-A116,2025-03-10,Unscheduled,Low,Closed,6.1,966.03,5.1
WO100472,OH-A101,2025-05-14,Scheduled,Low,In Progress,10.7,993.74,4.9
WO100473,OH-A107,2025-04-13,Scheduled,Critical,Open,6.2,424.5,21.3
WO100474,OH-A146,2025-06-03,Engine,High,Closed,9.5,913.1,23.9
WO100475,OH-A103,2025-04-02,Cabin,Medium,Closed,3.9,1112.32,9.8
WO100476,OH-A125,2025-10-25,Engine,Low,Closed,8.8,450.15,9.3
WO100477,OH-A123,2025-06-09,Scheduled,Medium,Closed,7.9,349.01,24.4
WO100478,OH-A137,2025-11-14,Scheduled,Medium,Closed,5.7,106.83,17.9
WO100479,OH-A139,2025-01-12,Inspection,Low,Closed,9.6,282.85,24.9
WO100480,OH-A122,2025-06-13,Component Replacement,Critical,Closed,10.5,148.92,5.6
WO100481,OH-A130,2025-08-02,Inspection,Critical,Closed,9.1,147.43,6.7
WO100482,OH-A139,2025-11-06,Engine,Low,In Progress,9.8,193.85,1.7
WO100483,OH-A138,2025-09-24,Unscheduled,Low,Closed,7.9,56.74,2.0
WO100484,OH-A142,2025-08-20,Cabin,Medium,Open,3.0,1074.22,2.3
WO100485,OH-A133,2025-11-05,Component Replacement,Medium,Open,6.6,502.2,6.8
WO100486,OH-A118,2025-05-22,Scheduled,Medium,Closed,5.8,1288.04,4.5
WO100487,OH-A126,2025-12-16,Unscheduled,Medium,Closed,7.4,899.6,9.7
WO100488,OH-A134,2025-11-27,Inspection,Medium,Closed,10.5,664.38,5.4
WO100489,OH-A114,2025-11-28,Scheduled,Low,Closed,9.3,892.68,19.8
WO100490,OH-A147,2025-07-03,Unscheduled,Low,Closed,9.0,469.1,4.2
WO100491,OH-A121,2025-02-04,Inspection,Medium,Open,1.3,1487.82,1.6
WO100492,OH-A136,2025-11-06,Inspection,Medium,Closed,5.9,242.32,2.9
WO100493,OH-A124,2025-06-01,Engine,High,Closed,4.8,395.39,18.2
WO100494,OH-A145,2025-10-24,Scheduled,Low,Closed,8.4,305.15,4.3
WO100495,OH-A132,2025-01-21,Cabin,High,Closed,11.9,3032.23,13.6
WO100496,OH-A135,2025-02-05,Unscheduled,Medium,Closed,7.2,214.47,9.5
WO100497,OH-A137,2025-05-08,Cabin,Medium,Closed,2.6,1462.28,16.5
WO100498,OH-A115,2025-11-14,Scheduled,Low,Closed,6.2,103.2,21.1
WO100499,OH-A116,2025-01-12,Unscheduled,Medium,Closed,0.5,445.98,10.1
WO100500,OH-A139,2025-03-01,Cabin,Medium,Closed,10.0,336.44,10.3
WO100501,OH-A122,2025-06-30,Scheduled,High,Closed,4.7,145.35,1.0
WO100502,OH-A131,2025-10-25,Engine,Low,Closed,11.1,207.59,9.0
WO100503,OH-A124,2025-02-26,Unscheduled,Medium,Closed,11.3,667.18,6.0
WO100504,OH-A101,2025-10-03,Unscheduled,Medium,Closed,12.6,288.17,12.5
WO100505,OH-A122,2025-06-28,Inspection,Medium,Closed,4.7,153.67,13.6
WO100506,OH-A108,2025-09-27,Scheduled,Low,Open,16.8,990.07,3.2
WO100507,OH-A104,2025-09-20,Inspection,Low,Closed,11.1,394.97,7.6
WO100508,OH-A112,2025-12-03,Scheduled,Medium,Closed,4.9,561.84,19.0
WO100509,OH-A114,2025-01-22,Component Replacement,Medium,Closed,11.8,1203.73,13.6
WO100510,OH-A135,2025-08-08,Inspection,Low,Closed,4.8,1892.8,10.9
WO100511,OH-A112,2025-06-16,Scheduled,Low,Closed,7.6,41.01,12.0
WO100512,OH-A138,2025-05-04,Scheduled,Medium,Open,8.8,362.33,0.9
WO100513,OH-A110,2025-09-28,Inspection,Critical,Closed,8.4,75.42,8.6
WO100514,OH-A139,2025-08-05,Scheduled,Medium,Closed,4.0,6161.39,5.2
WO100515,OH-A125,2025-06-12,Inspection,High,Closed,12.4,469.07,21.1
WO100516,OH-A103,2025-09-12,Cabin,Medium,Closed,10.2,1067.59,29.2
WO100517,OH-A105,2025-07-29,Scheduled,Medium,Closed,14.4,215.49,5.3
WO100518,OH-A103,2025-05-14,Unscheduled,Critical,Closed,12.2,282.75,22.8
WO100519,OH-A119,2025-05-03,Cabin,Low,Closed,11.0,1211.2,13.0
WO100520,OH-A114,2025-04-03,Cabin,High,Closed,11.1,675.27,0.9
WO100521,OH-A102,2025-04-19,Scheduled,Low,Closed,8.8,2159.71,19.3
WO100522,OH-A132,2025-06-28,Engine,Medium,Closed,6.0,175.14,16.4
WO100523,OH-A140,2025-03-07,Scheduled,Critical,Closed,9.0,324.39,8.6
WO100524,OH-A140,2025-11-24,Component Replacement,High,Closed,3.8,673.94,13.1
WO100525,OH-A107,2025-08-01,Unscheduled,High,Closed,11.8,785.0,14.1
WO100526,OH-A141,2025-08-19,Scheduled,High,Closed,19.5,613.56,21.0
WO100527,OH-A120,2025-07-29,Unscheduled,Medium,Closed,9.2,107.43,21.2
WO100528,OH-A109,2025-11-24,Scheduled,Medium,Closed,5.1,157.18,6.4
WO100529,OH-A106,2025-10-26,Unscheduled,Medium,Closed,3.5,567.71,4.8
WO100530,OH-A136,2025-06-23,Unscheduled,Low,Closed,5.8,86.2,5.2
WO100531,OH-A112,2025-05-06,Cabin,Medium,Closed,11.2,166.33,4.7
WO100532,OH-A130,2025-12-12,Inspection,Low,Closed,8.5,418.77,6.6
WO100533,OH-A126,2025-08-07,Inspection,High,Closed,7.6,185.66,6.8
WO100534,OH-A144,2025-10-16,Scheduled,Medium,In Progress,6.2,507.39,4.4
WO100535,OH-A134,2025-02-20,Cabin,Low,Closed,8.1,368.85,7.7
WO100536,OH-A137,2025-05-10,Unscheduled,Medium,In Progress,2.5,183.43,19.2
WO100537,OH-A123,2025-04-07,Scheduled,High,Closed,5.4,187.82,9.0
WO100538,OH-A125,2025-06-13,Inspection,critical,Closed,5.2,1447.93,3.2
WO100539,OH-A107,2025-07-03,Unscheduled,Medium,Closed,5.3,592.37,5.5
WO100540,OH-A137,2025-12-31,Scheduled,Medium,Closed,10.1,516.63,24.5
WO100541,OH-A136,2025-02-08,Unscheduled,Low,Closed,2.3,426.18,18.5
WO100542,OH-A114,2025-12-15,Unscheduled,High,Open,5.3,162.81,4.5
WO100543,OH-A106,2025-10-24,Scheduled,High,Closed,6.9,229.44,21.1
WO100544,OH-A137,2025-05-30,Component Replacement,Low,Closed,6.1,36.57,14.3
WO100545,OH-A137,2025-04-13,Scheduled,Low,Closed,6.3,213.47,23.2
WO100546,OH-A137,2025-11-01,Scheduled,Low,Closed,2.2,217.09,2.2
WO100547,OH-A101,2025-02-19,Scheduled,Medium,Closed,8.0,698.27,5.7
WO100548,OH-A141,2025-11-29,Unscheduled,Low,Closed,2.7,220.71,14.9
WO100549,OH-A117,2025-12-11,Scheduled,High,Closed,3.4,885.27,11.6
WO100550,OH-A111,2025-04-02,Scheduled,Medium,Closed,10.1,311.15,21.9
WO100551,OH-A125,2025-07-24,Scheduled,Medium,Closed,6.9,468.03,16.7
WO100552,OH-A140,2025-07-08,Cabin,Medium,Closed,4.7,391.04,2.0
WO100553,OH-A139,2025-10-07,Scheduled,Medium,Closed,17.0,812.23,12.8
WO100554,OH-A108,2025-10-04,Scheduled,Medium,Closed,5.4,1347.77,17.4
WO100555,OH-A146,2025-12-30,Inspection,High,Closed,3.4,150.35,3.8
WO100556,OH-A137,2025-01-29,Unscheduled,Medium,Closed,1.9,2343.57,9.7
WO100557,OH-A144,2025-10-26,Scheduled,Low,Closed,11.1,171.27,4.3
WO100558,OH-A144,2025-10-22,Cabin,Low,Closed,9.6,335.54,11.2
WO100559,OH-A125,2025-09-28,Inspection,High,Closed,6.6,237.71,7.5
WO100560,OH-A101,2025-03-19,Unscheduled,Low,Closed,4.1,1822.12,8.9
WO100561,OH-A103,2025-09-29,Inspection,Low,Closed,8.7,139.65,17.4
WO100562,OH-A130,2025-06-24,Component Replacement,Medium,Closed,9.4,826.78,6.3
WO100563,OH-A104,2025-04-12,Scheduled,High,Closed,0.9,44.33,7.0
WO100564,OH-A131,2025-05-17,Cabin,Medium,Closed,3.3,910.36,7.3
WO100565,OH-A104,2025-06-01,Scheduled,High,Closed,10.2,333.19,10.5
WO100566,OH-A139,2025-09-28,Unscheduled,Low,In Progress,2.8,277.41,6.4
WO100567,OH-A112,2025-03-15,Scheduled,High,In Progress,5.3,202.01,4.9
WO100568,OH-A104,2025-03-27,Inspection,Medium,Closed,6.2,377.44,15.1
WO100569,OH-A116,2025-05-16,Engine,Critical,Closed,4.0,282.88,7.0
WO100570,OH-A143,2025-06-20,Inspection,Medium,Closed,7.0,90.84,8.2
WO100571,OH-A126,2025-12-12,Scheduled,Medium,Closed,4.0,184.04,13.4
WO100572,OH-A147,2025-04-07,Component Replacement,High,In Progress,3.3,896.42,5.9
WO100573,OH-A112,2025-11-27,Cabin,High,Closed,2.6,269.71,3.1
WO100574,OH-A132,2025-01-21,Scheduled,Low,Closed,2.6,182.99,20.7
WO100575,OH-A108,2025-07-06,Scheduled,Low,Closed,11.0,422.63,11.5
WO100576,OH-A120,2025-11-04,Inspection,Medium,Closed,9.1,657.6,8.8
WO100577,OH-A118,2025-04-24,Component Replacement,Low,Closed,6.8,772.89,9.4
WO100578,OH-A130,2025-03-23,Scheduled,Medium,In Progress,6.2,565.6,23.4
WO100579,OH-A132,2025-08-09,Scheduled,Low,Closed,16.8,1351.48,13.5
WO100580,OH-A102,2025-03-26,Inspection,Medium,Closed,10.3,423.76,0.8
WO100581,OH-A133,2025-01-06,Component Replacement,Medium,Closed,12.8,318.59,8.7
WO100582,OH-A136,2025-01-18,Scheduled,Low,Closed,6.4,966.28,9.4
WO100583,OH-A118,2025-06-24,Inspection,Medium,In Progress,3.9,198.64,8.8
WO100584,OH-A103,2025-07-03,Engine,Medium,Closed,3.2,269.3,1.7
WO100585,OH-A120,2025-01-10,Scheduled,Critical,Closed,3.6,82.02,3.7
WO100586,OH-A115,2025-04-09,Unscheduled,Low,Closed,4.3,2474.73,2.2
WO100587,OH-A138,2025-10-04,Unscheduled,High,Closed,6.3,3246.71,25.7
WO100588,OH-A106,2025-07-26,Component Replacement,Critical,Closed,6.9,338.65,9.0
WO100589,OH-A114,2025-08-12,Inspection,Medium,Closed,5.3,865.64,10.0
WO100590,OH-A134,2025-09-22,Engine,Medium,Open,4.9,812.05,7.7
WO100591,OH-A145,2025-11-26,Inspection,Low,Closed,2.8,487.55,2.5
WO100592,OH-A128,2025-01-17,Scheduled,Medium,Closed,17.1,1360.33,4.4
WO100593,OH-A100,2025-06-26,Unscheduled,Low,Closed,2.4,113.88,4.9
WO100594,OH-A133,2025-03-15,Unscheduled,Medium,Closed,14.4,335.34,25.8
WO100595,OH-A101,2025-09-01,Inspection,High,Closed,5.3,50.06,7.9
WO100596,OH-A103,2025-05-23,Cabin,Low,Closed,5.2,146.78,5.8
WO100597,OH-A132,2025-02-26,Unscheduled,Medium,Closed,4.0,79.39,16.8
WO100598,OH-A117,2025-11-18,Inspection,Medium,Closed,8.8,64.21,7.0
WO100599,OH-A101,2025-07-08,Scheduled,Medium,Closed,3.4,245.82,3.1
WO100600,OH-A119,2025-02-10,Inspection,Medium,Closed,6.4,581.08,4.4
WO100601,OH-A118,2025-03-24,Component Replacement,Medium,Closed,8.2,207.42,16.7
WO100602,OH-A128,2025-09-29,Component Replacement,Medium,Closed,1.4,233.9,6.0
WO100603,OH-A145,2025-06-21,Cabin,Low,Closed,4.4,193.5,10.6
WO100604,OH-A104,2025-12-15,Cabin,Medium,In Progress,17.7,464.24,7.9
WO100605,OH-A131,2025-01-19,Unscheduled,Medium,Closed,4.2,220.41,14.1
WO100606,OH-A131,2025-01-29,Engine,Low,Closed,3.7,147.44,7.1
WO100607,OH-A146,2025-09-09,Component Replacement,Medium,Closed,4.7,1024.87,5.0
WO100608,OH-A118,2025-05-02,Inspection,Medium,Closed,19.9,168.62,4.3
WO100609,OH-A107,2025-11-16,Scheduled,Medium,Closed,14.5,113.09,15.0
WO100610,OH-A143,2025-10-08,Cabin,Medium,In Progress,6.0,845.49,5.8
WO100611,OH-A102,2025-01-09,Cabin,Medium,Closed,10.9,74.9,10.2
WO100612,OH-A121,2025-12-08,Unscheduled,High,Closed,5.9,1379.33,18.4
WO100613,OH-A131,2025-12-15,Unscheduled,Medium,Open,6.5,144.6,8.9
WO100614,OH-A104,2025-04-01,Scheduled,Medium,Closed,7.8,437.1,11.4
WO100615,OH-A114,2025-08-12,Scheduled,Medium,Open,9.5,149.22,5.9
WO100616,OH-A104,2025-08-23,Engine,Medium,In Progress,4.7,408.69,7.1
WO100617,OH-A140,2025-01-14,Unscheduled,High,Closed,3.6,239.61,18.7
WO100618,OH-A112,2025-09-25,Inspection,Medium,Open,8.1,151.03,14.0
WO100619,OH-A128,2025-12-20,Unscheduled,Low,Closed,2.9,81.16,7.7
WO100620,OH-A111,2025-05-28,Inspection,Medium,Closed,5.8,234.92,8.9
WO100621,OH-A133,2025-12-26,Component Replacement,Low,Closed,5.5,648.75,7.4
WO100622,OH-A138,2025-09-02,Cabin,Medium,Closed,1.8,791.85,13.0
WO100623,OH-A101,2025-09-26,Unscheduled,Critical,Closed,3.6,196.65,5.6
WO100624,OH-A134,2025-07-20,Unscheduled,Medium,Closed,5.9,197.11,13.0
WO100625,OH-A131,2025-09-10,Scheduled,Medium,Closed,0.6,338.89,22.9
WO100626,OH-A103,2025-12-09,Engine,Low,Closed,10.2,403.98,9.6
WO100627,OH-A112,2025-08-04,Engine,Medium,Closed,3.4,402.11,3.4
WO100628,OH-A140,2025-07-16,Unscheduled,Medium,Closed,8.7,261.42,8.1
WO100629,OH-A121,2025-03-03,Scheduled,High,Closed,4.3,279.91,21.7
WO100630,OH-A104,2025-07-08,Inspection,Medium,Closed,15.9,302.7,8.9
WO100631,OH-A130,2025-11-12,Component Replacement,Critical,In Progress,6.1,36.05,4.0
WO100632,OH-A137,2025-09-02,Component Replacement,Medium,Closed,1.2,268.92,7.8
WO100633,OH-A120,2025-09-19,Scheduled,Low,Open,9.5,881.95,19.6
WO100634,OH-A105,2025-02-25,Cabin,Medium,Closed,4.3,1624.97,5.6
WO100635,OH-A106,2025-11-06,Inspection,Low,Closed,13.5,1308.23,19.8
WO100636,OH-A118,2025-07-13,Inspection,Low,Closed,22.1,441.46,7.4
WO100637,OH-A123,2025-06-16,Scheduled,Low,In Progress,3.5,122.87,32.5
WO100638,OH-A136,2025-01-19,Scheduled,Medium,Closed,4.0,233.3,6.1
WO100639,OH-A132,2025-11-22,Scheduled,Low,Open,11.7,188.33,4.7
WO100640,OH-A112,2025-08-17,Unscheduled,Critical,Closed,5.1,98.59,1.0
WO100641,OH-A133,2025-04-24,Cabin,High,Closed,12.4,157.26,8.3
WO100642,OH-A105,2025-07-15,Component Replacement,Medium,Open,2.7,194.63,7.3
WO100643,OH-A108,2025-11-28,Cabin,Medium,Closed,2.8,100.01,21.6
WO100644,OH-A137,2025-11-03,Inspection,Low,Closed,2.6,1025.34,15.2
WO100645,OH-A143,2025-04-19,Scheduled,Medium,Closed,2.3,741.8,19.2
WO100646,OH-A133,2025-10-19,Inspection,Low,Closed,3.5,384.06,16.6
WO100647,OH-A121,2025-01-03,Inspection,Medium,Closed,6.4,590.93,8.5
WO100648,OH-A142,2025-06-07,Cabin,Low,Closed,23.0,547.8,64.0
WO100649,OH-A116,2025-07-20,Inspection,Medium,Closed,2.5,193.74,8.0
WO100650,OH-A130,2025-08-29,Scheduled,Medium,Closed,6.3,2437.96,11.3
WO100651,OH-A132,2025-01-01,Component Replacement,Medium,Closed,7.9,187.05,25.9
WO100652,OH-A103,2025-04-21,Component Replacement,Medium,Closed,5.3,76.1,15.6
WO100653,OH-A146,2025-04-04,Unscheduled,Low,Closed,6.8,474.05,9.6
WO100654,OH-A130,2025-05-22,Scheduled,Low,Closed,4.6,709.29,12.6
WO100655,OH-A111,2025-09-10,Unscheduled,Medium,Closed,3.8,298.3,5.6
WO100656,OH-A139,2025-01-29,Engine,Medium,Closed,4.9,1400.64,6.7
WO100657,OH-A118,2025-10-01,Unscheduled,Low,Closed,11.0,483.3,11.3
WO100658,OH-A104,2025-02-06,Component Replacement,High,Closed,1.0,177.57,4.0
WO100659,OH-A132,2025-07-05,Scheduled,Low,Closed,9.0,222.79,5.3
WO100660,OH-A106,2025-10-26,Unscheduled,Low,Closed,5.7,468.08,1.9
WO100661,OH-A128,2025-11-17,Unscheduled,Medium,Closed,2.5,437.25,8.7
WO100662,OH-A132,2025-12-21,Scheduled,Low,Closed,2.0,1357.54,9.6
WO100663,OH-A107,2025-06-07,Unscheduled,Medium,Closed,4.8,929.64,17.1
WO100664,OH-A137,2025-06-28,Component Replacement,Low,Closed,8.5,84.13,4.6
WO100665,OH-A121,2025-11-25,Unscheduled,Medium,Closed,8.0,340.79,6.8
WO100666,OH-A116,2025-02-16,Scheduled,Medium,Closed,7.4,116.41,14.4
WO100667,OH-A104,2025-11-28,Component Replacement,Low,Closed,2.3,1734.71,16.1
WO100668,OH-A135,2025-02-02,Unscheduled,Medium,Closed,9.8,152.4,15.6
WO100669,OH-A107,2025-02-03,Unscheduled,High,Closed,6.9,493.78,4.9
WO100670,OH-A108,2025-01-17,Component Replacement,High,Closed,3.3,200.77,2.2
WO100671,OH-A112,2025-03-26,Unscheduled,Medium,Closed,10.3,55.78,9.4
WO100672,OH-A121,2025-11-17,Inspection,Critical,Closed,3.0,114.97,8.5
WO100673,OH-A142,2025-03-17,Scheduled,Low,Closed,7.4,314.38,9.9
WO100674,OH-A135,2025-06-11,Unscheduled,High,In Progress,4.0,712.35,11.0
WO100675,OH-A135,2025-10-21,Scheduled,Critical,Closed,5.1,686.08,12.2
WO100676,OH-A109,2025-11-18,Cabin,Medium,Closed,7.9,106.62,12.3
WO100677,OH-A131,2025-06-10,Scheduled,Low,Closed,6.4,551.86,6.9
WO100678,OH-A116,2025-05-13,Component Replacement,High,Closed,5.8,1042.93,7.7
WO100679,OH-A122,2025-06-19,Component Replacement,Medium,Closed,3.5,673.64,6.1
WO100680,OH-A130,2025-08-03,Unscheduled,Low,Closed,3.8,280.98,14.7
WO100681,OH-A107,2025-04-28,Scheduled,High,Closed,3.9,423.3,4.0
WO100682,OH-A116,2025-09-03,Scheduled,Medium,Open,10.9,469.86,24.8
WO100683,OH-A118,2025-10-22,Scheduled,Medium,Closed,17.4,1631.14,8.7
WO100684,OH-A141,2025-01-19,Cabin,Medium,Closed,3.5,2211.29,8.6
WO100685,OH-A146,2025-10-27,Scheduled,High,Closed,14.0,768.85,7.5
WO100686,OH-A145,2025-09-06,Unscheduled,Medium,Closed,3.2,425.57,15.0
WO100687,OH-A125,2025-01-22,Scheduled,High,Closed,7.4,391.09,9.2
WO100688,OH-A130,2025-10-19,Inspection,Low,Closed,3.1,433.82,6.4
WO100689,OH-A134,2025-06-30,Unscheduled,Medium,Closed,11.5,495.41,14.5
WO100690,OH-A137,2025-01-09,Unscheduled,Medium,Closed,9.8,240.75,5.6
WO100691,OH-A132,2025-01-30,Scheduled,Medium,Closed,11.1,2887.46,15.2
WO100692,OH-A143,2025-01-22,Cabin,Low,Closed,4.6,182.74,2.8
WO100693,OH-A118,2025-05-29,Inspection,Low,Closed,3.6,1473.73,19.4
WO100694,OH-A133,2025-07-10,Scheduled,Low,Closed,10.9,44.8,5.4
WO100695,OH-A129,2025-03-29,Component Replacement,Medium,Closed,5.6,306.32,3.5
WO100696,OH-A137,2025-12-21,Component Replacement,Low,Closed,5.7,287.48,7.2
WO100697,OH-A144,2025-01-12,Unscheduled,Medium,Closed,4.5,507.1,6.5
WO100698,OH-A103,2025-12-22,Cabin,High,Closed,5.4,280.25,11.1
WO100699,OH-A140,2025-02-25,Scheduled,Medium,Closed,10.9,1613.24,3.4
WO100700,OH-A139,2025-02-09,Engine,High,Closed,4.2,316.62,10.9
WO100701,OH-A141,2025-06-29,Engine,Medium,Closed,4.2,144.13,7.2
WO100702,OH-A113,2025-10-05,Inspection,High,Closed,3.6,153.55,9.2
WO100703,OH-A127,2025-08-30,Inspection,High,Closed,5.4,251.4,3.9
WO100704,OH-A103,2025-10-17,Scheduled,Medium,Closed,11.4,832.42,8.8
WO100705,OH-A102,2025-06-15,Scheduled,Medium,Closed,3.6,997.76,5.5
WO100706,OH-A128,2025-11-17,Unscheduled,Medium,Closed,4.0,121.23,2.4
WO100707,OH-A146,2025-10-06,Cabin,High,Closed,14.0,181.25,12.9
WO100708,OH-A110,2025-01-16,Scheduled,Medium,Closed,4.0,139.0,4.8
WO100709,OH-A137,2025-07-03,Unscheduled,Medium,Closed,6.1,303.25,10.9
WO100710,OH-A103,2025-12-21,Scheduled,High,Closed,15.6,1055.73,4.8
WO100711,OH-A103,2025-09-23,Scheduled,Critical,Closed,5.4,478.87,8.6
WO100712,OH-A129,2025-10-27,Unscheduled,Medium,Closed,18.3,699.34,30.3
WO100713,OH-A113,2025-09-20,Cabin,Medium,Closed,3.5,851.4,16.7
WO100714,OH-A104,2025-08-10,Scheduled,Medium,Closed,17.7,224.36,23.2
WO100715,OH-A143,2025-05-03,Scheduled,Medium,Closed,5.3,112.06,17.3
WO100716,OH-A142,2025-01-25,Scheduled,Low,Closed,1.3,224.22,8.4
WO100717,OH-A100,2025-04-21,Inspection,Critical,Closed,1.7,917.23,15.0
WO100718,OH-A146,2025-03-29,Unscheduled,Medium,Closed,4.6,737.21,7.7
WO100719,OH-A100,2025-09-22,Scheduled,Low,Closed,7.0,436.64,3.3
WO100720,OH-A135,2025-05-07,Scheduled,Low,Closed,5.6,1041.98,10.1
WO100721,OH-A137,2025-05-10,Unscheduled,Medium,Closed,-2.0,466.68,2.6
WO100722,OH-A113,2025-11-09,Scheduled,Medium,Open,7.9,289.5,7.5
WO100723,OH-A106,2025-03-13,Engine,Medium,In Progress,5.1,84.03,18.3
WO100724,OH-A127,2025-10-05,Component Replacement,Medium,Closed,6.6,1438.43,16.1
WO100725,OH-A142,2025-05-09,Unscheduled,Medium,Closed,4.8,366.48,7.6
WO100726,OH-A101,2025-12-10,Inspection,Medium,Open,8.1,256.88,23.1
WO100727,OH-A140,2025-12-15,Unscheduled,Low,Closed,3.7,364.06,11.9
WO100728,OH-A129,2025-06-04,Scheduled,Low,Open,8.2,1805.78,13.4
WO100729,OH-A147,2025-10-13,Inspection,Medium,Closed,5.5,1088.6,6.5
WO100730,OH-A112,2025-12-01,Component Replacement,High,Closed,4.7,281.46,14.7
WO100731,OH-A130,2025-08-09,Unscheduled,Low,Closed,12.1,645.32,8.0
WO100732,OH-A121,2025-11-23,Scheduled,Medium,Closed,15.5,1376.21,4.3
WO100733,OH-A130,2025-09-07,Scheduled,Low,Closed,6.8,571.02,11.9
WO100734,OH-A108,2025-01-07,Unscheduled,Low,Closed,4.9,455.19,8.8
WO100735,OH-A123,2025-08-10,Unscheduled,Low,Closed,5.0,49.88,8.4
WO100736,OH-A147,2025-03-29,Component Replacement,Medium,Open,5.0,1402.15,12.6
WO100737,OH-A140,2025-08-04,Scheduled,Low,Closed,0.8,144.27,2.7
WO100738,OH-A109,2025-10-19,Component Replacement,High,Closed,8.7,62.13,5.7
WO100739,OH-A102,2025-03-14,Cabin,Medium,Closed,7.4,66.4,11.0
WO100740,OH-A120,2025-08-31,Scheduled,Medium,Closed,6.4,171.55,4.0
WO100741,OH-A110,2025-07-17,Unscheduled,Critical,Closed,10.0,655.87,5.0
WO100742,OH-A112,2025-03-23,Unscheduled,Low,Open,3.0,1287.73,14.7
WO100743,OH-A108,2025-10-05,Inspection,Medium,Closed,1.3,567.74,3.4
WO100744,OH-A125,2025-10-13,Cabin,Medium,Closed,4.9,2288.18,16.7
WO100745,OH-A104,2025-01-03,Cabin,Low,Closed,9.1,269.58,12.8
WO100746,OH-A143,2025-04-26,Unscheduled,Low,Open,6.7,319.87,13.6
WO100747,OH-A101,2025-01-27,Component Replacement,High,Closed,5.7,62.38,3.7
WO100748,OH-A107,2025-08-08,Unscheduled,Low,Closed,15.8,226.83,17.1
WO100749,OH-A126,2025-11-18,Component Replacement,Medium,Closed,12.8,52.35,9.9
WO100750,OH-A106,2025-12-08,Cabin,Medium,Closed,9.6,105.45,23.4
WO100751,OH-A124,2025-05-25,Component Replacement,Low,Closed,5.5,757.58,13.0
WO100752,OH-A103,2025-03-29,Scheduled,High,Closed,24.1,74.66,8.3
WO100753,OH-A141,2025-04-25,Scheduled,High,Closed,3.2,82.42,2.8
WO100754,OH-A128,2025-01-21,Component Replacement,High,Closed,11.3,69.56,11.3
WO100755,OH-A114,2025-05-08,Scheduled,Low,Closed,11.8,876.88,15.8
WO100756,OH-A128,2025-08-29,Unscheduled,Critical,Closed,4.7,2077.46,14.5
WO100757,OH-A125,2025-01-07,Inspection,Medium,Closed,13.2,374.38,4.2
WO100758,OH-A139,2025-09-23,Engine,Medium,Closed,3.0,1035.75,22.8
WO100759,OH-A134,2025-11-04,Engine,Medium,Closed,8.0,125.96,5.9
WO100760,OH-A140,2025-04-25,Scheduled,High,Closed,10.9,1380.07,16.5
WO100761,OH-A141,2025-10-08,Inspection,Medium,Closed,7.7,197.22,4.7
WO100762,OH-A104,2025-06-20,Component Replacement,Medium,Closed,2.3,786.49,4.6
WO100763,OH-A136,2025-12-27,Scheduled,Medium,Closed,10.8,392.59,4.9
WO100764,OH-A143,2025-07-02,Unscheduled,Low,Open,12.8,59.27,4.9
WO100765,OH-A109,2025-08-07,Inspection,Low,Closed,7.1,166.47,3.3
WO100766,OH-A139,2025-10-25,Unscheduled,Medium,Closed,1.8,478.71,4.1
WO100767,OH-A129,2025-04-10,Unscheduled,Medium,Closed,6.8,63.46,1.3
WO100768,OH-A131,2025-09-10,Scheduled,Medium,Closed,4.4,542.7,1.9
WO100769,OH-A134,2025-11-07,Component Replacement,High,Closed,6.6,97.88,26.2
WO100770,OH-A116,2025-04-10,Scheduled,Medium,Closed,9.5,692.72,10.7
WO100771,OH-A143,2025-10-22,Unscheduled,Low,Closed,2.8,103.48,8.6
WO100772,OH-A135,2025-04-10,Unscheduled,Medium,Closed,14.3,628.4,10.6
WO100773,OH-A121,2025-08-11,Scheduled,Low,Open,5.3,912.88,6.4
WO100774,OH-A129,2025-04-29,Unscheduled,High,Open,7.2,341.02,8.2
WO100775,OH-A145,2025-08-18,Scheduled,Medium,Closed,4.7,372.36,6.8
WO100776,OH-A116,2025-02-23,Scheduled,High,Closed,9.5,1782.09,12.0
WO100777,OH-A142,2025-10-23,Unscheduled,Low,Closed,14.3,184.34,15.3
WO100778,OH-A100,2025-02-19,Unscheduled,Medium,Closed,3.9,236.45,5.1
WO100779,OH-A138,2025-05-03,Unscheduled,Medium,Closed,8.8,765.6,4.0
WO100780,OH-A128,2025-10-26,Scheduled,Low,Closed,4.2,615.43,5.9
WO100781,OH-A134,2025-02-05,Unscheduled,Medium,Closed,9.4,316.45,5.3
WO100782,OH-A127,2025-10-31,Scheduled,Low,Closed,6.5,119.7,12.2
WO100783,OH-A122,2025-05-27,Scheduled,Low,Closed,10.6,1068.09,8.7
WO100784,OH-A107,2025-04-05,Scheduled,Medium,Closed,7.5,116.96,4.4
WO100785,OH-A111,2025-10-31,Scheduled,Medium,In Progress,18.9,3937.13,27.0
WO100786,OH-A143,2025-11-07,Unscheduled,Medium,Closed,4.7,122.05,1.9
WO100787,OH-A119,2025-11-11,Cabin,Medium,Closed,2.7,133.59,13.5
WO100788,OH-A107,2025-07-28,Scheduled,Low,Closed,4.5,567.79,5.2
WO100789,OH-A106,2025-03-14,Component Replacement,Medium,Closed,4.6,698.63,6.7
WO100790,OH-A113,2025-09-17,Scheduled,Medium,Open,6.0,152.33,11.2
WO100791,OH-A135,2025-09-14,Unscheduled,Medium,Closed,5.1,2191.69,0.8
WO100792,OH-A117,2025-11-18,Unscheduled,Medium,Closed,7.2,561.01,11.4
WO100793,OH-A120,2025-09-27,Scheduled,Low,Closed,1.9,314.85,14.8
WO100794,OH-A132,2025-04-23,Inspection,Medium,Closed,5.1,593.48,17.4
WO100795,OH-A129,2025-06-13,Scheduled,Low,Closed,5.0,1353.81,4.9
WO100796,OH-A103,2025-08-30,Engine,Medium,In Progress,9.8,2016.72,13.6
WO100797,OH-A118,2025-10-11,Inspection,Medium,Open,3.5,489.25,16.0
WO100798,OH-A133,2025-04-23,Component Replacement,Medium,Closed,3.4,112.83,15.6
WO100799,OH-A134,2025-04-05,Scheduled,Low,Closed,6.4,114.61,9.8
WO100800,OH-A119,2025-11-26,Unscheduled,Medium,Closed,10.2,98.01,17.9
WO100801,OH-A110,2025-12-29,Component Replacement,Medium,Closed,0.7,212.19,29.6
WO100802,OH-A108,2025-04-20,Unscheduled,Medium,Closed,9.6,418.96,8.4
WO100803,OH-A104,2025-01-24,Inspection,Medium,Closed,8.7,499.67,5.1
WO100804,OH-A105,2025-08-17,Unscheduled,Medium,Closed,6.1,1244.72,10.1
WO100805,OH-A146,2025-01-06,Inspection,Low,Closed,7.0,50.74,6.4
WO100806,OH-A119,2025-03-11,Inspection,Medium,Closed,11.3,399.11,5.8
WO100807,OH-A115,2025-07-12,Scheduled,High,Closed,4.5,639.58,23.8
WO100808,OH-A121,2025-05-15,Cabin,High,In Progress,2.5,24.34,7.0
WO100809,OH-A124,2025-01-18,Component Replacement,Low,Closed,8.8,634.95,6.8
WO100810,OH-A106,2025-05-09,Scheduled,High,Closed,8.3,6186.24,5.9
WO100811,OH-A143,2025-09-04,Scheduled,Low,Closed,1.4,874.25,11.0
WO100812,OH-A123,2025-10-01,Component Replacement,Medium,Closed,14.7,548.88,12.8
WO100813,OH-A126,2025-10-02,Inspection,Medium,In Progress,8.0,306.86,19.5
WO100814,OH-A124,2025-04-15,Cabin,Low,Closed,3.7,509.17,4.0
WO100815,OH-A145,2025-08-31,Inspection,Low,Closed,8.4,1876.44,19.1
WO100816,OH-A147,2025-04-30,Scheduled,Low,Closed,-2.0,285.22,4.6
WO100817,OH-A106,2025-08-26,Scheduled,Medium,Closed,4.9,1330.86,3.9
WO100818,OH-A134,2025-01-04,Inspection,Medium,Closed,7.0,641.7,7.8
WO100819,OH-A107,2025-05-30,Unscheduled,Medium,Closed,7.0,2052.04,4.2
WO100820,OH-A100,2025-04-26,Cabin,Medium,Closed,6.5,1198.77,11.0
WO100821,OH-A126,2025-09-01,Component Replacement,Low,In Progress,6.2,487.62,5.8
WO100822,OH-A122,2025-04-10,Cabin,Medium,Closed,7.8,457.17,15.0
WO100823,OH-A123,2025-04-20,Component Replacement,Medium,Unknown,7.1,294.93,12.2
WO100824,OH-A101,2025-07-18,Inspection,Low,In Progress,4.5,1071.61,12.9
WO100825,OH-A130,2025-08-27,Inspection,Critical,Closed,3.2,223.58,10.4
WO100826,OH-A124,2025-05-27,Inspection,Medium,Closed,6.9,452.03,10.1
WO100827,OH-A102,2025-11-22,Unscheduled,Medium,Open,9.5,332.48,5.4
WO100828,OH-A116,2025-12-24,Engine,Medium,Closed,6.8,105.51,5.9
WO100829,OH-A106,2025-08-10,Scheduled,Medium,Closed,4.5,502.91,6.1
WO100830,OH-A143,2025-07-19,Cabin,Medium,Closed,1.9,87.76,14.3
WO100831,OH-A135,2025-07-10,Inspection,High,Closed,15.0,257.7,10.9
WO100832,OH-A123,2025-01-27,Unscheduled,Low,Closed,8.1,786.15,6.1
WO100833,OH-A104,2025-05-31,Scheduled,Low,Closed,7.8,477.66,8.8
WO100834,OH-A140,2025-10-23,Scheduled,Low,In Progress,5.0,470.1,18.8
WO100835,OH-A117,2025-09-11,Inspection,Critical,Closed,1.9,169.91,0.5
WO100836,OH-A128,2025-01-20,Scheduled,Medium,Closed,4.3,1151.55,8.1
WO100837,OH-A134,2025-02-20,Scheduled,Medium,Closed,13.7,166.31,9.0
WO100838,OH-A119,2025-11-02,Scheduled,Low,Closed,2.7,817.58,5.8
WO100839,OH-A146,2025-09-26,Unscheduled,Medium,Closed,1.6,1478.61,2.9
WO100840,OH-A111,2025-05-28,Cabin,High,Closed,14.8,87.31,5.5
WO100841,OH-A116,2025-12-10,Inspection,Medium,Closed,3.7,268.68,4.8
WO100842,OH-A108,2025-01-23,Unscheduled,Low,Closed,5.7,245.08,9.2
WO100843,OH-A116,2025-10-05,Cabin,High,Closed,7.9,530.01,5.0
WO100844,OH-A138,2025-12-23,Unscheduled,High,Closed,17.5,157.05,8.8
WO100845,OH-A122,2025-06-09,Cabin,Medium,Closed,13.5,125.79,21.6
WO100846,OH-A142,2025-06-30,Cabin,Medium,Closed,6.1,382.38,4.0
WO100847,OH-A142,2025-03-19,Inspection,Medium,Open,4.5,230.18,15.8
WO100848,OH-A115,2025-11-09,Inspection,Medium,Open,3.0,348.64,7.6
WO100849,OH-A138,2025-09-22,Engine,High,Open,8.2,985.06,1.3
WO100850,OH-A123,2025-06-03,Unscheduled,Medium,Closed,6.8,80.05,15.1
WO100851,OH-A120,2025-03-27,Unscheduled,Medium,Closed,1.8,360.04,14.9
WO100852,OH-A113,2025-06-18,Scheduled,Low,Closed,5.7,223.41,4.0
WO100853,OH-A103,2025-06-14,Scheduled,Medium,Closed,6.9,413.09,11.1
WO100854,OH-A121,2025-05-13,Scheduled,Low,Closed,8.6,224.3,7.4
WO100855,OH-A132,2025-11-03,Engine,Medium,Closed,3.4,123.94,9.7
WO100856,OH-A141,2025-05-15,Scheduled,Critical,Closed,7.0,597.68,5.4
WO100857,OH-A119,2025-02-11,Unscheduled,Low,Closed,2.9,6447.42,4.3
WO100858,OH-A106,2025-10-17,Unscheduled,Medium,Closed,7.9,364.82,3.6
WO100859,OH-A122,2025-09-24,Unscheduled,Medium,Closed,5.5,195.17,17.6
WO100860,OH-A113,2025-01-12,Engine,Low,Closed,18.2,194.57,4.0
WO100861,OH-A144,2025-09-11,Engine,Medium,Closed,3.8,1027.32,11.0
WO100862,OH-A133,2025-06-28,Inspection,High,Closed,4.8,167.84,4.1
WO100863,OH-A143,2025-09-03,Inspection,Low,Closed,1.9,1479.75,29.8
WO100864,OH-A114,2025-04-07,Engine,Medium,Closed,6.3,78.51,4.0
WO100865,OH-A121,2025-03-06,Unscheduled,Medium,Closed,5.1,488.98,3.9
WO100866,OH-A103,2025-07-23,Unscheduled,Medium,Closed,6.6,783.17,19.3
WO100867,OH-A106,2025-01-20,Scheduled,Low,Closed,6.1,864.76,7.0
WO100868,OH-A117,2025-03-20,Scheduled,Low,Closed,18.4,806.15,3.3
WO100869,OH-A119,2025-01-17,Cabin,Low,Open,8.3,526.38,8.0
WO100870,OH-A132,2025-05-08,Component Replacement,Medium,Closed,9.9,1278.68,4.6
WO100871,OH-A110,2025-11-27,Unscheduled,Low,Closed,6.8,149.76,33.0
WO100872,OH-A147,2025-07-14,Scheduled,Medium,Closed,7.4,211.85,2.0
WO100873,OH-A137,2025-09-27,Component Replacement,Medium,Closed,6.6,269.6,12.6
WO100874,OH-A142,2025-09-28,Cabin,High,Closed,6.7,1778.48,19.7
WO100875,OH-A114,2025-02-16,Cabin,High,Closed,4.5,643.03,13.6
WO100876,OH-A126,2025-12-12,Component Replacement,Medium,Closed,9.7,797.86,5.2
WO100877,OH-A124,2025-02-26,Inspection,Low,Closed,19.1,337.28,16.3
WO100878,OH-A137,2025-03-30,Scheduled,Low,Closed,6.8,913.07,9.3
WO100879,OH-A140,2025-08-28,Scheduled,High,Closed,3.5,85.45,12.2
WO100880,OH-A127,2025-06-26,Scheduled,Medium,Closed,11.0,268.03,13.9
WO100881,OH-A146,2025-03-20,Inspection,Medium,Closed,14.8,324.61,3.9
WO100882,OH-A123,2025-05-08,Cabin,Medium,Closed,4.6,251.06,11.8
WO100883,OH-A113,2025-05-30,Engine,Low,Closed,3.0,292.58,13.4
WO100884,OH-A108,2025-08-10,Unscheduled,Medium,Closed,9.2,697.05,8.1
WO100885,OH-A118,2025-10-16,Unscheduled,Medium,Closed,6.9,512.02,5.1
WO100886,OH-A114,2025-05-14,Unscheduled,Low,Closed,8.7,1330.99,7.7
WO100887,OH-A109,2025-05-24,Inspection,High,Closed,6.5,50.08,23.4
WO100888,OH-A121,2025-02-05,Engine,Medium,Closed,5.7,1786.92,11.0
WO100889,OH-A112,2025-12-15,Component Replacement,Medium,Closed,3.6,210.67,8.6
WO100890,OH-A147,2025-08-13,Cabin,Medium,Closed,8.1,1504.14,4.0
WO100891,OH-A114,2025-04-05,Inspection,Low,Closed,2.7,265.72,16.1
WO100892,OH-A129,2025-01-13,Inspection,Medium,Closed,9.7,583.78,11.7
WO100893,OH-A136,2025-12-13,Cabin,Medium,Closed,9.4,137.44,6.3
WO100894,OH-A145,2025-01-16,Inspection,Medium,Closed,7.9,119.57,5.5
WO100895,OH-A132,2025-03-08,Scheduled,Medium,Closed,12.6,721.35,3.5
WO100896,OH-A112,2025-11-19,Unscheduled,Medium,Closed,5.4,28.1,12.0
WO100897,OH-A126,2025-05-04,Scheduled,Medium,Closed,5.2,119.68,1.9
WO100898,OH-A103,2025-11-14,Scheduled,Medium,Closed,5.0,868.43,12.3
WO100899,OH-A112,2025-07-20,Unscheduled,Medium,Open,7.1,266.57,2.0
WO100900,OH-A146,2025-07-25,Component Replacement,Low,Closed,5.9,166.97,7.3
WO100901,OH-A100,2025-12-07,Scheduled,High,Closed,4.9,1849.74,16.4
WO100902,OH-A115,2025-01-07,Unscheduled,Low,Closed,5.2,2629.05,1.6
WO100903,OH-A102,2025-05-07,Unscheduled,Low,Closed,7.7,403.6,18.8
WO100904,OH-A125,2025-05-06,Engine,High,In Progress,11.9,1441.93,5.4
WO100905,OH-A136,2025-09-25,Scheduled,Medium,Closed,4.4,1839.11,7.6
WO100906,OH-A103,2025-05-07,Scheduled,Medium,Closed,1.3,396.9,5.4
WO100907,OH-A106,2025-11-18,Inspection,Medium,Closed,9.1,241.72,5.9
WO100908,OH-A141,2025-09-21,Inspection,Low,Closed,3.5,440.86,4.3
WO100909,OH-A113,2025-11-28,Scheduled,Medium,Closed,11.9,94.21,15.4
WO100910,OH-A100,2025-10-24,Component Replacement,Medium,In Progress,9.9,711.91,13.0
WO100911,OH-A104,2025-09-30,Unscheduled,Low,Open,10.4,290.2,4.0
WO100912,OH-A143,2025-05-10,Inspection,High,Closed,6.6,426.87,11.1
WO100913,OH-A144,2025-09-23,Inspection,Low,Closed,11.5,420.74,9.6
WO100914,OH-A107,2025-06-03,Scheduled,High,Closed,8.0,172.86,6.5
WO100915,OH-A113,2025-05-06,Scheduled,Medium,Closed,7.7,389.23,11.5
WO100916,OH-A108,2025-03-24,Unscheduled,High,In Progress,6.9,103.61,7.5
WO100917,OH-A123,2025-11-23,Scheduled,High,Closed,8.5,249.05,14.2
WO100918,OH-A139,2025-09-23,Scheduled,High,Closed,2.4,132.51,4.5
WO100919,OH-A136,2025-01-18,Unscheduled,Critical,Closed,4.9,167.9,13.4
WO100920,OH-A118,2025-05-08,Unscheduled,High,Closed,4.9,42.2,1.9
WO100921,OH-A133,2025-07-31,Engine,High,Open,6.1,262.63,9.1
WO100922,OH-A112,2025-09-15,Inspection,Low,Closed,3.4,655.59,8.3
WO100923,OH-A143,2025-04-23,Cabin,High,Closed,4.3,481.93,4.6
WO100924,OH-A128,2025-09-16,Unscheduled,Medium,Closed,2.8,1192.61,11.7
WO100925,OH-A144,2025-04-10,Unscheduled,Critical,Closed,4.3,155.6,12.4
WO100926,OH-A112,2025-02-27,Unscheduled,Medium,Closed,3.7,249.96,5.4
WO100927,OH-A145,2025-02-01,Scheduled,Low,Closed,4.2,1009.43,6.5
WO100928,OH-A113,2025-11-20,Scheduled,Low,Closed,10.0,369.97,10.4
WO100929,OH-A132,2025-08-29,Scheduled,Low,Closed,6.2,485.41,2.3
WO100930,OH-A102,2025-10-28,Component Replacement,Medium,Closed,5.6,3341.52,5.6
WO100931,OH-A111,2025-07-15,Unscheduled,Medium,Closed,12.5,312.87,5.9
WO100932,OH-A125,2025-08-01,Scheduled,Low,Closed,7.8,248.6,6.8
WO100933,OH-A124,2025-04-17,Component Replacement,Low,In Progress,8.1,149.46,13.7
WO100934,OH-A106,2025-02-01,Scheduled,Medium,Closed,6.9,302.11,13.2
WO100935,OH-A100,2025-09-19,Cabin,High,Closed,10.2,1120.77,4.3
WO100936,OH-A140,2025-03-03,Engine,Medium,Closed,11.1,715.93,8.8
WO100937,OH-A111,2025-11-16,Unscheduled,Low,Open,7.6,1690.15,10.1
WO100938,OH-A136,2025-02-03,Scheduled,Medium,Closed,10.1,578.73,11.3
WO100939,OH-A108,2025-12-23,Cabin,Low,Open,8.5,42.91,3.4
WO100940,OH-A113,2025-06-19,Engine,Medium,Open,7.7,756.79,1.2
WO100941,OH-A100,2025-04-14,Cabin,High,Closed,5.3,447.76,25.4
WO100942,OH-A125,2025-04-07,Scheduled,Low,Closed,4.1,404.12,4.9
WO100943,OH-A124,2025-09-05,Inspection,High,Closed,2.4,1364.07,7.9
WO100944,OH-A127,2025-10-31,Scheduled,Medium,Closed,14.4,306.63,10.3
WO100945,OH-A135,2025-06-23,Unscheduled,Low,In Progress,10.2,720.3,7.7
WO100946,OH-A131,2025-06-09,Scheduled,Low,Closed,5.0,137.45,8.1
WO100947,OH-A109,2025-11-17,Component Replacement,Low,Closed,2.1,88.39,10.0
WO100948,OH-A120,2025-06-15,Inspection,Low,Closed,8.5,221.67,4.7
WO100949,OH-A103,2025-05-01,Component Replacement,Medium,Closed,5.4,294.81,4.7
WO100950,OH-A131,2025-12-03,Scheduled,High,Closed,10.5,697.87,4.9
WO100951,OH-A119,2025-10-20,Cabin,Low,Closed,3.6,134.63,10.8
WO100952,OH-A108,2025-07-30,Unscheduled,High,Closed,4.9,1820.67,12.5
WO100953,OH-A142,2025-01-05,Cabin,Medium,Closed,5.7,153.61,4.3
WO100954,OH-A122,2025-05-22,Inspection,Medium,In Progress,9.2,369.4,4.6
WO100955,OH-A102,2025-12-23,Scheduled,Medium,Closed,4.3,408.15,11.7
WO100956,OH-A104,2025-12-25,Component Replacement,High,Closed,8.6,544.16,13.7
WO100957,OH-A113,2025-09-03,Inspection,Critical,Closed,2.5,633.2,14.8
WO100958,OH-A145,2025-06-18,Scheduled,Low,Closed,6.2,3874.15,5.1
WO100959,OH-A104,2025-11-10,Scheduled,Medium,Closed,13.4,220.82,11.0
WO100960,OH-A119,2025-07-31,Cabin,Low,Closed,16.5,551.55,21.6
WO100961,OH-A119,2025-01-22,Cabin,Low,Closed,11.4,371.09,5.9
WO100962,OH-A129,2025-05-20,Inspection,Low,Open,2.1,1078.06,13.0
WO100963,OH-A128,2025-04-29,Scheduled,Medium,In Progress,5.9,631.99,9.1
WO100964,OH-A123,2025-09-02,Unscheduled,Low,Closed,6.3,502.58,28.0
WO100965,OH-A138,2025-03-22,Scheduled,High,Closed,10.6,90.58,1.3
WO100966,OH-A101,2025-10-11,Inspection,High,Closed,6.9,256.43,9.9
WO100967,OH-A118,2025-03-30,Unscheduled,Medium,Closed,3.4,151.93,18.4
WO100968,OH-A103,2025-08-18,Unscheduled,Medium,Closed,11.5,257.96,4.1
WO100969,OH-A114,2025-04-20,Engine,Medium,Closed,15.3,176.64,13.3
WO100970,OH-A112,2025-04-01,Cabin,Low,Closed,9.8,240.28,6.1
WO100971,OH-A142,2025-09-15,Scheduled,Medium,Closed,4.2,267.47,2.0
WO100972,OH-A132,2025-12-10,Unscheduled,Low,Closed,17.3,272.18,5.9
WO100973,OH-A111,2025-10-19,Inspection,Low,Closed,10.2,300.59,4.3
WO100974,OH-A130,2025-07-06,Scheduled,Medium,Closed,9.3,159.49,15.8
WO100975,OH-A139,2025-11-30,Unscheduled,Low,Closed,15.0,418.65,28.3
WO100976,OH-A109,2025-10-29,Scheduled,Medium,Closed,10.4,163.71,6.3
WO100977,OH-A127,2025-12-02,Scheduled,Medium,Closed,6.0,221.66,6.0
WO100978,OH-A123,2025-01-04,Component Replacement,Medium,Closed,14.0,383.68,1.6
WO100979,OH-A143,2025-10-24,Unscheduled,Medium,Closed,3.7,30.52,14.9
WO100980,OH-A117,2025-07-08,Component Replacement,Low,Closed,4.1,4873.44,20.3
WO100981,OH-A132,2025-09-12,Scheduled,Low,Closed,4.7,681.82,11.8
WO100982,OH-A127,2025-12-08,Inspection,Medium,Closed,7.0,555.48,5.8
WO100983,OH-A115,2025-07-09,Inspection,Medium,Closed,7.6,239.41,10.2
WO100984,OH-A116,2025-09-09,Engine,High,Closed,5.8,443.18,14.6
WO100985,OH-A141,2025-12-25,Scheduled,Low,Closed,5.9,120.32,7.7
WO100986,OH-A143,2025-02-11,Inspection,High,Closed,7.8,658.67,12.5
WO100987,OH-A112,2025-09-28,Cabin,Low,Closed,3.7,74.9,6.5
WO100988,OH-A122,2025-09-17,Scheduled,Medium,Closed,8.9,113.42,3.0
WO100989,OH-A106,2025-03-11,Scheduled,High,Open,1.2,198.36,14.2
WO100990,OH-A120,2025-01-06,Unscheduled,High,Closed,6.5,1826.04,9.4
WO100991,OH-A141,2025-08-19,Cabin,Medium,Closed,4.7,134.04,10.3
WO100992,OH-A133,2025-05-15,Scheduled,Low,Closed,16.9,563.23,15.4
WO100993,OH-A123,2025-04-25,Scheduled,Medium,Open,5.5,51.27,4.4
WO100994,OH-A137,2025-03-28,Cabin,High,Closed,7.0,413.56,6.0
WO100995,OH-A126,2025-07-18,Unscheduled,Low,Closed,5.7,2287.41,20.1
WO100996,OH-A121,2025-04-02,Scheduled,Low,In Progress,3.3,665.31,10.0
WO100997,OH-A100,2025-01-28,Inspection,Medium,Closed,3.2,50.75,14.6
WO100998,OH-A105,2025-01-16,Scheduled,Medium,Closed,2.8,421.37,8.7
WO100999,OH-A125,2025-04-05,Unscheduled,Medium,Closed,6.4,253.66,12.3
WO101000,OH-A104,2025-08-14,Scheduled,Low,Closed,5.4,1375.23,12.7
WO101001,OH-A100,2025-07-12,Inspection,High,Open,2.1,364.97,5.4
WO101002,OH-A115,2025-09-28,Inspection,High,Closed,15.7,95.57,29.6
WO101003,OH-A126,2025-08-07,Scheduled,Medium,Closed,9.3,352.01,10.2
WO101004,OH-A135,2025-04-17,Unscheduled,Low,Closed,7.1,201.1,2.4
WO101005,OH-A146,2025-12-01,Cabin,Low,Closed,1.5,46.52,2.9
WO101006,OH-A131,2025-08-03,Unscheduled,Medium,Closed,8.1,338.92,6.2
WO101007,OH-A146,2025-08-14,Cabin,High,Closed,6.9,405.23,1.9
WO101008,OH-A113,2025-07-01,Cabin,Medium,Closed,10.4,590.71,18.4
WO101009,OH-A131,2025-06-04,Scheduled,Medium,Closed,4.2,1116.0,5.5
WO101010,OH-A100,2025-12-29,Inspection,High,Closed,4.9,304.68,3.6
WO101011,OH-A106,2025-05-23,Engine,Medium,Closed,7.5,89.9,10.6
WO101012,OH-A130,2025-10-24,Component Replacement,High,Closed,4.7,174.74,12.4
WO101013,OH-A115,2025-01-31,Component Replacement,Medium,In Progress,8.0,395.99,6.5
WO101014,OH-A127,2025-12-12,Scheduled,Medium,Closed,3.2,1359.98,12.6
WO101015,OH-A145,2025-10-04,Cabin,Low,Closed,6.1,405.03,14.5
WO101016,OH-A137,2025-10-28,Scheduled,Low,Closed,4.2,353.47,6.4
WO101017,OH-A116,2025-04-27,Inspection,Critical,Closed,10.1,318.49,3.3
WO101018,OH-A132,2025-08-29,Cabin,Medium,Closed,17.8,400.14,5.9
WO101019,OH-A144,2025-10-03,Unscheduled,Medium,Closed,15.4,2725.61,7.3
WO101020,OH-A111,2025-01-26,Inspection,Medium,Closed,1.9,370.79,8.8
WO101021,OH-A126,2025-08-25,Inspection,Low,Closed,8.4,309.95,14.7
WO101022,OH-A135,2025-11-10,Cabin,High,Closed,4.2,419.16,7.5
WO101023,OH-A131,2025-11-06,Unscheduled,Low,Closed,3.1,205.13,4.8
WO101024,OH-A123,2025-10-05,Inspection,Medium,Closed,8.3,84.67,5.8
WO101025,OH-A120,2025-11-23,Scheduled,Medium,In Progress,3.1,70.81,9.7
WO101026,OH-A127,2025-04-13,Scheduled,Medium,Closed,11.9,195.04,10.3
WO101027,OH-A123,2025-09-09,Scheduled,Medium,Closed,8.4,1314.52,22.4
WO101028,OH-A117,2025-04-09,Unscheduled,Critical,Closed,10.5,1296.07,7.3
WO101029,OH-A141,2025-11-11,Inspection,High,Closed,7.5,132.16,4.8
WO101030,OH-A137,2025-07-11,Scheduled,Critical,Closed,2.9,344.41,1.4
WO101031,OH-A130,2025-10-30,Scheduled,Medium,Closed,5.2,460.14,2.1
WO101032,OH-A109,2025-04-14,Scheduled,Medium,Closed,13.0,195.4,11.6
WO101033,OH-A124,2025-04-23,Cabin,Critical,Closed,6.0,1493.21,5.6
WO101034,OH-A109,2025-12-21,Scheduled,Low,In Progress,5.7,864.39,17.2
WO101035,OH-A107,2025-11-27,Unscheduled,High,Closed,13.8,578.74,1.8
WO101036,OH-A111,2025-03-12,Component Replacement,Low,Closed,7.3,432.04,6.1
WO101037,OH-A107,2025-05-22,Engine,High,Closed,12.3,84.52,14.3
WO101038,OH-A137,2025-02-25,Inspection,High,Closed,6.0,1567.08,18.6
WO101039,OH-A124,2025-08-21,Scheduled,Medium,Closed,3.6,720.91,12.2
WO101040,OH-A134,2025-01-16,Scheduled,High,Closed,1.3,607.44,15.2
WO101041,OH-A146,2025-01-10,Scheduled,Low,Open,6.0,192.88,4.7
WO101042,OH-A112,2025-07-21,Component Replacement,Medium,In Progress,6.9,210.35,6.9
WO101043,OH-A109,2025-11-23,Scheduled,Medium,Closed,11.6,661.53,19.3
WO101044,OH-A106,2025-09-28,Unscheduled,Critical,Closed,0.5,1214.68,4.4
WO101045,OH-A100,2025-09-11,Scheduled,Medium,Closed,8.8,2263.89,8.6
WO101046,OH-A101,2025-08-03,Unscheduled,Low,Closed,6.5,193.38,13.0
WO101047,OH-A128,2025-03-08,Unscheduled,Low,Closed,5.8,344.17,17.8
WO101048,OH-A132,2025-03-18,Unscheduled,High,Open,17.3,49.68,7.9
WO101049,OH-A114,2025-08-14,Scheduled,High,Closed,8.4,34.43,6.7
WO101050,OH-A125,2025-12-04,Unscheduled,High,Closed,14.1,681.56,11.0
WO101051,OH-A109,2025-01-18,Scheduled,Low,Closed,4.1,171.86,23.3
WO101052,OH-A133,2025-05-19,Inspection,Medium,Closed,5.1,56.08,11.0
WO101053,OH-A134,2025-03-10,Inspection,Medium,Closed,11.7,126.1,11.3
WO101054,OH-A133,2025-02-21,Inspection,Medium,Unknown,3.7,568.4,7.9
WO101055,OH-A124,2025-05-10,Scheduled,High,Closed,3.8,592.24,4.6
WO101056,OH-A140,2025-03-11,Inspection,Low,Closed,3.4,78.47,6.8
WO101057,OH-A104,2025-03-31,Unscheduled,Medium,Closed,4.7,1389.11,7.8
WO101058,OH-A119,2025-06-09,Unscheduled,Medium,Closed,7.5,201.2,6.7
WO101059,OH-A103,2025-09-29,Scheduled,Medium,Closed,8.8,531.08,8.4
WO101060,OH-A139,2025-07-18,Cabin,Low,Closed,7.1,418.9,11.6
WO101061,OH-A103,2025-07-18,Unscheduled,Medium,Closed,5.4,398.79,5.6
WO101062,OH-A120,2025-08-08,Unscheduled,Low,Closed,6.7,158.07,14.8
WO101063,OH-A108,2025-03-24,Scheduled,Low,Closed,14.2,393.74,11.0
WO101064,OH-A133,2025-01-27,Inspection,Medium,Closed,6.6,528.14,8.9
WO101065,OH-A119,2025-01-11,Scheduled,Medium,Closed,5.1,330.53,7.4
WO101066,OH-A126,2025-11-13,Component Replacement,High,Closed,1.2,446.27,4.4
WO101067,OH-A146,2025-11-16,Scheduled,Medium,Closed,6.2,1214.17,11.7
WO101068,OH-A144,2025-05-03,Scheduled,Medium,Closed,11.4,251.83,29.8
WO101069,OH-A120,2025-10-14,Component Replacement,Critical,Closed,2.0,775.38,18.2
WO101070,OH-A117,2025-04-05,Unscheduled,Medium,Closed,2.8,326.88,12.7
WO101071,OH-A114,2025-04-22,Scheduled,High,Closed,4.8,1676.63,19.6
WO101072,OH-A133,2025-09-08,Component Replacement,Critical,Closed,4.4,98.89,5.9
WO101073,OH-A147,2025-12-05,Cabin,High,Closed,6.9,1485.94,5.1
WO101074,OH-A128,2025-08-12,Unscheduled,Low,Closed,16.4,237.07,8.4
WO101075,OH-A127,2025-12-17,Inspection,Low,Closed,3.3,3333.53,8.8
WO101076,OH-A147,2025-12-29,Unscheduled,Low,Closed,4.3,623.46,17.1
WO101077,OH-A109,2025-01-11,Inspection,Medium,Closed,5.9,944.12,14.5
WO101078,OH-A103,2025-05-30,Component Replacement,Medium,Closed,4.1,343.46,1.7
WO101079,OH-A104,2025-06-22,Inspection,Low,Closed,6.9,796.89,14.8
WO101080,OH-A128,2025-03-08,Unscheduled,Medium,Closed,8.6,796.57,7.5
WO101081,OH-A143,2025-03-19,Scheduled,Medium,Closed,4.4,349.88,10.6
WO101082,OH-A111,2025-12-22,Inspection,Medium,Closed,10.4,866.36,8.1
WO101083,OH-A134,2025-03-07,Inspection,Low,Closed,5.2,14.0,5.5
WO101084,OH-A142,2025-06-25,Inspection,Low,In Progress,4.1,211.85,10.5
WO101085,OH-A143,2025-06-25,Scheduled,Medium,Closed,2.4,412.16,5.3
WO101086,OH-A138,2025-08-30,Unscheduled,Low,Closed,9.1,666.4,7.6
WO101087,OH-A117,2025-07-19,Component Replacement,Medium,Closed,7.6,1066.37,4.7
WO101088,OH-A131,2025-01-16,Scheduled,Medium,Closed,3.2,313.34,3.6
WO101089,OH-A126,2025-06-14,Cabin,Medium,Closed,3.8,273.02,28.9
WO101090,OH-A123,2025-05-03,Unscheduled,High,Closed,7.3,964.42,6.2
WO101091,OH-A133,2025-02-16,Component Replacement,Low,Closed,8.8,1276.08,7.6
WO101092,OH-A132,2025-12-27,Unscheduled,Low,Closed,7.8,845.44,18.0
WO101093,OH-A138,2025-07-17,Unscheduled,High,Closed,9.1,346.18,9.4
WO101094,OH-A126,2025-12-18,Cabin,Medium,Closed,19.2,5159.36,4.5
WO101095,OH-A131,2025-12-01,Inspection,Low,Closed,10.5,436.75,4.5
WO101096,OH-A113,2025-12-26,Scheduled,Medium,Closed,9.3,500.91,4.3
WO101097,OH-A122,2025-03-28,Cabin,Medium,In Progress,4.6,2065.11,23.2
WO101098,OH-A139,2025-10-28,Unscheduled,Medium,Closed,2.9,1859.48,1.5
WO101099,OH-A137,2025-01-15,Component Replacement,High,Closed,13.0,818.53,3.9
WO101100,OH-A124,2025-07-02,Scheduled,Low,Closed,4.8,163.75,6.3
WO101101,OH-A127,2025-11-14,Engine,Medium,Closed,8.2,451.54,6.3
WO101102,OH-A112,2025-07-28,Cabin,Medium,Closed,2.3,676.84,5.8
WO101103,OH-A118,2025-03-15,Unscheduled,Medium,In Progress,1.7,2841.43,11.8
WO101104,OH-A131,2025-01-28,Scheduled,Medium,Closed,10.5,7705.99,10.0
WO101105,OH-A105,2025-06-17,Inspection,High,Closed,4.0,221.62,5.1
WO101106,OH-A100,2025-10-17,Scheduled,Medium,Closed,8.2,946.4,6.0
WO101107,OH-A128,2025-12-02,Unscheduled,High,Closed,4.0,178.58,34.0
WO101108,OH-A134,2025-10-01,Inspection,Low,Open,8.7,356.07,10.3
WO101109,OH-A147,2025-06-11,Scheduled,Medium,Closed,6.1,169.44,0.6
WO101110,OH-A122,2025-09-16,Cabin,High,Open,5.5,2141.44,4.5
WO101111,OH-A105,2025-10-14,Component Replacement,Low,Closed,7.7,511.75,5.8
WO101112,OH-A130,2025-05-20,Unscheduled,Critical,Closed,8.4,541.01,28.4
WO101113,OH-A114,2025-04-07,Unscheduled,Medium,In Progress,4.2,423.8,6.1
WO101114,OH-A107,2025-04-08,Engine,High,In Progress,8.2,587.75,6.4
WO101115,OH-A129,2025-09-30,Unscheduled,Low,Closed,8.6,608.18,2.1
WO101116,OH-A134,2025-10-23,Cabin,Medium,Closed,10.4,203.32,8.7
WO101117,OH-A102,2025-03-12,Scheduled,Medium,Closed,12.3,74.6,13.7
WO101118,OH-A134,2025-12-22,Scheduled,Critical,Closed,6.3,106.97,8.3
WO101119,OH-A127,2025-01-07,Unscheduled,Low,Open,4.1,80.58,6.1
WO101120,OH-A135,2025-06-04,Scheduled,Medium,Closed,3.5,490.25,7.4
WO101121,OH-A130,2025-06-26,Unscheduled,Medium,Closed,4.4,178.31,13.3
WO101122,OH-A122,2025-01-21,Unscheduled,High,Closed,4.7,1075.03,6.9
WO101123,OH-A116,2025-09-22,Scheduled,Critical,In Progress,5.1,513.2,7.0
WO101124,OH-A130,2025-11-25,Scheduled,High,Closed,6.2,64.37,11.0
WO101125,OH-A109,2025-03-28,Scheduled,Low,Closed,7.0,267.61,5.4
WO101126,OH-A126,2025-09-09,Scheduled,High,Closed,7.2,48.29,4.2
WO101127,OH-A136,2025-12-14,Scheduled,Medium,Closed,9.6,128.48,2.2
WO101128,OH-A111,2025-09-03,Scheduled,Medium,Closed,13.0,247.08,7.7
WO101129,OH-A104,2025-06-14,Cabin,Low,In Progress,7.3,156.75,5.2
WO101130,OH-A101,2025-12-11,Scheduled,High,Closed,4.7,2656.9,14.8
WO101131,OH-A126,2025-05-27,Scheduled,Medium,Closed,9.5,853.03,7.0
WO101132,OH-A119,2025-09-02,Cabin,High,Closed,9.2,290.67,13.7
WO101133,OH-A131,2025-10-09,Component Replacement,Medium,Closed,4.4,1680.56,12.1
WO101134,OH-A139,2025-08-14,Scheduled,Medium,Closed,9.2,152.25,2.0
WO101135,OH-A146,2025-04-25,Engine,Low,In Progress,0.9,289.4,3.4
WO101136,OH-A115,2025-09-17,Engine,Low,Closed,3.4,947.57,24.4
WO101137,OH-A105,2025-04-24,Component Replacement,Critical,Closed,3.0,132.21,5.4
WO101138,OH-A135,2025-06-26,Inspection,Medium,Closed,3.6,800.34,10.5
WO101139,OH-A100,2025-07-18,Inspection,Low,Closed,9.6,540.66,7.6
WO101140,OH-A130,2025-04-15,Cabin,Medium,Closed,5.4,726.38,2.1
WO101141,OH-A113,2025-10-07,Unscheduled,High,Closed,10.3,2434.27,4.5
WO101142,OH-A116,2025-04-02,Engine,Medium,Closed,13.6,636.21,3.9
WO101143,OH-A105,2025-02-28,Scheduled,Medium,Closed,-2.0,457.62,13.0
WO101144,OH-A100,2025-09-23,Component Replacement,High,Closed,4.3,90.26,4.5
WO101145,OH-A109,2025-11-18,Cabin,Low,Closed,5.6,497.84,11.2
WO101146,OH-A120,2025-03-30,Scheduled,Medium,Closed,6.3,249.65,3.0
WO101147,OH-A114,2025-07-09,Scheduled,Medium,Closed,14.7,356.69,0.9
WO101148,OH-A118,2025-12-06,Component Replacement,Medium,Closed,4.3,251.28,8.8
WO101149,OH-A105,2025-05-16,Component Replacement,Low,Closed,11.2,659.52,10.8
WO101150,OH-A106,2025-05-28,Component Replacement,Low,Closed,8.2,149.81,6.3
WO101151,OH-A135,2025-09-12,Cabin,Critical,Closed,1.2,498.72,8.6
WO101152,OH-A139,2025-08-20,Scheduled,High,Closed,5.3,142.37,2.6
WO101153,OH-A135,2025-02-16,Inspection,High,Closed,3.3,66.77,6.6
WO101154,OH-A145,2025-01-16,Inspection,High,Closed,5.2,286.65,14.8
WO101155,OH-A135,2025-05-13,Scheduled,Low,Closed,1.2,641.55,24.9
WO101156,OH-A105,2025-06-13,Scheduled,Medium,Closed,15.2,185.49,7.8
WO101157,OH-A135,2025-08-12,Inspection,Medium,Closed,4.9,462.47,10.2
WO101158,OH-A111,2025-05-26,Inspection,Medium,Closed,5.2,280.63,15.1
WO101159,OH-A137,2025-02-18,Inspection,Low,Closed,14.4,143.25,9.0
WO101160,OH-A130,2025-10-03,Unscheduled,Low,Closed,2.6,704.36,10.6
WO101161,OH-A140,2025-06-07,Inspection,Low,Closed,8.4,210.33,20.2
WO101162,OH-A145,2025-01-21,Unscheduled,Low,Closed,4.0,586.76,10.3
WO101163,OH-A133,2025-08-06,Scheduled,Medium,Closed,1.8,93.67,6.4
WO101164,OH-A144,2025-05-27,Inspection,High,Closed,9.0,462.58,20.0
WO101165,OH-A125,2025-07-15,Inspection,critical,Closed,12.5,752.85,9.6
WO101166,OH-A144,2025-11-10,Engine,Low,Closed,6.0,573.51,3.2
WO101167,OH-A104,2025-03-11,Unscheduled,Low,Closed,9.7,984.9,7.0
WO101168,OH-A121,2025-09-02,Component Replacement,Medium,Closed,4.2,769.31,26.7
WO101169,OH-A136,2025-02-13,Cabin,Medium,In Progress,8.5,544.15,15.8
WO101170,OH-A147,2025-10-11,Unscheduled,Medium,Closed,6.4,940.12,5.5
WO101171,OH-A141,2025-05-14,Inspection,Low,In Progress,4.6,277.62,17.1
WO101172,OH-A117,2025-10-06,Cabin,High,Closed,3.2,679.45,6.9
WO101173,OH-A130,2025-01-15,Unscheduled,Medium,Closed,12.4,412.31,4.6
WO101174,OH-A104,2025-08-30,Component Replacement,Low,Closed,6.5,2567.31,15.0
WO101175,OH-A105,2025-04-02,Inspection,High,Closed,5.0,530.33,3.4
WO101176,OH-A133,2025-05-23,Unscheduled,Medium,Closed,5.4,111.56,4.7
WO101177,OH-A115,2025-03-27,Engine,Low,Closed,8.7,519.59,8.9
WO101178,OH-A126,2025-05-26,Scheduled,Medium,In Progress,9.6,155.83,9.9
WO101179,OH-A109,2025-10-16,Scheduled,Medium,Closed,6.4,835.88,13.6
WO101180,OH-A138,2025-01-19,Scheduled,High,Closed,8.3,851.07,4.0
WO101181,OH-A104,2025-08-08,Engine,Medium,Closed,5.2,219.41,9.0
WO101182,OH-A129,2025-03-13,Unscheduled,High,Closed,5.6,142.9,1.2
WO101183,OH-A132,2025-05-25,Inspection,Medium,Open,9.0,460.71,1.5
WO101184,OH-A139,2025-07-23,Scheduled,Medium,Closed,5.1,163.37,4.9
WO101185,OH-A112,2025-02-05,Unscheduled,Low,Closed,3.0,174.43,13.5
WO101186,OH-A116,2025-11-23,Inspection,Low,Closed,8.8,243.21,11.5
WO101187,OH-A126,2025-09-06,Scheduled,High,Closed,7.9,753.19,6.9
WO101188,OH-A113,2025-08-12,Unscheduled,Medium,Closed,10.5,91.47,1.9
WO101189,OH-A135,2025-12-06,Scheduled,Critical,Closed,8.7,189.71,9.9
WO101190,OH-A136,2025-05-22,Scheduled,Medium,Open,7.8,4441.46,38.5
WO101191,OH-A136,2025-02-21,Unscheduled,Medium,In Progress,2.8,2846.38,8.1
WO101192,OH-A123,2025-10-31,Inspection,Critical,Closed,6.3,1352.62,3.4
WO101193,OH-A130,2025-08-20,Scheduled,Medium,Closed,4.7,421.49,7.7
WO101194,OH-A108,2025-06-13,Unscheduled,Medium,Open,8.7,855.76,2.2
WO101195,OH-A109,2025-02-01,Unscheduled,High,Closed,15.2,274.59,5.5
WO101196,OH-A118,2025-04-05,Cabin,Low,Closed,9.5,26.98,12.9
WO101197,OH-A109,2025-08-01,Inspection,Medium,Closed,2.6,228.1,19.1
WO101198,OH-A138,2025-01-30,Cabin,Low,Closed,7.5,251.14,6.6
WO101199,OH-A112,2025-07-20,Inspection,Critical,Closed,4.7,414.98,2.9
WO101200,OH-A144,2025-10-30,Engine,High,In Progress,9.2,653.91,13.4
WO101201,OH-A119,2025-06-14,Scheduled,High,Closed,10.0,2102.59,9.5
WO101202,OH-A136,2025-08-13,Inspection,Medium,Closed,6.2,416.46,7.6
WO101203,OH-A103,2025-03-21,Unscheduled,Medium,Closed,5.1,147.89,8.6
WO101204,OH-A134,2025-07-31,Component Replacement,Low,In Progress,7.8,331.65,6.8
WO101205,OH-A121,2025-03-08,Engine,Medium,Closed,4.4,768.24,8.1
WO101206,OH-A138,2025-09-21,Component Replacement,High,Closed,10.2,360.6,9.1
WO101207,OH-A108,2025-07-14,Scheduled,Low,Closed,8.7,180.64,9.8
WO101208,OH-A109,2025-08-09,Inspection,Low,Open,5.0,681.69,8.5
WO101209,OH-A141,2025-04-27,Component Replacement,Medium,Closed,3.3,128.66,4.3
WO101210,OH-A127,2025-05-08,Scheduled,High,In Progress,7.3,167.57,24.0
WO101211,OH-A126,2025-08-29,Scheduled,Medium,Closed,11.2,611.61,7.8
WO101212,OH-A128,2025-08-14,Inspection,Medium,Closed,9.8,183.97,1.8
WO101213,OH-A117,2025-09-10,Unscheduled,High,Closed,3.0,283.57,7.0
WO101214,OH-A145,2025-02-21,Scheduled,Low,Closed,8.2,409.9,7.3
WO101215,OH-A126,2025-03-10,Cabin,High,In Progress,8.7,386.87,4.7
WO101216,OH-A100,2025-04-19,Cabin,Medium,Closed,5.7,153.29,3.6
WO101217,OH-A113,2025-05-22,Unscheduled,Medium,Closed,6.6,560.53,9.1
WO101218,OH-A146,2025-07-16,Cabin,Low,Closed,9.5,161.17,9.0
WO101219,OH-A123,2025-07-09,Engine,Medium,Closed,7.0,2102.0,3.3
WO101220,OH-A134,2025-01-26,Inspection,High,Closed,1.5,270.05,9.2
WO101221,OH-A100,2025-01-13,Component Replacement,Medium,Closed,3.9,740.92,10.8
WO101222,OH-A101,2025-10-27,Cabin,Low,Closed,4.9,839.78,3.0
WO101223,OH-A109,2025-07-31,Component Replacement,Low,Closed,4.0,282.91,6.8
WO101224,OH-A124,2025-01-17,Unscheduled,High,Open,10.1,153.38,23.9
WO101225,OH-A129,2025-11-08,Scheduled,Medium,Closed,8.1,836.86,12.3
WO101226,OH-A103,2025-05-16,Unscheduled,Low,In Progress,2.7,97.26,12.3
WO101227,OH-A144,2025-08-30,Scheduled,Critical,Closed,8.0,113.32,12.5
WO101228,OH-A128,2025-06-15,Scheduled,Low,Closed,10.6,740.25,16.7
WO101229,OH-A116,2025-03-12,Unscheduled,High,Closed,5.7,330.04,1.0
WO101230,OH-A121,2025-09-06,Unscheduled,Low,Open,7.7,198.96,4.8
WO101231,OH-A124,2025-05-13,Scheduled,Low,In Progress,6.8,245.02,2.1
WO101232,OH-A137,2025-02-26,Engine,Medium,Closed,3.2,182.09,6.7
WO101233,OH-A104,2025-03-23,Scheduled,High,Closed,8.0,3572.94,5.6
WO101234,OH-A127,2025-10-27,Inspection,Medium,Closed,4.6,1116.99,6.1
WO101235,OH-A125,2025-07-09,Inspection,Medium,Closed,13.4,176.92,13.0
WO101236,OH-A137,2025-06-05,Cabin,High,Closed,3.1,295.11,4.9
WO101237,OH-A117,2025-10-13,Scheduled,High,Closed,6.4,732.76,24.6
WO101238,OH-A117,2025-04-02,Scheduled,Medium,Closed,10.9,152.05,1.6
WO101239,OH-A138,2025-02-24,Inspection,Medium,Closed,5.0,230.74,17.7
WO101240,OH-A141,2025-02-05,Inspection,Medium,In Progress,7.9,299.43,2.4
WO101241,OH-A139,2025-02-07,Engine,Low,Closed,27.8,167.1,12.6
WO101242,OH-A141,2025-12-04,Scheduled,High,Closed,10.5,1207.62,12.2
WO101243,OH-A104,2025-11-25,Unscheduled,Medium,Closed,8.1,197.48,6.8
WO101244,OH-A131,2025-05-28,Scheduled,High,Closed,9.8,359.09,13.5
WO101245,OH-A133,2025-06-22,Component Replacement,High,Open,8.4,453.36,4.5
WO101246,OH-A112,2025-05-20,Unscheduled,High,Closed,3.8,1970.7,3.9
WO101247,OH-A121,2025-07-20,Scheduled,High,Closed,7.8,370.07,12.8
WO101248,OH-A147,2025-03-07,Inspection,High,Closed,18.5,3418.49,5.7
WO101249,OH-A106,2025-08-29,Scheduled,Medium,Closed,12.2,280.71,22.8
WO101250,OH-A139,2025-07-04,Scheduled,High,Closed,5.4,323.5,12.8
WO101251,OH-A115,2025-11-30,Scheduled,High,Closed,5.8,1029.64,10.3
WO101252,OH-A140,2025-04-27,Engine,Low,Closed,19.2,2751.98,6.0
WO101253,OH-A125,2025-10-05,Inspection,Medium,Closed,6.4,309.67,3.3
WO101254,OH-A100,2025-03-02,Unscheduled,Medium,Closed,5.1,1388.75,15.7
WO101255,OH-A105,2025-02-03,Unscheduled,Low,Closed,3.9,941.45,15.6
WO101256,OH-A139,2025-10-02,Cabin,Medium,Closed,7.1,188.52,4.9
WO101257,OH-A137,2025-11-21,Scheduled,Low,Closed,4.9,396.19,2.9
WO101258,OH-A110,2025-11-24,Scheduled,Low,Closed,6.9,387.35,8.7
WO101259,OH-A130,2025-01-22,Engine,Medium,Closed,8.0,143.81,8.3
WO101260,OH-A124,2025-05-09,Inspection,Medium,Open,13.0,475.41,14.1
WO101261,OH-A102,2025-06-22,Cabin,High,Closed,5.8,437.03,6.8
WO101262,OH-A133,2025-04-15,Inspection,Medium,Closed,1.5,586.83,21.1
WO101263,OH-A107,2025-04-19,Component Replacement,Low,In Progress,5.6,432.61,11.4
WO101264,OH-A119,2025-05-17,Inspection,Low,Closed,5.6,207.0,23.3
WO101265,OH-A100,2025-01-10,Scheduled,Low,In Progress,5.4,4657.16,2.8
WO101266,OH-A111,2025-12-04,Cabin,Medium,Closed,6.2,501.18,9.3
WO101267,OH-A144,2025-04-20,Inspection,High,Closed,1.9,1480.15,20.0
WO101268,OH-A124,2025-08-02,Scheduled,Medium,Closed,3.2,625.2,3.1
WO101269,OH-A134,2025-10-16,Scheduled,Low,Closed,5.2,1820.71,14.9
WO101270,OH-A114,2025-03-02,Unscheduled,Medium,Closed,10.5,185.67,2.0
WO101271,OH-A102,2025-03-17,Scheduled,Critical,Closed,6.4,369.11,3.3
WO101272,OH-A129,2025-08-19,Scheduled,High,Closed,8.7,257.73,3.0
WO101273,OH-A111,2025-12-29,Scheduled,Medium,Closed,2.9,,3.5
WO101274,OH-A105,2025-05-27,Cabin,Low,Closed,4.1,527.17,13.6
WO101275,OH-A123,2025-11-29,Inspection,Low,In Progress,0.6,315.38,6.7
WO101276,OH-A119,2025-01-07,Unscheduled,Medium,In Progress,1.7,96.82,7.9
WO101277,OH-A105,2025-09-26,Scheduled,Medium,Closed,17.6,298.05,4.5
WO101278,OH-A128,2025-12-21,Component Replacement,Medium,Closed,2.8,274.24,8.4
WO101279,OH-A121,2025-09-30,Component Replacement,Low,Closed,3.5,973.34,19.5
WO101280,OH-A147,2025-02-11,Scheduled,High,Closed,4.1,94.92,3.1
WO101281,OH-A104,2025-01-05,Cabin,Medium,Closed,14.7,241.56,51.6
WO101282,OH-A123,2025-05-31,Scheduled,Critical,Closed,2.8,190.49,7.2
WO101283,OH-A138,2025-07-23,Scheduled,High,Closed,5.9,849.76,4.2
WO101284,OH-A120,2025-08-29,Unscheduled,Medium,Open,4.3,233.82,2.9
WO101285,OH-A110,2025-12-05,Cabin,Medium,Closed,4.8,1148.33,10.6
WO101286,OH-A147,2025-08-02,Engine,High,Closed,2.4,384.87,9.7
WO101287,OH-A115,2025-04-08,Inspection,Low,Closed,4.3,658.37,3.4
WO101288,OH-A144,2025-01-02,Unscheduled,Low,Closed,9.1,1218.9,17.3
WO101289,OH-A140,2025-12-07,Unscheduled,Medium,Closed,5.9,121.25,11.8
WO101290,OH-A132,2025-08-10,Unscheduled,Medium,Closed,7.8,315.08,16.7
WO101291,OH-A137,2025-09-05,Unscheduled,Medium,Closed,3.0,614.68,18.4
WO101292,OH-A126,2025-09-23,Engine,Low,In Progress,9.7,491.71,2.9
WO101293,OH-A132,2025-10-20,Inspection,Medium,In Progress,6.1,110.28,18.3
WO101294,OH-A113,2025-11-07,Unscheduled,Medium,Closed,4.9,809.58,13.0
WO101295,OH-A102,2025-11-14,Cabin,High,Closed,5.3,423.15,11.6
WO101296,OH-A129,2025-03-09,Scheduled,Low,Closed,6.6,458.62,7.0
WO101297,OH-A138,2025-04-19,Scheduled,critical,In Progress,6.5,323.32,17.6
WO101298,OH-A140,2025-01-14,Unscheduled,High,Closed,13.0,16.75,19.3
WO101299,OH-A136,2025-02-14,Cabin,Medium,Closed,6.8,696.08,11.1
WO101300,OH-A147,2025-12-11,Scheduled,Medium,Closed,6.6,726.34,11.7
WO101301,OH-A128,2025-06-04,Scheduled,Low,Closed,5.8,264.69,28.5
WO101302,OH-A108,2025-09-06,Unscheduled,Medium,Closed,7.4,91.42,0.6
WO101303,OH-A109,2025-07-26,Cabin,High,Open,10.3,236.18,20.7
WO101304,OH-A113,2025-06-16,Unscheduled,Low,Closed,1.7,1091.16,8.7
WO101305,OH-A146,2025-03-01,Inspection,High,Closed,1.6,268.31,21.8
WO101306,OH-A142,2025-09-22,Engine,Low,Closed,5.6,412.62,4.4
WO101307,OH-A134,2025-10-02,Inspection,High,Closed,3.9,289.0,10.9
WO101308,OH-A141,2025-02-27,Scheduled,Medium,Closed,6.4,553.01,10.7
WO101309,OH-A116,2025-04-28,Scheduled,Medium,Closed,6.5,108.11,12.4
WO101310,OH-A134,2025-12-16,Scheduled,High,Closed,5.6,329.56,7.3
WO101311,OH-A108,2025-11-08,Component Replacement,Medium,Closed,11.8,1207.46,5.9
WO101312,OH-A104,2025-08-27,Engine,Low,Closed,3.6,161.25,12.4
WO101313,OH-A130,2025-12-17,Scheduled,High,Closed,4.1,306.49,13.4
WO101314,OH-A133,2025-11-17,Unscheduled,Low,Closed,13.7,1156.24,8.1
WO101315,OH-A128,2025-08-13,Scheduled,High,Closed,2.7,851.25,12.0
WO101316,OH-A122,2025-07-23,Unscheduled,Low,Closed,5.4,634.21,24.2
WO101317,OH-A129,2025-08-25,Unscheduled,Medium,Closed,5.0,595.17,9.1
WO101318,OH-A117,2025-10-20,Cabin,Medium,Closed,8.2,585.82,1.4
WO101319,OH-A114,2025-12-17,Unscheduled,Medium,Closed,6.0,320.39,11.2
WO101320,OH-A112,2025-04-30,Scheduled,Medium,Closed,2.5,1214.54,3.3
WO101321,OH-A117,2025-04-20,Inspection,Medium,Open,4.6,252.52,10.4
WO101322,OH-A115,2025-02-18,Cabin,Medium,Closed,4.2,149.26,15.6
WO101323,OH-A107,2025-01-04,Unscheduled,Low,Closed,9.1,101.1,7.8
WO101324,OH-A125,2025-05-10,Engine,High,Open,13.7,217.75,14.5
WO101325,OH-A119,2025-04-02,Unscheduled,Low,Open,11.8,215.0,14.7
WO101326,OH-A107,2025-11-24,Inspection,High,Closed,5.9,198.07,18.5
WO101327,OH-A143,2025-06-28,Unscheduled,Medium,Closed,10.6,124.51,26.6
WO101328,OH-A124,2025-09-12,Engine,High,Closed,10.7,586.41,21.9
WO101329,OH-A106,2025-03-17,Inspection,Low,Closed,15.3,156.57,1.0
WO101330,OH-A102,2025-06-16,Unscheduled,High,In Progress,0.5,698.16,5.7
WO101331,OH-A104,2025-10-23,Component Replacement,Medium,Closed,4.9,829.65,4.3
WO101332,OH-A119,2025-03-27,Scheduled,Critical,Closed,8.8,5286.97,13.1
WO101333,OH-A111,2025-05-24,Scheduled,Low,Closed,4.0,256.06,7.9
WO101334,OH-A146,2025-08-07,Scheduled,High,Closed,2.5,343.89,4.8
WO101335,OH-A122,2025-03-15,Inspection,Medium,Closed,3.0,191.27,5.8
WO101336,OH-A135,2025-08-05,Engine,Critical,Closed,7.6,125.02,6.4
WO101337,OH-A111,2025-08-13,Inspection,Medium,Closed,4.2,265.01,14.4
WO101338,OH-A103,2025-07-13,Unscheduled,Low,Closed,3.0,185.67,2.3
WO101339,OH-A116,2025-03-02,Scheduled,High,Open,13.9,123.47,4.8
WO101340,OH-A133,2025-09-27,Cabin,Medium,Closed,7.5,511.15,0.7
WO101341,OH-A136,2025-11-02,Scheduled,Medium,Closed,12.7,138.1,14.3
WO101342,OH-A109,2025-03-30,Scheduled,Medium,Closed,4.9,710.44,17.4
WO101343,OH-A114,2025-02-10,Engine,High,Closed,9.9,949.4,11.9
WO101344,OH-A122,2025-07-06,Cabin,Medium,Closed,3.4,169.91,13.1
WO101345,OH-A116,2025-03-05,Scheduled,Medium,Closed,4.2,1633.55,10.0
WO101346,OH-A114,2025-04-23,Inspection,High,Closed,4.8,602.56,11.7
WO101347,OH-A147,2025-08-28,Component Replacement,Low,Closed,4.3,375.07,1.7
WO101348,OH-A144,2025-03-17,Scheduled,Low,Closed,2.9,68.13,11.5
WO101349,OH-A117,2025-05-14,Cabin,High,Closed,4.5,72.73,4.5
WO101350,OH-A102,2025-05-02,Unscheduled,Medium,Closed,2.2,1944.31,13.2
WO101351,OH-A117,2025-09-19,Unscheduled,Low,Closed,6.4,1509.66,7.4
WO101352,OH-A142,2025-10-21,Scheduled,Medium,Closed,11.3,1997.45,20.3
WO101353,OH-A143,2025-11-15,Scheduled,Low,Closed,3.9,2584.49,10.3
WO101354,OH-A133,2025-02-11,Scheduled,Critical,Closed,5.6,1595.13,4.1
WO101355,OH-A132,2025-10-09,Unscheduled,High,Closed,10.7,512.03,3.1
WO101356,OH-A117,2025-04-11,Cabin,High,Closed,14.1,706.14,4.5
WO101357,OH-A121,2025-11-23,Unscheduled,High,Closed,10.2,203.5,8.5
WO101358,OH-A142,2025-07-14,Unscheduled,High,Open,6.5,512.14,19.5
WO101359,OH-A110,2025-12-03,Unscheduled,Medium,Closed,8.3,850.32,6.2
WO101360,OH-A119,2025-05-27,Scheduled,Medium,Closed,8.7,866.82,11.2
WO101361,OH-A142,2025-04-28,Inspection,High,Closed,8.4,355.86,2.9
WO101362,OH-A133,2025-10-30,Unscheduled,Medium,Closed,4.2,53.0,12.9
WO101363,OH-A105,2025-05-11,Unscheduled,Critical,Closed,9.6,88.83,7.7
WO101364,OH-A137,2025-10-12,Inspection,High,Closed,11.2,649.37,11.1
WO101365,OH-A103,2025-01-19,Unscheduled,Low,Closed,1.1,243.38,21.5
WO101366,OH-A113,2025-09-05,Engine,Medium,Closed,4.9,784.64,9.2
WO101367,OH-A144,2025-11-28,Inspection,Low,Open,7.9,119.43,3.2
WO101368,OH-A103,2025-04-14,Scheduled,High,Closed,7.0,1574.33,9.7
WO101369,OH-A109,2025-12-26,Scheduled,High,Closed,8.0,157.97,9.5
WO101370,OH-A141,2025-01-08,Scheduled,Medium,Closed,3.2,1766.08,14.5
WO101371,OH-A132,2025-02-15,Cabin,Low,Closed,1.1,85.5,9.1
WO101372,OH-A111,2025-04-25,Engine,Medium,Closed,6.7,737.56,20.9
WO101373,OH-A116,2025-04-25,Cabin,Low,Closed,5.8,158.94,14.9
WO101374,OH-A144,2025-08-08,Component Replacement,Medium,Closed,11.0,399.87,9.3
WO101375,OH-A129,2025-11-13,Cabin,Critical,Closed,8.0,1183.63,8.5
WO101376,OH-A115,2025-02-07,Unscheduled,Medium,Closed,1.2,994.03,3.8
WO101377,OH-A106,2025-10-01,Inspection,Medium,Closed,8.1,177.13,6.7
WO101378,OH-A119,2025-10-28,Unscheduled,High,Closed,12.8,218.64,2.3
WO101379,OH-A115,2025-08-01,Engine,High,Closed,10.8,83.7,7.8
WO101380,OH-A120,2025-12-27,Cabin,Low,Closed,8.0,67.22,1.9
WO101381,OH-A102,2025-02-05,Component Replacement,Low,Closed,4.5,175.24,9.5
WO101382,OH-A122,2025-09-27,Component Replacement,Low,Closed,5.5,171.62,3.5
WO101383,OH-A111,2025-06-02,Cabin,Low,Open,5.4,89.45,11.3
WO101384,OH-A146,2025-06-01,Scheduled,Low,Closed,8.8,328.55,8.9
WO101385,OH-A113,2025-08-08,Unscheduled,Medium,In Progress,8.5,390.56,5.8
WO101386,OH-A111,2025-10-18,Component Replacement,Medium,Closed,6.4,398.11,2.8
WO101387,OH-A114,2025-06-25,Inspection,Low,Closed,10.4,181.46,8.4
WO101388,OH-A129,2025-04-10,Inspection,Medium,Closed,3.9,226.09,8.0
WO101389,OH-A135,2025-04-08,Unscheduled,Medium,Closed,9.9,293.88,25.7
WO101390,OH-A114,2025-12-15,Scheduled,Low,Closed,14.2,913.29,6.5
WO101391,OH-A133,2025-06-01,Cabin,Low,Closed,12.1,205.04,13.8
WO101392,OH-A106,2025-05-14,Component Replacement,Low,Closed,9.9,75.29,5.1
WO101393,OH-A109,2025-07-26,Inspection,Medium,Closed,4.4,292.61,4.0
WO101394,OH-A113,2025-09-09,Scheduled,Medium,Closed,7.4,260.81,12.0
WO101395,OH-A133,2025-01-14,Scheduled,Medium,Closed,13.0,80.23,6.2
WO101396,OH-A126,2025-01-07,Unscheduled,Low,In Progress,8.7,270.62,8.3
WO101397,OH-A122,2025-07-29,Scheduled,Low,Closed,7.1,166.52,1.0
WO101398,OH-A129,2025-08-19,Scheduled,Low,Closed,8.7,373.19,5.3
WO101399,OH-A109,2025-06-29,Scheduled,Medium,In Progress,16.5,613.88,5.8
WO101400,OH-A112,2025-04-19,Scheduled,Medium,Closed,11.9,235.91,3.7
WO101401,OH-A133,2025-10-13,Scheduled,Medium,Closed,15.0,672.54,6.7
WO101402,OH-A147,2025-02-07,Component Replacement,Medium,Closed,11.5,297.05,2.1
WO101403,OH-A100,2025-08-22,Inspection,Low,Closed,5.5,309.66,9.5
WO101404,OH-A117,2025-06-08,Unscheduled,Low,Open,3.3,296.15,6.7
WO101405,OH-A142,2025-05-14,Cabin,Medium,Closed,5.4,332.31,6.3
WO101406,OH-A139,2025-02-08,Unscheduled,Medium,Closed,7.0,101.85,12.0
WO101407,OH-A112,2025-09-02,Engine,High,Open,11.1,64.78,3.8
WO101408,OH-A101,2025-03-09,Scheduled,Medium,Closed,10.1,1233.91,21.4
WO101409,OH-A127,2025-07-17,Scheduled,Medium,Closed,3.9,498.48,3.7
WO101410,OH-A133,2025-11-23,Unscheduled,High,Closed,7.3,234.48,15.1
WO101411,OH-A112,2025-09-28,Cabin,High,Closed,12.9,1168.25,19.4
WO101412,OH-A114,2025-01-24,Cabin,High,Closed,4.0,7075.57,1.5
WO101413,OH-A132,2025-12-25,Unscheduled,Low,Closed,6.0,90.01,4.8
WO101414,OH-A125,2025-08-17,Engine,Low,Closed,5.3,388.02,2.9
WO101415,OH-A113,2025-10-31,Scheduled,Medium,Closed,10.5,786.14,11.8
WO101416,OH-A140,2025-01-23,Inspection,Medium,Closed,15.3,79.03,5.3
WO101417,OH-A143,2025-11-30,Scheduled,Medium,Closed,5.1,87.65,3.9
WO101418,OH-A134,2025-09-20,Inspection,Medium,Closed,4.4,1046.07,7.3
WO101419,OH-A145,2025-11-19,Scheduled,Medium,Closed,2.8,382.14,8.5
WO101420,OH-A117,2025-12-23,Inspection,Medium,Closed,6.7,201.61,17.7
WO101421,OH-A105,2025-11-04,Unscheduled,Low,Closed,10.9,78.2,17.8
WO101422,OH-A135,2025-06-06,Inspection,Medium,Closed,2.1,559.08,4.7
WO101423,OH-A126,2025-11-03,Scheduled,Medium,Closed,6.2,99.33,2.4
WO101424,OH-A119,2025-12-20,Unscheduled,Low,Closed,8.0,145.63,10.7
WO101425,OH-A112,2025-11-28,Unscheduled,Low,Closed,10.1,155.13,7.1
WO101426,OH-A103,2025-08-23,Scheduled,Medium,Closed,7.7,287.48,18.6
WO101427,OH-A108,2025-12-16,Unscheduled,High,Closed,3.2,134.14,19.0
WO101428,OH-A131,2025-08-06,Scheduled,Low,Closed,4.5,156.04,11.2
WO101429,OH-A110,2025-06-12,Unscheduled,Medium,In Progress,13.6,1037.93,9.2
WO101430,OH-A144,2025-03-04,Unscheduled,Low,Closed,9.3,477.18,9.9
WO101431,OH-A122,2025-06-19,Inspection,Medium,Closed,5.0,409.68,9.1
WO101432,OH-A104,2025-12-14,Unscheduled,Medium,Closed,6.2,624.03,9.7
WO101433,OH-A131,2025-02-13,Scheduled,Medium,Closed,3.6,139.91,5.9
WO101434,OH-A133,2025-11-11,Scheduled,Medium,Closed,1.9,580.26,5.4
WO101435,OH-A108,2025-08-23,Inspection,High,Closed,6.4,618.2,6.2
WO101436,OH-A140,2025-02-18,Engine,Medium,Closed,4.3,144.94,24.7
WO101437,OH-A135,2025-03-24,Scheduled,Medium,Closed,8.1,732.67,1.0
WO101438,OH-A128,2025-01-11,Scheduled,High,Closed,17.2,510.65,5.4
WO101439,OH-A105,2025-09-28,Component Replacement,Medium,Closed,7.8,524.44,6.2
WO101440,OH-A123,2025-05-12,Unscheduled,Low,Closed,7.8,2135.03,10.7
WO101441,OH-A146,2025-03-09,Scheduled,Low,Closed,10.8,455.94,5.1
WO101442,OH-A111,2025-02-28,Scheduled,High,Closed,2.8,160.23,19.7
WO101443,OH-A144,2025-07-04,Cabin,High,Closed,8.7,459.58,16.9
WO101444,OH-A109,2025-05-03,Unscheduled,Low,Closed,3.5,408.82,20.4
WO101445,OH-A129,2025-11-27,Scheduled,Medium,Closed,10.7,133.12,9.3
WO101446,OH-A119,2025-12-16,Unscheduled,Low,Closed,7.8,53.3,18.8
WO101447,OH-A103,2025-03-15,Scheduled,Low,Closed,3.0,377.98,4.7
WO101448,OH-A130,2025-11-11,Scheduled,High,Closed,7.9,1035.99,8.4
WO101449,OH-A122,2025-01-23,Cabin,Medium,Closed,0.7,1045.79,1.6
WO101450,OH-A115,2025-06-10,Unscheduled,Low,Closed,2.5,535.13,11.7
WO101451,OH-A111,2025-07-30,Inspection,Medium,Closed,2.9,1939.23,11.6
WO101452,OH-A123,2025-04-11,Cabin,High,Closed,2.4,480.34,9.4
WO101453,OH-A105,2025-08-26,Scheduled,High,Closed,11.1,331.23,7.0
WO101454,OH-A128,2025-07-30,Scheduled,Medium,Closed,8.3,494.76,14.2
WO101455,OH-A104,2025-12-07,Scheduled,High,Closed,7.0,193.83,18.3
WO101456,OH-A110,2025-12-09,Component Replacement,High,Closed,3.8,113.6,25.4
WO101457,OH-A124,2025-10-26,Unscheduled,Critical,Closed,8.8,151.61,11.3
WO101458,OH-A135,2025-10-16,Unscheduled,Medium,Closed,7.1,249.79,8.0
WO101459,OH-A119,2025-05-04,Scheduled,Medium,Closed,4.7,959.27,5.8
WO101460,OH-A130,2025-11-13,Scheduled,High,Closed,7.5,94.91,12.3
WO101461,OH-A144,2025-05-13,Unscheduled,Medium,Open,8.3,152.31,4.7
WO101462,OH-A128,2025-10-05,Scheduled,Medium,Closed,3.1,902.61,11.8
WO101463,OH-A136,2025-06-27,Component Replacement,High,Closed,12.7,282.35,4.8
WO101464,OH-A122,2025-07-03,Cabin,Critical,Closed,5.9,330.52,8.3
WO101465,OH-A112,2025-10-23,Cabin,Medium,Open,8.6,277.33,4.3
WO101466,OH-A117,2025-02-21,Unscheduled,Medium,Closed,5.7,2786.68,6.1
WO101467,OH-A116,2025-11-07,Scheduled,High,Closed,7.9,706.48,11.0
WO101468,OH-A126,2025-10-26,Unscheduled,Medium,Closed,5.2,519.03,15.4
WO101469,OH-A107,2025-06-22,Scheduled,Medium,Closed,5.4,491.49,6.8
WO101470,OH-A136,2025-08-26,Cabin,Low,In Progress,5.1,607.58,1.1
WO101471,OH-A107,2025-04-07,Inspection,Low,Closed,6.9,2561.15,1.9
WO101472,OH-A133,2025-10-10,Scheduled,Medium,Closed,9.5,277.57,2.0
WO101473,OH-A122,2025-02-13,Component Replacement,Medium,Closed,9.6,477.57,19.1
WO101474,OH-A135,2025-09-25,Scheduled,High,Closed,9.3,415.35,34.6
WO101475,OH-A108,2025-09-05,Component Replacement,Low,Closed,7.3,995.67,7.9
WO101476,OH-A110,2025-03-31,Unscheduled,Low,Closed,4.8,2219.14,2.1
WO101477,OH-A112,2025-10-25,Engine,Medium,Closed,1.2,224.02,4.0
WO101478,OH-A137,2025-04-15,Cabin,Low,In Progress,9.4,634.68,3.6
WO101479,OH-A112,2025-07-17,Unscheduled,High,Open,6.9,481.17,18.6
WO101480,OH-A116,2025-11-09,Inspection,Low,Closed,4.4,100.21,6.3
WO101481,OH-A106,2025-01-22,Scheduled,High,Closed,1.3,1064.39,49.6
WO101482,OH-A111,2025-05-29,Engine,Medium,Open,5.9,1926.4,3.5
WO101483,OH-A141,2025-08-17,Unscheduled,Critical,Closed,10.0,915.72,3.8
WO101484,OH-A105,2025-03-06,Cabin,Medium,Closed,3.3,214.41,6.3
WO101485,OH-A143,2025-07-07,Cabin,Critical,In Progress,13.1,103.88,5.8
WO101486,OH-A139,2025-08-23,Scheduled,Medium,Closed,18.3,765.93,16.7
WO101487,OH-A145,2025-11-15,Scheduled,Medium,Closed,4.8,137.08,8.8
WO101488,OH-A129,2025-04-19,Inspection,Low,Closed,5.2,151.44,12.9
WO101489,OH-A132,2025-10-31,Unscheduled,Medium,Closed,5.7,497.37,10.4
WO101490,OH-A140,2025-08-23,Scheduled,Low,Closed,4.7,842.05,10.4
WO101491,OH-A134,2025-07-06,Inspection,High,Closed,15.5,288.26,7.4
WO101492,OH-A126,2025-08-04,Inspection,Medium,Closed,5.7,328.11,17.5
WO101493,OH-A120,2025-12-27,Inspection,Medium,Closed,16.2,360.72,15.2
WO101494,OH-A141,2025-08-31,Scheduled,Low,Closed,3.1,161.41,4.6
WO101495,OH-A115,2025-06-07,Scheduled,Low,Open,7.2,275.86,6.4
WO101496,OH-A126,2025-12-29,Scheduled,Medium,Closed,3.9,80.04,4.2
WO101497,OH-A102,2025-09-10,Component Replacement,Medium,Closed,2.6,841.72,9.1
WO101498,OH-A131,2025-04-12,Unscheduled,Medium,Closed,4.2,6556.76,11.1
WO101499,OH-A106,2025-08-11,Unscheduled,Critical,Closed,4.4,428.41,5.8
WO101500,OH-A102,2025-12-23,Cabin,Low,Closed,5.7,1327.51,6.5
WO101501,OH-A114,2025-09-13,Cabin,Medium,In Progress,2.0,310.55,4.6
WO101502,OH-A132,2025-10-06,Scheduled,Low,Closed,14.8,104.96,3.9
WO101503,OH-A139,2025-08-30,Component Replacement,Medium,Closed,7.7,3832.19,6.3
WO101504,OH-A128,2025-11-09,Scheduled,Medium,Open,9.0,173.18,7.5
WO101505,OH-A131,2025-01-30,Component Replacement,Medium,Closed,6.8,1040.1,4.5
WO101506,OH-A111,2025-10-20,Scheduled,High,Closed,11.7,500.73,3.7
WO101507,OH-A105,2025-11-25,Scheduled,Low,Closed,5.1,1322.36,29.2
WO101508,OH-A105,2025-01-09,Cabin,Low,Closed,6.7,377.25,6.0
WO101509,OH-A103,2025-10-15,Inspection,Low,Closed,3.6,125.98,9.7
WO101510,OH-A116,2025-07-03,Unscheduled,Medium,Closed,6.0,207.54,12.4
WO101511,OH-A135,2025-05-21,Cabin,Low,Closed,6.4,4239.63,10.4
WO101512,OH-A102,2025-02-08,Scheduled,Medium,Closed,3.9,555.39,13.3
WO101513,OH-A116,2025-04-27,Scheduled,Medium,Closed,7.6,3559.63,9.2
WO101514,OH-A128,2025-09-03,Unscheduled,Medium,Closed,8.0,279.34,2.4
WO101515,OH-A102,2025-07-07,Component Replacement,Medium,Closed,9.1,823.71,9.5
WO101516,OH-A126,2025-01-22,Inspection,High,Closed,7.9,111.73,6.8
WO101517,OH-A119,2025-04-22,Unscheduled,Critical,Closed,6.1,415.62,4.4
WO101518,OH-A144,2025-01-13,Unscheduled,Medium,Closed,10.0,3726.03,24.1
WO101519,OH-A123,2025-05-13,Inspection,High,Closed,6.7,184.23,1.9
WO101520,OH-A124,2025-11-27,Unscheduled,High,Closed,1.7,202.27,11.5
WO101521,OH-A140,2025-10-04,Scheduled,Low,Closed,2.7,922.97,11.1
WO101522,OH-A135,2025-12-01,Scheduled,Medium,Closed,3.6,452.42,20.5
WO101523,OH-A126,2025-03-02,Component Replacement,Medium,Closed,4.2,2686.86,10.2
WO101524,OH-A131,2025-08-16,Engine,High,Closed,7.6,317.05,5.6
WO101525,OH-A119,2025-04-20,Unscheduled,High,Open,12.0,432.16,1.8
WO101526,OH-A133,2025-06-17,Unscheduled,Medium,Closed,8.4,553.83,2.0
WO101527,OH-A114,2025-12-20,Inspection,Medium,Closed,7.4,137.58,6.1
WO101528,OH-A115,2025-10-30,Scheduled,Medium,Closed,2.0,110.1,18.5
WO101529,OH-A139,2025-09-12,Inspection,Medium,Closed,1.3,100.51,2.4
WO101530,OH-A119,2025-12-18,Unscheduled,Medium,Closed,12.9,14.76,9.4
WO101531,OH-A125,2025-07-02,Unscheduled,Medium,Closed,5.0,370.54,17.4
WO101532,OH-A105,2025-01-20,Scheduled,High,Closed,7.7,109.87,22.9
WO101533,OH-A116,2025-11-29,Cabin,Medium,Closed,8.2,235.33,7.1
WO101534,OH-A131,2025-02-07,Scheduled,Low,Closed,17.8,1118.87,1.1
WO101535,OH-A125,2025-04-08,Scheduled,Low,Closed,15.0,156.66,15.9
WO101536,OH-A114,2025-11-27,Unscheduled,Medium,In Progress,19.5,804.17,6.0
WO101537,OH-A101,2025-11-20,Component Replacement,Medium,Open,9.0,83.08,11.7
WO101538,OH-A126,2025-02-06,Component Replacement,Medium,In Progress,13.6,203.36,11.9
WO101539,OH-A116,2025-11-09,Unscheduled,Medium,Closed,3.2,2300.92,4.2
WO101540,OH-A144,2025-09-18,Inspection,High,Closed,18.0,263.01,0.8
WO101541,OH-A102,2025-02-09,Unscheduled,High,Closed,9.9,1462.37,9.2
WO101542,OH-A132,2025-07-22,Scheduled,Medium,Closed,5.4,4253.13,14.3
WO101543,OH-A118,2025-04-07,Scheduled,Medium,Closed,10.4,265.38,16.6
WO101544,OH-A112,2025-07-10,Unscheduled,Medium,Closed,12.1,207.32,10.8
WO101545,OH-A134,2025-03-09,Inspection,Medium,Closed,8.6,46.51,13.7
WO101546,OH-A124,2025-02-05,Inspection,Low,Open,0.9,540.13,4.9
WO101547,OH-A103,2025-08-26,Cabin,Medium,Closed,12.4,589.49,17.4
WO101548,OH-A128,2025-09-23,Unscheduled,Medium,Closed,6.2,871.95,15.0
WO101549,OH-A108,2025-03-11,Inspection,Medium,Open,8.6,1621.89,12.5
WO101550,OH-A140,2025-08-08,Cabin,High,Closed,3.5,144.62,5.2
WO101551,OH-A111,2025-06-29,Scheduled,Low,Closed,5.5,2620.46,8.6
WO101552,OH-A138,2025-12-06,Unscheduled,Low,Closed,4.9,304.36,6.7
WO101553,OH-A115,2025-07-26,Component Replacement,High,Closed,3.1,580.37,7.1
WO101554,OH-A115,2025-06-25,Inspection,Medium,Closed,1.7,377.13,13.2
WO101555,OH-A100,2025-01-04,Cabin,Low,Closed,5.6,186.54,12.5
WO101556,OH-A144,2025-11-30,Inspection,Medium,Closed,3.7,121.65,1.4
WO101557,OH-A126,2025-08-30,Cabin,Low,Closed,7.2,497.85,5.1
WO101558,OH-A107,2025-03-09,Scheduled,Medium,Closed,7.8,153.83,11.0
WO101559,OH-A101,2025-01-03,Engine,Medium,Closed,15.1,323.63,7.3
WO101560,OH-A113,2025-03-16,Scheduled,Critical,Closed,0.5,267.16,3.4
WO101561,OH-A123,2025-07-03,Scheduled,Low,Closed,4.7,280.83,16.2
WO101562,OH-A101,2025-12-13,Scheduled,Medium,Closed,-2.0,66.73,49.9
WO101563,OH-A117,2025-08-15,Inspection,Medium,Closed,7.7,16.99,3.4
WO101564,OH-A114,2025-02-06,Scheduled,Low,In Progress,8.4,933.6,1.5
WO101565,OH-A141,2025-03-12,Scheduled,Low,In Progress,7.0,1243.26,22.0
WO101566,OH-A119,2025-03-28,Inspection,Low,Closed,11.0,31.13,4.6
WO101567,OH-A105,2025-01-28,Unscheduled,Low,Closed,7.0,612.89,13.8
WO101568,OH-A111,2025-02-21,Unscheduled,High,Closed,6.9,501.32,4.5
WO101569,OH-A139,2025-02-03,Inspection,High,Closed,3.6,107.33,25.0
WO101570,OH-A100,2025-09-17,Engine,Medium,Open,4.0,990.15,14.5
WO101571,OH-A106,2025-09-07,Component Replacement,Medium,Closed,7.7,1259.15,4.6
WO101572,OH-A100,2025-10-12,Unscheduled,Medium,Closed,5.2,1163.71,4.0
WO101573,OH-A102,2025-03-08,Engine,Low,Closed,2.5,2309.62,4.3
WO101574,OH-A144,2025-11-26,Engine,Medium,Closed,4.9,1096.74,6.1
WO101575,OH-A147,2025-05-17,Unscheduled,Critical,Closed,10.0,175.66,16.7
WO101576,OH-A135,2025-02-23,Scheduled,Low,Closed,7.3,410.5,1.7
WO101577,OH-A104,2025-02-27,Scheduled,Low,In Progress,4.5,593.14,5.1
WO101578,OH-A133,2025-04-28,Inspection,Low,Closed,6.3,1842.65,14.7
WO101579,OH-A137,2025-02-02,Cabin,Medium,Closed,10.6,313.84,15.0
WO101580,OH-A137,2025-04-26,Scheduled,High,Closed,3.5,214.36,17.8
WO101581,OH-A135,2025-08-30,Unscheduled,Medium,Open,3.3,77.17,2.7
WO101582,OH-A133,2025-12-22,Scheduled,Medium,Closed,7.2,965.94,7.0
WO101583,OH-A121,2025-01-02,Inspection,Medium,Closed,4.9,497.29,4.9
WO101584,OH-A102,2025-08-01,Engine,High,Closed,7.1,169.6,23.3
WO101585,OH-A139,2025-03-27,Component Replacement,Medium,Closed,6.6,871.78,9.2
WO101586,OH-A144,2025-05-04,Cabin,Medium,Closed,7.1,287.1,4.1
WO101587,OH-A124,2025-08-24,Unscheduled,Low,Closed,15.4,107.26,22.4
WO101588,OH-A120,2025-04-20,Inspection,Low,Closed,2.9,1526.62,7.6
WO101589,OH-A144,2025-06-10,Cabin,Critical,Closed,9.2,51.26,9.1
WO101590,OH-A121,2025-04-27,Inspection,Medium,In Progress,8.1,465.82,25.7
WO101591,OH-A117,2025-05-13,Cabin,Low,Closed,9.0,361.11,9.5
WO101592,OH-A142,2025-09-17,Scheduled,High,Closed,1.9,78.35,18.9
WO101593,OH-A144,2025-04-17,Scheduled,Critical,Closed,9.8,558.59,6.2
WO101594,OH-A109,2025-07-20,Scheduled,Low,Closed,5.6,201.65,14.2
WO101595,OH-A113,2025-10-17,Engine,Medium,Closed,7.0,2172.39,10.0
WO101596,OH-A115,2025-08-16,Scheduled,Critical,Closed,6.0,1101.06,15.9
WO101597,OH-A107,2025-10-05,Engine,Low,Closed,3.8,503.28,9.2
WO101598,OH-A141,2025-06-21,Unscheduled,Medium,Closed,5.7,33.39,9.0
WO101599,OH-A146,2025-06-19,Inspection,Medium,Closed,6.5,231.44,18.3
WO101600,OH-A124,2025-01-10,Component Replacement,High,Closed,8.6,214.27,5.1
WO101601,OH-A134,2025-09-15,Unscheduled,Medium,Closed,7.8,1353.38,5.6
WO101602,OH-A120,2025-09-08,Scheduled,Medium,In Progress,6.1,482.01,28.3
WO101603,OH-A147,2025-07-06,Inspection,Medium,Closed,6.7,553.85,4.9
WO101604,OH-A145,2025-09-22,Cabin,High,Closed,6.7,1115.85,6.4
WO101605,OH-A135,2025-08-29,Scheduled,Low,Open,8.4,2060.44,4.9
WO101606,OH-A142,2025-03-07,Scheduled,Low,Closed,9.7,1735.1,5.7
WO101607,OH-A106,2025-03-23,Engine,Medium,Closed,10.2,696.59,2.5
WO101608,OH-A142,2025-08-26,Scheduled,Medium,Closed,5.3,307.41,12.4
WO101609,OH-A120,2025-02-05,Scheduled,Medium,In Progress,0.9,623.24,13.9
WO101610,OH-A110,2025-11-17,Engine,Low,Closed,5.6,390.34,1.2
WO101611,OH-A144,2025-05-08,Component Replacement,High,Closed,5.0,885.37,6.6
WO101612,OH-A140,2025-08-09,Scheduled,Medium,Closed,6.6,228.66,6.5
WO101613,OH-A106,2025-07-10,Cabin,Medium,Closed,17.7,995.72,3.5
WO101614,OH-A131,2025-09-02,Component Replacement,Low,Closed,5.3,422.64,3.4
WO101615,OH-A142,2025-05-10,Scheduled,Low,Closed,9.0,593.51,6.4
WO101616,OH-A133,2025-09-13,Unscheduled,Medium,Closed,9.1,121.96,18.1
WO101617,OH-A123,2025-03-05,Engine,Medium,Closed,8.0,306.86,10.3
WO101618,OH-A102,2025-04-29,Inspection,High,Closed,1.8,630.51,10.5
WO101619,OH-A123,2025-01-15,Inspection,Medium,In Progress,6.2,336.2,5.4
WO101620,OH-A126,2025-02-26,Unscheduled,Medium,Closed,8.4,38.6,3.5
WO101621,OH-A140,2025-01-21,Scheduled,High,Closed,4.2,117.44,25.7
WO101622,OH-A110,2025-06-22,Inspection,Low,Closed,2.0,567.83,17.5
WO101623,OH-A109,2025-01-27,Scheduled,Medium,Closed,8.5,1815.8,16.9
WO101624,OH-A144,2025-03-26,Engine,Medium,Closed,9.9,319.71,10.6
WO101625,OH-A140,2025-06-26,Scheduled,Low,Closed,6.0,247.42,15.7
WO101626,OH-A126,2025-09-08,Scheduled,Medium,Closed,4.8,1155.46,13.1
WO101627,OH-A121,2025-01-10,Scheduled,Critical,Closed,13.1,407.85,4.1
WO101628,OH-A129,2025-09-18,Engine,Medium,Closed,10.1,848.17,26.2
WO101629,OH-A107,2025-07-09,Unscheduled,Medium,Closed,3.4,300.15,15.9
WO101630,OH-A111,2025-01-03,Unscheduled,Medium,In Progress,7.0,268.76,7.6
WO101631,OH-A126,2025-02-05,Inspection,Medium,Open,3.7,917.78,3.2
WO101632,OH-A120,2025-12-15,Inspection,Medium,Open,5.4,790.36,3.4
WO101633,OH-A108,2025-06-14,Cabin,Low,Closed,12.0,292.71,10.6
WO101634,OH-A125,2025-12-04,Unscheduled,Low,In Progress,12.1,131.08,8.0
WO101635,OH-A131,2025-07-08,Scheduled,High,Closed,4.7,76.01,5.7
WO101636,OH-A138,2025-02-18,Engine,Medium,Closed,8.8,86.71,10.4
WO101637,OH-A130,2025-09-24,Unscheduled,Medium,Closed,3.5,214.17,8.7
WO101638,OH-A129,2025-06-24,Inspection,Low,Open,17.3,553.68,7.3
WO101639,OH-A126,2025-05-19,Scheduled,Low,In Progress,2.0,76.28,3.6
WO101640,OH-A105,2025-03-18,Engine,Medium,Closed,5.3,81.42,8.7
WO101641,OH-A118,2025-06-12,Cabin,Medium,Closed,8.8,588.49,19.8
WO101642,OH-A121,2025-12-18,Unscheduled,Medium,Closed,3.9,1936.68,3.3
WO101643,OH-A125,2025-03-21,Scheduled,Medium,Closed,3.4,1198.45,18.9
WO101644,OH-A114,2025-07-26,Scheduled,Medium,Closed,6.4,63.97,19.4
WO101645,OH-A135,2025-01-12,Unscheduled,Low,Closed,4.4,596.89,9.9
WO101646,OH-A125,2025-09-13,Unscheduled,Low,Closed,1.8,1049.22,9.9
WO101647,OH-A114,2025-11-22,Unscheduled,Low,Closed,6.3,245.85,9.2
WO101648,OH-A122,2025-12-23,Inspection,Medium,Closed,8.6,318.34,11.3
WO101649,OH-A134,2025-10-24,Scheduled,Low,Closed,5.8,563.13,6.6
WO101650,OH-A101,2025-09-03,Scheduled,Medium,Closed,6.2,657.08,12.9
WO101651,OH-A116,2025-08-01,Cabin,Low,Closed,8.0,588.23,1.5
WO101652,OH-A109,2025-11-14,Scheduled,Medium,Closed,14.8,832.37,31.3
WO101653,OH-A115,2025-01-04,Cabin,Medium,Closed,5.1,500.52,14.5
WO101654,OH-A131,2025-03-29,Inspection,Critical,Closed,7.7,215.76,10.4
WO101655,OH-A110,2025-01-17,Scheduled,High,Closed,6.3,258.2,14.1
WO101656,OH-A126,2025-03-25,Inspection,Critical,Closed,3.3,185.09,9.3
WO101657,OH-A118,2025-03-23,Cabin,Medium,Closed,9.4,254.41,13.5
WO101658,OH-A102,2025-06-11,Engine,Critical,Closed,12.8,707.49,9.3
WO101659,OH-A142,2025-09-10,Unscheduled,Low,Closed,8.6,186.28,6.8
WO101660,OH-A128,2025-11-18,Scheduled,Medium,Open,1.5,1176.1,12.0
WO101661,OH-A114,2025-08-07,Unscheduled,Medium,Closed,5.3,150.16,10.5
WO101662,OH-A124,2025-01-15,Scheduled,Medium,In Progress,8.6,494.35,12.7
WO101663,OH-A147,2025-02-06,Scheduled,Low,Closed,10.9,930.59,6.0
WO101664,OH-A107,2025-06-11,Cabin,Medium,Closed,2.4,631.94,2.0
WO101665,OH-A140,2025-08-12,Inspection,Critical,Closed,3.2,63.59,10.1
WO101666,OH-A100,2025-10-29,Component Replacement,Medium,Closed,7.8,460.94,14.0
WO101667,OH-A141,2025-05-17,Inspection,Low,Closed,6.8,192.91,26.1
WO101668,OH-A116,2025-03-06,Scheduled,Low,Closed,6.4,107.53,11.8
WO101669,OH-A114,2025-02-21,Scheduled,Low,Closed,14.3,504.15,4.5
WO101670,OH-A137,2025-08-13,Component Replacement,High,Closed,15.1,115.71,18.3
WO101671,OH-A107,2025-12-31,Unscheduled,Medium,Closed,3.7,515.33,9.6
WO101672,OH-A106,2025-01-26,Unscheduled,Low,Closed,2.0,1730.17,18.4
WO101673,OH-A122,2025-01-04,Scheduled,High,Closed,6.1,545.79,5.9
WO101674,OH-A145,2025-01-04,Unscheduled,Medium,Closed,9.3,319.64,8.2
WO101675,OH-A115,2025-07-19,Scheduled,High,Closed,11.5,343.54,14.6
WO101676,OH-A126,2025-04-27,Scheduled,High,Closed,5.2,1006.25,15.8
WO101677,OH-A119,2025-10-29,Cabin,Medium,Closed,4.2,297.2,11.2
WO101678,OH-A136,2025-10-22,Component Replacement,Critical,Closed,8.0,,12.5
WO101679,OH-A143,2025-07-03,Engine,High,Closed,5.6,158.97,15.5
WO101680,OH-A146,2025-01-16,Engine,Low,Closed,6.6,165.0,8.8
WO101681,OH-A112,2025-07-28,Inspection,Medium,Closed,8.7,985.59,9.7
WO101682,OH-A112,2025-05-14,Unscheduled,Critical,Closed,5.8,248.15,25.7
WO101683,OH-A144,2025-11-02,Unscheduled,Medium,Open,2.7,702.91,6.0
WO101684,OH-A127,2025-09-23,Scheduled,Medium,Closed,4.3,762.04,2.8
WO101685,OH-A115,2025-12-16,Engine,High,Closed,4.4,155.09,9.7
WO101686,OH-A116,2025-05-15,Engine,Medium,Closed,4.5,182.17,9.5
WO101687,OH-A108,2025-04-28,Unscheduled,Medium,Closed,1.7,718.57,3.6
WO101688,OH-A104,2025-06-24,Unscheduled,Low,Closed,16.3,464.27,9.1
WO101689,OH-A116,2025-10-29,Scheduled,High,Closed,3.2,337.36,2.8
WO101690,OH-A138,2025-07-02,Scheduled,High,Closed,9.6,640.16,5.6
WO101691,OH-A131,2025-05-03,Unscheduled,High,Closed,3.9,1110.37,11.7
WO101692,OH-A100,2025-11-28,Cabin,High,Closed,5.1,388.02,3.0
WO101693,OH-A102,2025-05-23,Scheduled,Low,Closed,6.5,228.41,7.5
WO101694,OH-A141,2025-11-16,Cabin,Medium,Closed,4.6,453.61,1.5
WO101695,OH-A138,2025-08-22,Inspection,Medium,Closed,13.6,180.42,6.1
WO101696,OH-A138,2025-01-24,Unscheduled,Low,Closed,28.4,465.32,18.2
WO101697,OH-A141,2025-06-29,Scheduled,High,Closed,1.9,404.2,32.8
WO101698,OH-A130,2025-09-10,Scheduled,Low,Closed,11.1,178.42,8.0
WO101699,OH-A116,2025-11-30,Inspection,Medium,Closed,7.1,269.14,11.4
WO101700,OH-A128,2025-07-18,Inspection,High,Closed,5.3,291.71,3.7
WO101701,OH-A130,2025-01-06,Unscheduled,High,Open,10.1,839.82,10.9
WO101702,OH-A140,2025-05-10,Scheduled,Low,Closed,11.6,168.15,20.2
WO101703,OH-A125,2025-12-20,Scheduled,Low,Closed,6.1,179.57,9.1
WO101704,OH-A102,2025-06-29,Scheduled,Medium,Closed,12.7,277.66,16.8
WO101705,OH-A129,2025-05-21,Component Replacement,Medium,Closed,1.6,709.07,5.6
WO101706,OH-A135,2025-11-18,Inspection,High,Closed,9.3,834.9,2.1
WO101707,OH-A145,2025-06-02,Scheduled,Medium,Closed,6.6,524.2,7.0
WO101708,OH-A108,2025-10-10,Component Replacement,Low,Closed,7.3,824.55,5.5
WO101709,OH-A141,2025-01-08,Scheduled,Medium,In Progress,10.9,1289.79,16.1
WO101710,OH-A100,2025-07-27,Component Replacement,Medium,Closed,8.8,472.25,16.3
WO101711,OH-A135,2025-01-09,Unscheduled,High,Closed,16.5,180.98,3.5
WO101712,OH-A114,2025-03-06,Component Replacement,Low,Closed,18.0,373.38,12.1
WO101713,OH-A105,2025-07-18,Scheduled,Medium,Closed,5.8,103.37,14.3
WO101714,OH-A115,2025-08-14,Component Replacement,Medium,Closed,3.0,598.68,6.2
WO101715,OH-A126,2025-02-13,Component Replacement,Medium,Closed,6.4,246.74,9.7
WO101716,OH-A109,2025-07-01,Scheduled,Medium,Closed,3.7,451.27,13.3
WO101717,OH-A126,2025-05-29,Scheduled,Medium,Open,5.0,370.58,17.3
WO101718,OH-A134,2025-06-13,Component Replacement,Medium,Closed,6.9,275.06,9.8
WO101719,OH-A142,2025-10-23,Unscheduled,Low,Closed,2.3,505.42,11.6
WO101720,OH-A126,2025-12-11,Inspection,Low,Closed,8.5,356.09,14.2
WO101721,OH-A128,2025-01-28,Scheduled,Low,Closed,6.1,214.76,3.5
WO101722,OH-A144,2025-12-29,Scheduled,Low,Closed,4.1,134.57,1.1
WO101723,OH-A101,2025-01-19,Component Replacement,Medium,Closed,1.1,575.91,13.0
WO101724,OH-A136,2025-12-14,Scheduled,Low,Closed,10.7,120.74,10.0
WO101725,OH-A146,2025-08-13,Scheduled,Low,Closed,11.7,2427.98,3.3
WO101726,OH-A139,2025-09-27,Scheduled,Critical,Closed,11.0,1461.4,13.6
WO101727,OH-A144,2025-03-30,Engine,Medium,Open,3.7,82.28,3.2
WO101728,OH-A143,2025-08-07,Unscheduled,High,Closed,8.1,755.6,9.5
WO101729,OH-A128,2025-08-05,Inspection,Medium,Open,11.9,1259.31,13.2
WO101730,OH-A138,2025-04-27,Inspection,Low,Closed,7.7,224.5,16.3
WO101731,OH-A117,2025-07-03,Unscheduled,Medium,Closed,7.3,573.13,7.0
WO101732,OH-A105,2025-12-12,Scheduled,Medium,Closed,15.4,355.96,15.6
WO101733,OH-A104,2025-02-09,Scheduled,Low,In Progress,14.8,797.79,7.7
WO101734,OH-A108,2025-06-16,Scheduled,Low,Open,5.0,258.17,4.5
WO101735,OH-A134,2025-05-03,Cabin,Low,Closed,4.5,1112.05,5.6
WO101736,OH-A119,2025-03-15,Component Replacement,Low,Closed,3.9,349.53,6.3
WO101737,OH-A138,2025-06-24,Engine,Low,Open,1.8,293.81,0.5
WO101738,OH-A115,2025-02-10,Engine,Low,Closed,13.6,771.6,14.1
WO101739,OH-A137,2025-02-14,Scheduled,Medium,Closed,7.6,992.98,11.3
WO101740,OH-A142,2025-11-02,Component Replacement,Low,In Progress,5.1,39.0,5.7
WO101741,OH-A115,2025-04-27,Unscheduled,High,Closed,6.8,22.11,11.9
WO101742,OH-A125,2025-04-30,Component Replacement,Low,Closed,14.2,567.75,3.1
WO101743,OH-A125,2025-08-30,Cabin,Medium,Closed,2.5,208.1,12.2
WO101744,OH-A142,2025-10-07,Unscheduled,High,Closed,13.3,107.66,13.7
WO101745,OH-A117,2025-11-12,Inspection,Medium,Closed,6.4,277.56,2.7
WO101746,OH-A118,2025-08-17,Unscheduled,Medium,Open,8.4,7413.95,14.8
WO101747,OH-A137,2025-04-07,Cabin,Medium,Closed,8.7,106.69,7.7
WO101748,OH-A143,2025-04-14,Scheduled,Medium,Closed,14.7,978.14,7.7
WO101749,OH-A101,2025-09-16,Unscheduled,Low,Closed,3.8,188.4,2.7
WO101750,OH-A103,2025-11-07,Cabin,Medium,Closed,19.9,94.43,16.5
WO101751,OH-A144,2025-12-02,Scheduled,Medium,Closed,2.8,218.78,16.6
WO101752,OH-A121,2025-11-05,Unscheduled,Medium,Closed,4.3,97.38,21.9
WO101753,OH-A126,2025-08-17,Inspection,Critical,Closed,9.4,84.09,17.7
WO101754,OH-A143,2025-03-04,Inspection,High,Closed,13.7,195.41,10.0
WO101755,OH-A119,2025-06-01,Scheduled,Low,Closed,3.9,135.61,10.8
WO101756,OH-A121,2025-02-14,Scheduled,Medium,Open,2.6,348.61,1.2
WO101757,OH-A140,2025-06-10,Unscheduled,Low,Closed,14.1,477.52,1.0
WO101758,OH-A135,2025-08-08,Unscheduled,High,Closed,5.1,183.27,8.1
WO101759,OH-A133,2025-09-04,Cabin,Medium,Open,5.4,757.15,7.9
WO101760,OH-A117,2025-03-27,Component Replacement,Medium,Closed,7.0,207.65,4.3
WO101761,OH-A133,2025-09-12,Inspection,Medium,Closed,6.3,346.0,8.3
WO101762,OH-A139,2025-05-02,Scheduled,Medium,Closed,9.6,46.1,5.0
WO101763,OH-A143,2025-09-11,Cabin,Low,Closed,2.9,437.95,16.7
WO101764,OH-A130,2025-12-08,Scheduled,Medium,Closed,2.4,3835.55,9.4
WO101765,OH-A141,2025-04-16,Cabin,High,Closed,8.3,893.35,5.4
WO101766,OH-A138,2025-03-06,Cabin,Medium,Closed,8.6,339.49,16.7
WO101767,OH-A135,2025-12-20,Cabin,Low,Closed,9.6,126.71,3.1
WO101768,OH-A125,2025-06-21,Scheduled,Medium,Closed,9.3,2063.37,27.6
WO101769,OH-A120,2025-03-26,Scheduled,Medium,Closed,2.4,343.44,10.2
WO101770,OH-A130,2025-04-18,Inspection,Medium,Closed,9.2,205.73,8.0
WO101771,OH-A142,2025-06-20,Unscheduled,Low,Closed,9.0,210.95,2.2
WO101772,OH-A125,2025-05-07,Unscheduled,Medium,Closed,2.7,3206.67,8.7
WO101773,OH-A133,2025-11-27,Inspection,Low,Closed,11.6,358.47,7.5
WO101774,OH-A127,2025-05-16,Inspection,Medium,In Progress,3.9,633.06,13.0
WO101775,OH-A131,2025-06-22,Unscheduled,Medium,Closed,3.6,329.27,7.9
WO101776,OH-A133,2025-04-05,Unscheduled,High,Closed,9.7,377.96,3.2
WO101777,OH-A102,2025-09-15,Inspection,High,Closed,3.1,263.77,7.2
WO101778,OH-A105,2025-10-06,Scheduled,High,Closed,5.7,1672.92,5.0
WO101779,OH-A101,2025-07-25,Inspection,High,Closed,5.2,421.6,3.1
WO101780,OH-A136,2025-10-24,Component Replacement,Low,Closed,4.7,98.71,18.3
WO101781,OH-A142,2025-04-11,Engine,Medium,Closed,4.1,598.32,1.9
WO101782,OH-A117,2025-07-16,Component Replacement,Medium,Closed,18.4,359.69,17.0
WO101783,OH-A103,2025-09-24,Unscheduled,High,Closed,9.4,590.59,9.0
WO101784,OH-A100,2025-11-25,Engine,High,Closed,4.4,289.57,13.8
WO101785,OH-A121,2025-04-30,Unscheduled,Low,Closed,1.0,234.85,19.3
WO101786,OH-A130,2025-02-19,Component Replacement,Low,Closed,4.4,986.48,5.5
WO101787,OH-A115,2025-10-13,Scheduled,High,Closed,7.9,2589.29,9.4
WO101788,OH-A129,2025-07-04,Component Replacement,Low,Closed,5.2,62.87,5.9
WO101789,OH-A107,2025-01-21,Scheduled,Low,Closed,8.2,437.92,7.6
WO101790,OH-A134,2025-10-30,Scheduled,Critical,Closed,3.3,235.06,13.1
WO101791,OH-A115,2025-07-02,Unscheduled,Critical,Closed,7.0,162.08,8.4
WO101792,OH-A147,2025-08-15,Scheduled,Medium,Open,10.1,46.69,9.3
WO101793,OH-A136,2025-05-12,Unscheduled,Low,Open,6.8,578.7,4.1
WO101794,OH-A122,2025-12-26,Component Replacement,Medium,Closed,5.4,248.77,8.1
WO101795,OH-A145,2025-06-07,Inspection,Low,Open,8.6,234.39,6.3
WO101796,OH-A146,2025-08-06,Component Replacement,Low,Closed,1.5,1343.06,8.8
WO101797,OH-A109,2025-07-15,Component Replacement,Low,Closed,10.1,259.98,3.9
WO101798,OH-A127,2025-12-17,Unscheduled,High,In Progress,1.7,249.18,5.5
WO101799,OH-A131,2025-08-12,Cabin,Medium,Closed,11.0,106.06,10.4
WO101800,OH-A117,2025-02-06,Scheduled,Low,Closed,5.3,162.74,12.6
WO101801,OH-A147,2025-11-09,Scheduled,Medium,Closed,1.2,1748.33,9.7
WO101802,OH-A132,2025-01-16,Unscheduled,Low,Closed,10.5,743.66,7.1
WO101803,OH-A136,2025-07-11,Component Replacement,High,Closed,11.8,1462.08,5.3
WO101804,OH-A109,2025-05-11,Scheduled,Low,Closed,5.5,174.06,1.8
WO101805,OH-A143,2025-06-25,Unscheduled,Low,Closed,11.4,578.93,18.7
WO101806,OH-A146,2025-11-04,Inspection,Medium,Closed,7.6,1150.35,16.2
WO101807,OH-A143,2025-02-09,Engine,Low,Closed,8.6,720.05,20.4
WO101808,OH-A121,2025-01-19,Engine,Low,Closed,12.9,1959.27,20.0
WO101809,OH-A144,2025-11-26,Scheduled,High,Closed,8.0,603.06,10.7
WO101810,OH-A100,2025-04-03,Scheduled,High,Closed,10.5,402.69,31.4
WO101811,OH-A109,2025-06-11,Inspection,High,In Progress,17.6,38.31,7.7
WO101812,OH-A131,2025-12-26,Engine,Medium,Closed,10.5,612.04,9.4
WO101813,OH-A137,2025-09-22,Scheduled,Low,Closed,5.2,733.36,5.4
WO101814,OH-A105,2025-08-22,Component Replacement,Critical,Closed,7.7,1270.99,3.0
WO101815,OH-A114,2025-01-03,Scheduled,Medium,Open,4.4,182.26,6.2
WO101816,OH-A104,2025-05-24,Scheduled,Medium,Closed,7.9,390.11,5.9
WO101817,OH-A104,2025-07-09,Unscheduled,Medium,Closed,5.7,82.27,13.8
WO101818,OH-A101,2025-01-29,Component Replacement,Medium,Open,8.4,80.38,10.0
WO101819,OH-A147,2025-08-25,Component Replacement,Medium,Closed,10.6,673.82,11.8
WO101820,OH-A142,2025-10-03,Unscheduled,High,Closed,4.3,1431.58,10.7
WO101821,OH-A129,2025-05-15,Component Replacement,High,Closed,6.9,1482.68,10.9
WO101822,OH-A101,2025-12-04,Unscheduled,High,Closed,3.7,625.45,5.5
WO101823,OH-A135,2025-12-07,Scheduled,High,Open,4.5,3121.18,10.5
WO101824,OH-A125,2025-09-28,Engine,Medium,Closed,7.5,272.46,14.4
WO101825,OH-A137,2025-04-25,Scheduled,Medium,Closed,5.4,990.54,18.1
WO101826,OH-A123,2025-02-12,Cabin,Medium,Closed,14.1,108.0,16.1
WO101827,OH-A100,2025-09-12,Component Replacement,Medium,Closed,2.1,17.4,12.9
WO101828,OH-A143,2025-07-14,Component Replacement,Low,Closed,15.7,249.3,9.9
WO101829,OH-A142,2025-09-19,Inspection,Medium,Closed,10.5,357.58,6.6
WO101830,OH-A143,2025-05-28,Engine,Medium,Closed,9.4,510.08,10.9
WO101831,OH-A131,2025-02-25,Scheduled,Medium,Closed,10.1,334.9,20.9
WO101832,OH-A144,2025-11-26,Inspection,Medium,Closed,10.0,579.04,7.3
WO101833,OH-A103,2025-12-18,Scheduled,High,Closed,5.2,2299.17,23.9
WO101834,OH-A119,2025-10-06,Inspection,Low,Closed,10.8,843.77,11.1
WO101835,OH-A115,2025-01-09,Inspection,High,Closed,7.9,187.61,18.6
WO101836,OH-A122,2025-10-20,Scheduled,Low,Open,2.4,32.7,5.9
WO101837,OH-A101,2025-12-30,Scheduled,Medium,Closed,4.5,137.65,5.4
WO101838,OH-A139,2025-06-01,Inspection,High,Closed,3.7,1545.35,3.2
WO101839,OH-A114,2025-07-03,Cabin,High,Closed,6.1,243.82,20.8
WO101840,OH-A105,2025-01-10,Inspection,Medium,Closed,1.7,795.25,11.1
WO101841,OH-A109,2025-08-08,Unscheduled,High,Closed,9.9,765.32,14.3
WO101842,OH-A105,2025-10-05,Cabin,High,Closed,10.8,381.58,9.4
WO101843,OH-A132,2025-03-15,Engine,Low,Closed,5.1,369.89,9.9
WO101844,OH-A144,2025-08-20,Component Replacement,Medium,Closed,8.4,207.62,2.8
WO101845,OH-A104,2025-04-06,Unscheduled,High,Closed,14.4,3741.37,11.2
WO101846,OH-A101,2025-02-21,Unscheduled,Low,Closed,5.4,155.09,15.3
WO101847,OH-A142,2025-01-09,Scheduled,Medium,Closed,5.4,1237.63,1.5
WO101848,OH-A118,2025-10-04,Engine,Medium,Closed,5.9,925.92,6.6
WO101849,OH-A105,2025-03-19,Scheduled,Medium,Closed,9.4,746.3,5.0
WO101850,OH-A109,2025-02-24,Component Replacement,Medium,Closed,5.3,357.85,12.8
WO101851,OH-A132,2025-12-18,Engine,Low,Closed,5.9,91.86,12.3
WO101852,OH-A104,2025-09-27,Inspection,Medium,Closed,9.2,127.99,14.2
WO101853,OH-A119,2025-04-04,Scheduled,High,Closed,8.9,185.9,0.5
WO101854,OH-A146,2025-09-18,Scheduled,Medium,Closed,4.9,583.92,9.5
WO101855,OH-A120,2025-07-02,Inspection,Medium,Closed,3.6,983.01,1.9
WO101856,OH-A107,2025-01-03,Scheduled,Medium,Closed,5.5,552.25,10.8
WO101857,OH-A136,2025-04-09,Scheduled,Low,Closed,6.3,523.07,3.0
WO101858,OH-A120,2025-10-10,Unscheduled,Low,Closed,7.6,1144.18,12.2
WO101859,OH-A119,2025-09-20,Inspection,Medium,In Progress,6.8,49.9,3.1
WO101860,OH-A112,2025-05-29,Inspection,Low,Closed,3.1,44.39,4.2
WO101861,OH-A136,2025-12-27,Scheduled,Low,Closed,5.2,85.82,17.4
WO101862,OH-A123,2025-07-04,Inspection,Medium,Closed,1.8,1017.94,8.2
WO101863,OH-A123,2025-01-05,Unscheduled,High,Closed,7.6,54.09,8.4
WO101864,OH-A136,2025-12-19,Unscheduled,Low,Closed,3.5,399.47,4.1
WO101865,OH-A117,2025-01-09,Engine,Medium,Closed,2.5,162.33,16.3
WO101866,OH-A131,2025-12-02,Scheduled,Medium,Closed,5.7,471.16,11.2
WO101867,OH-A108,2025-01-28,Inspection,High,Closed,8.2,350.14,10.7
WO101868,OH-A127,2025-05-20,Scheduled,Low,Closed,6.7,518.18,3.6
WO101869,OH-A120,2025-01-20,Scheduled,High,Closed,15.3,270.65,9.4
WO101870,OH-A124,2025-09-16,Inspection,Critical,Closed,2.1,818.43,34.5
WO101871,OH-A117,2025-04-22,Inspection,Low,Closed,2.0,1743.21,5.3
WO101872,OH-A106,2025-07-07,Inspection,Low,Closed,4.7,1429.0,17.1
WO101873,OH-A144,2025-03-11,Cabin,Medium,In Progress,10.6,280.79,1.3
WO101874,OH-A119,2025-10-28,Component Replacement,Low,Closed,4.9,169.86,14.0
WO101875,OH-A135,2025-06-18,Scheduled,Low,Closed,3.9,490.59,11.5
WO101876,OH-A143,2025-04-27,Inspection,High,Closed,8.5,2908.51,7.6
WO101877,OH-A121,2025-01-09,Inspection,Medium,Closed,5.3,382.53,11.1
WO101878,OH-A139,2025-06-21,Inspection,Medium,Closed,12.7,933.31,11.3
WO101879,OH-A121,2025-09-22,Unscheduled,Medium,Unknown,5.8,883.4,11.3
WO101880,OH-A103,2025-02-11,Cabin,Medium,Closed,10.7,873.09,6.7
WO101881,OH-A142,2025-07-05,Unscheduled,High,Closed,6.0,1440.65,6.2
WO101882,OH-A140,2025-12-05,Component Replacement,High,Closed,8.3,108.11,4.8
WO101883,OH-A127,2025-11-13,Unscheduled,High,Closed,11.5,153.97,2.6
WO101884,OH-A139,2025-11-25,Component Replacement,Medium,Closed,2.0,423.08,8.3
WO101885,OH-A132,2025-11-24,Unscheduled,High,Closed,1.6,1380.72,15.7
WO101886,OH-A138,2025-04-11,Scheduled,High,Closed,2.2,1377.55,6.0
WO101887,OH-A102,2025-02-28,Unscheduled,Medium,Closed,3.6,385.29,3.6
WO101888,OH-A139,2025-08-01,Inspection,Medium,Closed,11.8,1094.63,4.9
WO101889,OH-A110,2025-09-19,Scheduled,Medium,Closed,16.4,264.65,9.3
WO101890,OH-A147,2025-05-19,Inspection,Medium,Closed,6.3,176.55,9.3
WO101891,OH-A146,2025-03-26,Engine,Low,Closed,5.1,106.8,4.5
WO101892,OH-A102,2025-02-26,Engine,Low,Closed,8.0,351.69,8.4
WO101893,OH-A131,2025-07-05,Unscheduled,Low,Closed,4.3,285.26,7.5
WO101894,OH-A118,2025-01-17,Unscheduled,Low,Open,7.8,1100.38,12.1
WO101895,OH-A112,2025-09-07,Engine,Medium,Open,11.6,708.26,19.7
WO101896,OH-A146,2025-10-28,Cabin,Medium,Closed,8.1,425.91,5.8
WO101897,OH-A119,2025-10-30,Scheduled,Medium,Open,3.3,427.64,5.2
WO101898,OH-A126,2025-04-16,Scheduled,Medium,Closed,6.2,265.3,9.2
WO101899,OH-A115,2025-02-06,Scheduled,Medium,Closed,17.5,68.09,10.4
WO101900,OH-A132,2025-07-08,Unscheduled,High,Closed,8.6,123.67,12.6
WO101901,OH-A112,2025-09-28,Component Replacement,Medium,Closed,4.9,885.97,2.2
WO101902,OH-A117,2025-11-26,Scheduled,Medium,Closed,4.2,351.26,26.7
WO101903,OH-A133,2025-02-13,Inspection,High,Closed,4.8,108.65,7.0
WO101904,OH-A110,2025-01-08,Scheduled,Low,Closed,10.0,1582.99,5.4
WO101905,OH-A137,2025-02-21,Scheduled,Medium,Closed,7.4,2204.33,3.6
WO101906,OH-A146,2025-07-19,Inspection,High,Closed,3.5,1345.49,6.0
WO101907,OH-A133,2025-03-02,Inspection,Low,Closed,11.2,616.46,2.5
WO101908,OH-A117,2025-12-15,Scheduled,Low,Closed,17.2,537.11,17.0
WO101909,OH-A108,2025-05-07,Unscheduled,Medium,Closed,7.7,393.63,7.6
WO101910,OH-A126,2025-10-23,Unscheduled,Medium,Closed,12.4,475.06,5.2
WO101911,OH-A121,2025-04-29,Cabin,High,Closed,3.2,756.51,15.1
WO101912,OH-A111,2025-03-22,Engine,High,Closed,5.9,818.46,7.3
WO101913,OH-A117,2025-02-01,Inspection,Low,Closed,3.0,635.31,5.2
WO101914,OH-A146,2025-03-15,Cabin,Medium,Closed,10.2,15.23,22.0
WO101915,OH-A108,2025-10-02,Inspection,High,Closed,6.6,1275.62,6.2
WO101916,OH-A112,2025-10-06,Scheduled,Medium,Closed,1.6,492.5,1.5
WO101917,OH-A116,2025-09-01,Unscheduled,Medium,Closed,3.2,103.81,8.4
WO101918,OH-A143,2025-01-30,Cabin,Low,Closed,6.1,491.78,7.7
WO101919,OH-A117,2025-04-28,Inspection,High,Closed,2.2,545.93,5.3
WO101920,OH-A114,2025-08-07,Cabin,Medium,Closed,3.4,83.86,4.7
WO101921,OH-A114,2025-12-08,Inspection,Low,Closed,11.8,212.18,8.9
WO101922,OH-A145,2025-03-27,Cabin,Low,Open,4.1,133.5,6.3
WO101923,OH-A116,2025-03-10,Component Replacement,High,Closed,7.6,152.4,7.0
WO101924,OH-A117,2025-11-03,Engine,Medium,In Progress,10.9,713.63,10.1
WO101925,OH-A117,2025-06-20,Cabin,Low,Closed,9.8,216.55,6.7
WO101926,OH-A141,2025-05-19,Unscheduled,Medium,Closed,14.7,442.87,5.6
WO101927,OH-A134,2025-05-21,Inspection,High,Closed,11.3,843.55,12.7
WO101928,OH-A128,2025-06-01,Scheduled,Medium,Open,7.5,261.41,6.3
WO101929,OH-A110,2025-06-26,Engine,Medium,Open,2.4,877.9,5.3
WO101930,OH-A105,2025-10-17,Inspection,Medium,Closed,6.3,1564.2,3.0
WO101931,OH-A104,2025-09-09,Scheduled,Low,Closed,9.9,940.32,4.4
WO101932,OH-A114,2025-02-02,Unscheduled,High,Closed,3.7,735.02,3.4
WO101933,OH-A137,2025-02-18,Scheduled,Low,Closed,11.9,948.1,2.8
WO101934,OH-A136,2025-08-08,Unscheduled,Low,Closed,6.6,598.81,4.8
WO101935,OH-A137,2025-11-03,Scheduled,Low,Closed,9.8,942.8,10.3
WO101936,OH-A132,2025-12-18,Cabin,Low,Closed,9.8,124.74,8.2
WO101937,OH-A124,2025-11-23,Inspection,Medium,Closed,10.0,374.47,6.6
WO101938,OH-A117,2025-08-26,Cabin,High,In Progress,4.9,597.13,11.1
WO101939,OH-A134,2025-03-28,Scheduled,Low,Closed,14.8,374.3,5.6
WO101940,OH-A109,2025-01-30,Unscheduled,Low,Closed,13.2,4926.51,9.9
WO101941,OH-A103,2025-09-26,Cabin,Medium,Closed,7.1,333.14,12.4
WO101942,OH-A139,2025-11-28,Inspection,High,Closed,3.1,67.86,1.6
WO101943,OH-A122,2025-05-28,Scheduled,High,Closed,5.1,426.29,8.1
WO101944,OH-A129,2025-02-17,Cabin,Critical,Closed,4.9,923.63,10.7
WO101945,OH-A145,2025-09-25,Scheduled,Low,Closed,2.3,168.53,10.3
WO101946,OH-A132,2025-05-15,Scheduled,Medium,Closed,4.3,388.89,8.4
WO101947,OH-A136,2025-08-21,Component Replacement,Medium,Closed,0.5,374.95,5.8
WO101948,OH-A122,2025-03-08,Component Replacement,Low,Closed,8.8,380.09,7.2
WO101949,OH-A115,2025-05-11,Inspection,Medium,Closed,5.9,221.8,2.1
WO101950,OH-A116,2025-09-21,Scheduled,Medium,Closed,10.1,1208.26,17.7
WO101951,OH-A143,2025-11-09,Scheduled,Medium,Closed,5.5,3524.26,1.9
WO101952,OH-A118,2025-04-07,Unscheduled,Low,Open,2.2,174.25,5.0
WO101953,OH-A144,2025-10-19,Unscheduled,Medium,Closed,3.0,109.19,8.2
WO101954,OH-A101,2025-04-06,Scheduled,Medium,Closed,6.4,260.47,2.9
WO101955,OH-A114,2025-09-26,Inspection,Low,Closed,6.4,1647.51,6.8
WO101956,OH-A145,2025-05-31,Cabin,Low,In Progress,4.3,311.68,12.8
WO101957,OH-A127,2025-09-14,Cabin,Medium,Closed,4.2,581.87,11.5
WO101958,OH-A117,2025-04-15,Component Replacement,Low,Closed,10.4,162.01,8.1
WO101959,OH-A108,2025-01-31,Scheduled,Low,Closed,1.8,2401.4,9.1
WO101960,OH-A123,2025-10-14,Unscheduled,Low,Closed,7.9,300.25,0.9
WO101961,OH-A145,2025-01-03,Cabin,Low,Closed,5.6,517.71,3.6
WO101962,OH-A117,2025-07-12,Scheduled,Low,Closed,10.4,182.01,5.4
WO101963,OH-A123,2025-01-22,Scheduled,High,Closed,18.0,165.31,6.5
WO101964,OH-A117,2025-07-22,Scheduled,High,Closed,2.8,401.97,13.2
WO101965,OH-A141,2025-02-09,Inspection,Low,Closed,9.4,447.68,22.7
WO101966,OH-A132,2025-02-28,Cabin,Medium,Open,9.2,956.02,7.1
WO101967,OH-A129,2025-12-26,Unscheduled,Low,Closed,3.9,74.61,6.9
WO101968,OH-A132,2025-11-30,Inspection,Low,Closed,4.8,155.87,8.0
WO101969,OH-A119,2025-06-12,Inspection,High,Closed,5.8,202.91,4.7
WO101970,OH-A138,2025-05-08,Engine,Critical,Closed,9.0,454.91,19.1
WO101971,OH-A129,2025-09-11,Scheduled,Low,Open,6.9,130.38,4.3
WO101972,OH-A103,2025-05-18,Inspection,High,Closed,13.5,366.71,4.4
WO101973,OH-A117,2025-02-25,Cabin,Medium,Closed,3.6,211.94,5.6
WO101974,OH-A141,2025-03-30,Cabin,High,Closed,6.3,352.28,20.7
WO101975,OH-A112,2025-08-14,Unscheduled,Medium,In Progress,7.8,185.92,10.7
WO101976,OH-A145,2025-12-17,Scheduled,Medium,Closed,5.4,146.71,8.0
WO101977,OH-A139,2025-08-27,Cabin,High,Closed,3.3,536.5,6.6
WO101978,OH-A147,2025-08-10,Cabin,Medium,Closed,12.1,1227.8,7.6
WO101979,OH-A138,2025-10-14,Scheduled,Critical,Closed,7.6,909.98,3.7
WO101980,OH-A106,2025-01-23,Scheduled,Medium,Closed,1.8,1227.45,1.4
WO101981,OH-A109,2025-08-16,Scheduled,Critical,Closed,4.4,1380.27,13.9
WO101982,OH-A123,2025-03-12,Inspection,High,Closed,3.8,343.59,3.2
WO101983,OH-A117,2025-06-03,Unscheduled,Medium,Closed,15.3,2619.97,18.6
WO101984,OH-A145,2025-06-25,Scheduled,Medium,Open,5.6,859.3,10.9
WO101985,OH-A140,2025-09-24,Component Replacement,High,Closed,13.8,156.04,7.1
WO101986,OH-A136,2025-03-10,Scheduled,Medium,Closed,8.5,206.71,10.3
WO101987,OH-A145,2025-12-15,Cabin,Medium,In Progress,8.2,469.14,8.7
WO101988,OH-A102,2025-08-09,Unscheduled,Low,In Progress,4.3,973.15,7.7
WO101989,OH-A133,2025-05-08,Unscheduled,Low,Closed,5.6,320.91,8.1
WO101990,OH-A141,2025-04-23,Cabin,Low,Closed,2.7,152.77,14.0
WO101991,OH-A146,2025-02-07,Scheduled,Low,Open,11.2,889.34,10.5
WO101992,OH-A140,2025-05-08,Scheduled,Medium,Closed,11.2,132.04,7.4
WO101993,OH-A138,2025-02-12,Unscheduled,Medium,Closed,8.2,546.69,12.6
WO101994,OH-A137,2025-10-15,Inspection,Low,In Progress,6.9,421.22,19.9
WO101995,OH-A106,2025-10-17,Unscheduled,Medium,Closed,6.1,105.38,7.3
WO101996,OH-A119,2025-07-11,Cabin,Low,Closed,15.2,2385.81,5.0
WO101997,OH-A142,2025-12-19,Cabin,Medium,Closed,12.2,410.23,13.1
WO101998,OH-A130,2025-02-11,Scheduled,Medium,Closed,7.6,123.23,7.4
WO101999,OH-A112,2025-11-17,Scheduled,High,Closed,4.9,423.5,15.7
WO102000,OH-A134,2025-05-16,Inspection,Medium,Closed,4.6,71.51,3.7
WO102001,OH-A101,2025-10-04,Cabin,High,Closed,14.6,578.88,5.9
WO102002,OH-A119,2025-11-24,Scheduled,Medium,Closed,4.0,954.41,23.8
WO102003,OH-A136,2025-02-16,Unscheduled,High,Closed,6.3,6014.23,5.8
WO102004,OH-A137,2025-11-05,Scheduled,Medium,Closed,9.1,444.9,16.0
WO102005,OH-A124,2025-12-29,Cabin,Critical,Closed,10.7,208.74,4.9
WO102006,OH-A113,2025-10-05,Scheduled,Medium,Closed,8.0,496.07,12.5
WO102007,OH-A123,2025-02-23,Inspection,High,Closed,7.0,1703.34,4.2
WO102008,OH-A108,2025-11-04,Scheduled,High,Closed,6.8,665.74,13.3
WO102009,OH-A144,2025-04-12,Inspection,High,Closed,5.9,927.67,6.7
WO102010,OH-A141,2025-02-03,Unscheduled,Medium,Closed,3.3,862.69,5.9
WO102011,OH-A134,2025-08-23,Inspection,Low,Closed,10.0,669.37,6.8
WO102012,OH-A116,2025-02-14,Scheduled,Medium,Closed,5.0,99.3,8.2
WO102013,OH-A106,2025-07-27,Scheduled,High,Closed,2.9,94.04,9.2
WO102014,OH-A102,2025-01-07,Scheduled,Critical,Open,3.5,83.15,3.4
WO102015,OH-A118,2025-09-28,Engine,High,Closed,7.5,121.82,9.9
WO102016,OH-A139,2025-02-15,Component Replacement,Medium,Closed,9.7,136.68,2.8
WO102017,OH-A117,2025-09-02,Scheduled,High,Closed,7.4,2590.81,14.6
WO102018,OH-A138,2025-10-28,Unscheduled,Medium,Closed,6.2,198.97,10.3
WO102019,OH-A108,2025-02-05,Unscheduled,Medium,Closed,6.5,445.8,10.3
WO102020,OH-A138,2025-01-14,Scheduled,Medium,Closed,4.1,316.12,13.3
WO102021,OH-A103,2025-11-17,Engine,Medium,Closed,11.3,489.56,10.6
WO102022,OH-A116,2025-06-19,Unscheduled,Medium,Closed,3.6,432.71,20.5
WO102023,OH-A107,2025-07-04,Inspection,Medium,Closed,8.1,114.9,4.3
WO102024,OH-A128,2025-04-01,Inspection,Medium,Closed,10.9,733.44,3.3
WO102025,OH-A109,2025-06-23,Cabin,Medium,Closed,7.7,204.42,20.9
WO102026,OH-A100,2025-10-31,Component Replacement,Low,Closed,9.3,197.68,10.6
WO102027,OH-A115,2025-11-05,Scheduled,Medium,Closed,4.3,296.94,11.3
WO102028,OH-A100,2025-10-21,Scheduled,Low,Closed,7.9,905.93,4.0
WO102029,OH-A118,2025-04-16,Unscheduled,Low,In Progress,10.5,216.03,10.9
WO102030,OH-A112,2025-10-07,Scheduled,Low,Closed,10.0,442.21,7.6
WO102031,OH-A144,2025-06-14,Unscheduled,Low,Closed,10.6,603.56,12.4
WO102032,OH-A125,2025-05-19,Cabin,High,Open,5.6,521.56,8.5
WO102033,OH-A121,2025-04-30,Scheduled,High,Closed,11.7,493.77,7.6
WO102034,OH-A128,2025-12-04,Component Replacement,Medium,Closed,7.2,99.13,8.6
WO102035,OH-A106,2025-03-05,Scheduled,Medium,Closed,5.5,458.0,5.4
WO102036,OH-A106,2025-11-23,Scheduled,Medium,Closed,14.7,161.63,6.2
WO102037,OH-A107,2025-11-29,Scheduled,High,Closed,1.8,69.41,16.4
WO102038,OH-A141,2025-08-26,Scheduled,Medium,In Progress,6.9,254.0,11.1
WO102039,OH-A135,2025-01-10,Scheduled,Low,Closed,4.5,240.12,7.3
WO102040,OH-A146,2025-08-12,Cabin,High,Closed,10.0,7786.87,11.0
WO102041,OH-A139,2025-02-12,Inspection,Medium,Closed,4.3,1070.84,10.0
WO102042,OH-A105,2025-05-03,Scheduled,High,Closed,2.4,883.86,6.3
WO102043,OH-A107,2025-01-28,Scheduled,High,In Progress,5.2,268.34,5.4
WO102044,OH-A139,2025-09-26,Cabin,Medium,Closed,5.6,335.2,6.2
WO102045,OH-A126,2025-06-26,Scheduled,High,Closed,4.8,5279.4,15.0
WO102046,OH-A129,2025-12-09,Scheduled,Low,Closed,3.0,213.59,7.3
WO102047,OH-A111,2025-09-07,Engine,Medium,Closed,6.2,520.57,16.2
WO102048,OH-A124,2025-04-26,Inspection,Medium,Closed,2.1,2543.52,5.9
WO102049,OH-A143,2025-10-10,Scheduled,High,Closed,6.1,195.65,5.0
WO102050,OH-A123,2025-04-15,Inspection,Medium,Closed,6.3,468.62,7.5
WO102051,OH-A133,2025-04-09,Unscheduled,Low,Closed,13.9,396.17,9.6
WO102052,OH-A135,2025-04-07,Inspection,Low,Closed,7.5,165.87,8.6
WO102053,OH-A144,2025-09-17,Scheduled,Medium,Closed,2.1,875.64,10.4
WO102054,OH-A110,2025-12-25,Cabin,Medium,Closed,8.6,132.25,10.6
WO102055,OH-A143,2025-11-08,Inspection,Medium,Closed,15.1,876.43,12.1
WO102056,OH-A129,2025-07-17,Scheduled,Medium,Closed,4.3,619.89,4.1
WO102057,OH-A139,2025-01-04,Inspection,Medium,Closed,6.3,990.23,5.5
WO102058,OH-A112,2025-12-20,Unscheduled,Low,Closed,5.6,332.22,8.9
WO102059,OH-A105,2025-05-20,Cabin,Low,Closed,6.5,595.53,6.4
WO102060,OH-A104,2025-08-14,Scheduled,High,Closed,0.9,1125.72,7.6
WO102061,OH-A118,2025-06-04,Unscheduled,Medium,Closed,6.4,98.6,8.2
WO102062,OH-A126,2025-04-18,Component Replacement,Medium,Closed,6.2,120.49,7.0
WO102063,OH-A113,2025-04-21,Scheduled,Medium,Closed,4.6,721.8,6.3
WO102064,OH-A112,2025-08-03,Unscheduled,Low,Closed,5.9,918.72,4.7
WO102065,OH-A139,2025-06-06,Component Replacement,Low,Open,6.9,461.97,7.2
WO102066,OH-A135,2025-02-26,Component Replacement,High,Closed,7.3,1012.28,6.1
WO102067,OH-A130,2025-05-18,Unscheduled,Low,Closed,8.0,280.84,12.8
WO102068,OH-A131,2025-06-13,Unscheduled,Low,Closed,12.4,1432.45,11.3
WO102069,OH-A140,2025-08-17,Inspection,Medium,Closed,9.2,375.17,4.0
WO102070,OH-A110,2025-06-11,Cabin,High,Closed,7.3,185.17,19.0
WO102071,OH-A145,2025-03-13,Inspection,Medium,Closed,5.5,1677.18,6.3
WO102072,OH-A141,2025-07-30,Inspection,Medium,Closed,18.6,922.3,3.2
WO102073,OH-A116,2025-11-02,Engine,High,Closed,2.1,257.16,5.8
WO102074,OH-A116,2025-05-22,Unscheduled,High,In Progress,8.0,262.36,2.9
WO102075,OH-A108,2025-08-20,Unscheduled,Medium,Closed,10.2,735.74,3.2
WO102076,OH-A134,2025-06-16,Inspection,Low,Closed,6.9,148.33,31.7
WO102077,OH-A114,2025-04-19,Unscheduled,Medium,Closed,4.4,555.87,12.5
WO102078,OH-A112,2025-11-16,Unscheduled,High,Closed,8.5,340.79,3.7
WO102079,OH-A132,2025-12-18,Scheduled,Medium,Closed,3.5,500.08,2.4
WO102080,OH-A109,2025-03-07,Inspection,Critical,Closed,10.2,53.45,7.6
WO102081,OH-A105,2025-08-16,Inspection,Medium,Closed,3.3,162.87,2.1
WO102082,OH-A141,2025-12-03,Engine,Low,Closed,13.1,519.92,7.3
WO102083,OH-A101,2025-07-16,Scheduled,Medium,Closed,8.6,1155.88,10.1
WO102084,OH-A144,2025-07-16,Cabin,High,Closed,7.1,353.84,10.5
WO102085,OH-A132,2025-12-17,Scheduled,Low,Closed,6.0,830.94,3.7
WO102086,OH-A116,2025-08-18,Component Replacement,Medium,Open,6.4,91.69,9.2
WO102087,OH-A127,2025-11-06,Inspection,Medium,Closed,3.8,257.6,14.6
WO102088,OH-A115,2025-02-08,Unscheduled,Medium,Closed,6.9,533.71,6.4
WO102089,OH-A119,2025-08-04,Cabin,Medium,Closed,5.2,379.04,3.6
WO102090,OH-A133,2025-02-23,Unscheduled,Medium,Open,5.0,864.9,6.2
WO102091,OH-A143,2025-03-16,Scheduled,High,Closed,18.0,312.04,4.0
WO102092,OH-A110,2025-09-25,Inspection,Medium,Closed,5.3,315.1,37.1
WO102093,OH-A125,2025-11-14,Inspection,High,Closed,5.8,775.59,13.2
WO102094,OH-A141,2025-11-25,Component Replacement,Low,In Progress,11.4,235.71,11.5
WO102095,OH-A100,2025-10-07,Unscheduled,Medium,In Progress,3.8,162.77,2.4
WO102096,OH-A100,2025-07-09,Scheduled,Low,Closed,13.0,642.17,3.0
WO102097,OH-A129,2025-06-08,Unscheduled,Low,Closed,5.6,153.9,6.7
WO102098,OH-A106,2025-03-03,Inspection,Medium,Closed,4.1,1666.6,6.0
WO102099,OH-A147,2025-10-14,Inspection,Medium,Closed,2.0,63.94,5.2
WO102100,OH-A105,2025-10-18,Engine,Low,Closed,12.1,299.39,15.8
WO102101,OH-A135,2025-02-16,Scheduled,High,In Progress,4.8,2052.12,27.6
WO102102,OH-A115,2025-12-01,Inspection,Medium,Unknown,5.5,2909.8,5.2
WO102103,OH-A144,2025-05-01,Cabin,Critical,Closed,5.6,368.25,1.6
WO102104,OH-A141,2025-09-02,Unscheduled,High,Closed,4.8,1216.79,5.4
WO102105,OH-A138,2025-02-16,Unscheduled,Medium,Closed,8.5,875.78,15.3
WO102106,OH-A130,2025-03-08,Cabin,Medium,Closed,10.6,246.77,13.2
WO102107,OH-A110,2025-08-09,Scheduled,High,Closed,18.6,643.68,8.2
WO102108,OH-A105,2025-05-31,Inspection,Medium,Closed,13.5,170.45,11.5
WO102109,OH-A112,2025-01-10,Unscheduled,Medium,Closed,7.0,84.6,6.3
WO102110,OH-A103,2025-12-10,Scheduled,Medium,Closed,10.3,667.99,5.0
WO102111,OH-A137,2025-11-20,Component Replacement,Low,Open,15.6,708.5,4.3
WO102112,OH-A113,2025-03-11,Scheduled,High,Open,11.1,123.29,7.9
WO102113,OH-A121,2025-08-26,Cabin,Low,Closed,7.3,349.77,5.5
WO102114,OH-A129,2025-03-04,Unscheduled,Low,Closed,8.6,123.21,3.8
WO102115,OH-A133,2025-09-19,Scheduled,Medium,Closed,13.0,254.34,8.9
WO102116,OH-A128,2025-09-14,Scheduled,High,Closed,1.7,260.74,5.9
WO102117,OH-A135,2025-09-30,Engine,High,Closed,6.0,846.29,15.7
WO102118,OH-A105,2025-07-18,Unscheduled,Medium,Closed,1.4,244.67,10.0
WO102119,OH-A113,2025-01-09,Scheduled,Medium,Closed,3.2,114.23,22.7
WO102120,OH-A136,2025-03-16,Scheduled,Medium,Closed,1.0,2243.36,10.6
WO102121,OH-A134,2025-12-28,Inspection,Low,Closed,5.7,661.76,7.5
WO102122,OH-A130,2025-08-14,Scheduled,Low,Closed,14.8,988.34,14.1
WO102123,OH-A145,2025-05-05,Cabin,High,Closed,12.2,741.14,21.1
WO102124,OH-A147,2025-12-08,Scheduled,High,Closed,4.1,1033.85,2.1
WO102125,OH-A104,2025-06-07,Scheduled,Low,Open,8.6,624.25,14.2
WO102126,OH-A126,2025-11-09,Unscheduled,Medium,Closed,3.6,642.35,7.9
WO102127,OH-A143,2025-10-22,Scheduled,Critical,Closed,7.1,458.21,10.7
WO102128,OH-A115,2025-01-03,Component Replacement,Medium,Open,13.9,260.06,22.2
WO102129,OH-A102,2025-12-06,Cabin,Medium,Closed,2.9,979.14,8.3
WO102130,OH-A105,2025-11-17,Inspection,Low,Closed,7.9,309.64,3.6
WO102131,OH-A134,2025-12-29,Engine,Medium,Closed,10.1,453.84,2.6
WO102132,OH-A144,2025-08-17,Engine,Medium,Open,4.7,584.11,21.8
WO102133,OH-A133,2025-09-12,Scheduled,Medium,Open,7.8,635.58,9.9
WO102134,OH-A101,2025-04-08,Scheduled,Medium,Closed,4.0,146.3,8.3
WO102135,OH-A119,2025-02-25,Inspection,Medium,Closed,7.3,493.34,20.2
WO102136,OH-A116,2025-02-04,Cabin,Medium,Closed,7.3,145.36,4.8
WO102137,OH-A143,2025-03-06,Engine,Medium,Closed,2.6,482.31,4.8
WO102138,OH-A125,2025-12-21,Inspection,Low,Closed,2.3,879.87,24.4
WO102139,OH-A111,2025-04-11,Scheduled,Medium,Closed,2.0,2440.27,4.3
WO102140,OH-A127,2025-01-11,Component Replacement,Medium,Closed,8.9,718.88,3.1
WO102141,OH-A135,2025-09-08,Inspection,Low,Open,8.1,957.15,24.2
WO102142,OH-A127,2025-03-09,Cabin,High,Closed,6.9,135.94,13.9
WO102143,OH-A120,2025-07-06,Component Replacement,Medium,Closed,5.8,691.02,7.8
WO102144,OH-A134,2025-09-03,Scheduled,High,Closed,10.5,132.23,31.5
WO102145,OH-A114,2025-07-29,Inspection,High,Closed,5.4,1342.71,5.8
WO102146,OH-A106,2025-10-04,Unscheduled,Low,Closed,4.3,138.9,12.1
WO102147,OH-A141,2025-01-07,Unscheduled,Low,Closed,3.1,151.85,11.2
WO102148,OH-A134,2025-04-08,Inspection,Low,Closed,6.6,858.11,20.5
WO102149,OH-A135,2025-05-29,Cabin,High,Open,7.5,2164.12,4.7
WO102150,OH-A142,2025-09-27,Component Replacement,Medium,Closed,1.3,1161.95,24.2
WO102151,OH-A134,2025-07-17,Scheduled,Medium,Closed,6.4,283.16,29.5
WO102152,OH-A101,2025-10-07,Scheduled,Low,In Progress,9.8,150.0,18.3
WO102153,OH-A140,2025-09-28,Unscheduled,Low,Closed,5.5,263.0,5.2
WO102154,OH-A101,2025-10-20,Inspection,Medium,Open,21.0,457.47,9.7
WO102155,OH-A133,2025-08-10,Inspection,Medium,Closed,6.6,373.38,11.2
WO102156,OH-A147,2025-10-03,Unscheduled,Medium,Closed,5.0,144.19,10.9
WO102157,OH-A119,2025-09-05,Unscheduled,Low,In Progress,5.2,1459.96,2.6
WO102158,OH-A114,2025-01-12,Component Replacement,High,Closed,8.2,1492.08,13.1
WO102159,OH-A144,2025-04-13,Scheduled,High,Closed,18.4,2656.99,10.2
WO102160,OH-A121,2025-11-22,Inspection,Medium,Closed,4.3,76.67,7.6
WO102161,OH-A144,2025-02-03,Engine,Medium,Closed,9.3,179.71,8.1
WO102162,OH-A114,2025-07-25,Scheduled,High,Closed,7.9,518.45,32.3
WO102163,OH-A108,2025-10-07,Scheduled,Medium,Closed,14.1,405.38,18.5
WO102164,OH-A126,2025-06-07,Inspection,Low,Closed,4.2,257.35,2.2
WO102165,OH-A117,2025-03-07,Scheduled,Medium,Closed,8.6,171.37,7.6
WO102166,OH-A134,2025-01-09,Unscheduled,Low,Closed,11.3,148.75,16.4
WO102167,OH-A114,2025-08-29,Cabin,Low,Closed,9.2,3059.94,18.7
WO102168,OH-A136,2025-08-04,Scheduled,High,Closed,10.6,96.84,10.7
WO102169,OH-A117,2025-09-10,Cabin,High,Closed,5.4,84.99,3.8
WO102170,OH-A117,2025-03-01,Scheduled,Medium,Closed,7.6,122.95,3.5
WO102171,OH-A134,2025-06-20,Unscheduled,High,Closed,12.6,488.92,12.9
WO102172,OH-A112,2025-07-19,Scheduled,High,Closed,2.4,307.04,6.6
WO102173,OH-A113,2025-11-02,Component Replacement,Medium,Closed,5.5,610.1,4.3
WO102174,OH-A126,2025-03-11,Cabin,High,Closed,4.0,199.0,1.0
WO102175,OH-A115,2025-09-11,Unscheduled,High,Closed,3.9,440.57,2.8
WO102176,OH-A118,2025-09-09,Cabin,Low,Closed,8.0,439.12,10.0
WO102177,OH-A116,2025-08-05,Component Replacement,High,Closed,7.9,1948.43,7.2
WO102178,OH-A129,2025-02-02,Cabin,Critical,Closed,5.6,2389.9,20.0
WO102179,OH-A116,2025-02-13,Inspection,Low,Closed,7.3,346.91,3.3
WO102180,OH-A129,2025-08-08,Inspection,Medium,Closed,6.4,948.55,5.2
WO102181,OH-A111,2025-08-16,Cabin,Low,Closed,2.1,474.55,5.9
WO102182,OH-A142,2025-08-23,Component Replacement,Medium,Open,3.1,871.97,9.4
WO102183,OH-A145,2025-10-10,Engine,Medium,Closed,9.3,592.8,5.9
WO102184,OH-A100,2025-05-25,Scheduled,Low,Closed,3.6,842.12,4.7
WO102185,OH-A105,2025-04-19,Scheduled,Medium,Closed,5.5,946.78,10.9
WO102186,OH-A104,2025-12-01,Inspection,Medium,Open,8.3,616.82,9.0
WO102187,OH-A108,2025-09-10,Scheduled,Low,Closed,7.8,,14.2
WO102188,OH-A137,2025-07-12,Unscheduled,Medium,Closed,4.5,1144.61,7.1
WO102189,OH-A111,2025-07-23,Engine,High,Closed,6.7,352.61,17.6
WO102190,OH-A128,2025-10-01,Inspection,Low,Open,5.4,226.76,4.4
WO102191,OH-A112,2025-04-24,Cabin,Medium,Closed,6.2,85.27,12.9
WO102192,OH-A103,2025-06-12,Unscheduled,Low,Closed,13.8,617.27,15.1
WO102193,OH-A104,2025-01-16,Scheduled,Low,Closed,8.6,806.18,1.2
WO102194,OH-A145,2025-10-16,Scheduled,Medium,Closed,6.2,71.96,13.1
WO102195,OH-A126,2025-07-02,Cabin,Low,Closed,6.8,218.38,7.8
WO102196,OH-A131,2025-11-24,Unscheduled,Medium,Closed,1.3,854.92,9.5
WO102197,OH-A109,2025-04-19,Cabin,Low,Open,23.5,349.44,19.7
WO102198,OH-A123,2025-05-31,Unscheduled,High,Closed,12.5,426.35,8.3
WO102199,OH-A131,2025-01-20,Scheduled,Low,Closed,5.2,1004.9,4.2
WO102200,OH-A137,2025-12-20,Component Replacement,High,In Progress,2.0,362.08,12.4
WO102201,OH-A131,2025-05-06,Inspection,Medium,Closed,5.4,592.47,7.4
WO102202,OH-A128,2025-02-25,Inspection,Low,Closed,11.4,136.88,8.5
WO102203,OH-A129,2025-08-12,Unscheduled,Low,Closed,10.6,573.38,7.9
WO102204,OH-A117,2025-11-05,Unscheduled,Medium,Closed,6.6,105.76,13.8
WO102205,OH-A133,2025-02-10,Engine,High,Closed,16.5,110.3,10.8
WO102206,OH-A114,2025-07-11,Scheduled,Medium,Closed,5.9,243.85,8.5
WO102207,OH-A134,2025-06-22,Scheduled,Medium,Open,5.6,698.43,10.4
WO102208,OH-A121,2025-02-20,Scheduled,High,Closed,8.3,425.17,4.3
WO102209,OH-A127,2025-04-11,Unscheduled,Low,Closed,4.2,183.23,13.1
WO102210,OH-A122,2025-08-17,Engine,Medium,Open,4.8,970.18,11.0
WO102211,OH-A127,2025-12-28,Inspection,Low,Open,9.4,554.88,21.3
WO102212,OH-A134,2025-02-17,Cabin,High,In Progress,3.9,1147.17,5.6
WO102213,OH-A113,2025-08-18,Inspection,High,Open,8.3,165.55,5.7
WO102214,OH-A122,2025-11-20,Unscheduled,Low,Closed,10.9,1693.05,9.8
WO102215,OH-A119,2025-10-03,Inspection,Low,Closed,5.2,1962.39,8.3
WO102216,OH-A100,2025-10-25,Cabin,Medium,Closed,5.8,1003.88,4.2
WO102217,OH-A140,2025-12-01,Scheduled,Medium,Closed,7.1,657.12,3.6
WO102218,OH-A132,2025-08-27,Unscheduled,Medium,Closed,3.9,662.78,17.1
WO102219,OH-A102,2025-01-14,Unscheduled,Medium,Closed,5.1,561.53,5.2
WO102220,OH-A103,2025-03-27,Cabin,Low,Closed,2.5,102.19,7.1
WO102221,OH-A144,2025-05-31,Scheduled,Medium,Closed,3.4,221.7,3.3
WO102222,OH-A140,2025-12-18,Scheduled,Low,Closed,6.3,363.57,29.6
WO102223,OH-A135,2025-03-18,Inspection,Medium,Closed,8.0,143.97,5.4
WO102224,OH-A133,2025-11-08,Inspection,Medium,Closed,8.0,1694.03,7.7
WO102225,OH-A140,2025-08-20,Unscheduled,Medium,Closed,4.5,665.38,2.5
WO102226,OH-A128,2025-09-19,Inspection,High,Closed,4.5,2397.9,9.5
WO102227,OH-A100,2025-02-08,Inspection,Medium,Closed,4.9,889.04,24.9
WO102228,OH-A121,2025-05-14,Unscheduled,Medium,Closed,6.6,99.81,3.6
WO102229,OH-A115,2025-06-19,Unscheduled,High,Closed,3.4,1490.66,9.7
WO102230,OH-A108,2025-06-26,Scheduled,Medium,Closed,2.3,257.07,6.3
WO102231,OH-A141,2025-11-17,Component Replacement,High,In Progress,7.2,1578.98,8.6
WO102232,OH-A131,2025-05-04,Unscheduled,High,Closed,4.6,1822.72,6.7
WO102233,OH-A143,2025-11-14,Inspection,Medium,Open,8.1,1558.83,3.2
WO102234,OH-A105,2025-11-07,Unscheduled,Low,Closed,16.9,1180.15,10.3
WO102235,OH-A146,2025-08-23,Scheduled,Low,Closed,4.7,622.28,14.4
WO102236,OH-A129,2025-04-23,Component Replacement,Medium,Open,8.4,399.29,6.5
WO102237,OH-A127,2025-02-06,Unscheduled,Low,Closed,1.6,2657.39,17.0
WO102238,OH-A108,2025-03-28,Scheduled,Medium,Closed,5.3,529.74,17.1
WO102239,OH-A129,2025-08-10,Cabin,Low,Closed,6.9,274.44,14.5
WO102240,OH-A128,2025-03-20,Cabin,Low,Closed,1.4,627.61,4.0
WO102241,OH-A133,2025-11-26,Component Replacement,Medium,Closed,13.0,1272.62,12.3
WO102242,OH-A107,2025-05-27,Inspection,Low,Closed,4.0,1226.61,11.5
WO102243,OH-A130,2025-04-13,Inspection,Low,Closed,10.1,136.17,4.6
WO102244,OH-A104,2025-08-16,Unscheduled,Medium,Closed,8.8,1188.33,6.1
WO102245,OH-A103,2025-02-26,Scheduled,High,Closed,14.6,803.79,8.7
WO102246,OH-A122,2025-10-31,Inspection,Medium,Open,1.6,285.58,5.9
WO102247,OH-A105,2025-07-20,Component Replacement,High,Closed,7.6,176.9,7.8
WO102248,OH-A134,2025-12-04,Unscheduled,Low,Closed,6.1,1685.95,21.8
WO102249,OH-A123,2025-11-08,Cabin,High,Closed,1.3,1860.94,4.8
WO102250,OH-A111,2025-01-30,Unscheduled,Medium,In Progress,5.9,1938.7,4.7
WO102251,OH-A113,2025-11-24,Unscheduled,Medium,Closed,5.5,109.08,16.3
WO102252,OH-A123,2025-01-18,Unscheduled,Medium,Closed,2.9,327.14,9.0
WO102253,OH-A128,2025-10-17,Component Replacement,High,In Progress,5.6,427.08,9.7
WO102254,OH-A138,2025-05-13,Scheduled,Low,Closed,5.3,1812.53,7.2
WO102255,OH-A127,2025-05-06,Unscheduled,Medium,Closed,4.8,904.69,7.3
WO102256,OH-A126,2025-10-23,Component Replacement,High,Closed,7.7,322.52,8.0
WO102257,OH-A129,2025-04-11,Inspection,Medium,Closed,9.5,474.37,9.7
WO102258,OH-A128,2025-11-28,Unscheduled,Medium,Closed,4.0,823.69,14.4
WO102259,OH-A116,2025-01-15,Inspection,Low,Closed,6.0,852.08,4.3
WO102260,OH-A110,2025-03-03,Cabin,Low,In Progress,14.4,2165.74,5.1
WO102261,OH-A125,2025-05-11,Unscheduled,Medium,In Progress,5.9,1731.12,16.5
WO102262,OH-A105,2025-04-15,Component Replacement,Medium,Closed,4.0,1403.98,9.3
WO102263,OH-A111,2025-11-14,Scheduled,Low,Closed,3.2,187.88,6.7
WO102264,OH-A107,2025-11-26,Unscheduled,High,Closed,8.6,199.76,10.6
WO102265,OH-A123,2025-06-03,Scheduled,Medium,Open,4.2,149.79,6.0
WO102266,OH-A146,2025-07-30,Cabin,Low,Closed,3.7,615.94,15.9
WO102267,OH-A142,2025-05-04,Scheduled,Low,Closed,8.2,252.25,5.3
WO102268,OH-A104,2025-05-29,Cabin,critical,In Progress,2.6,731.93,5.8
WO102269,OH-A139,2025-05-03,Unscheduled,High,Open,8.0,845.6,6.5
WO102270,OH-A107,2025-03-30,Unscheduled,Critical,Closed,3.3,516.17,11.5
WO102271,OH-A143,2025-09-11,Inspection,Medium,Closed,3.7,999.3,17.0
WO102272,OH-A109,2025-02-11,Scheduled,High,Open,2.6,217.96,12.3
WO102273,OH-A106,2025-04-17,Scheduled,Low,Closed,3.8,94.81,14.4
WO102274,OH-A137,2025-02-09,Unscheduled,Low,Open,11.4,205.22,2.6
WO102275,OH-A139,2025-06-14,Component Replacement,Low,Closed,22.4,960.93,2.5
WO102276,OH-A119,2025-09-04,Component Replacement,Medium,Closed,5.7,2619.44,3.2
WO102277,OH-A126,2025-07-09,Cabin,Low,In Progress,5.1,1827.33,8.2
WO102278,OH-A137,2025-09-20,Scheduled,Medium,In Progress,9.6,341.37,6.2
WO102279,OH-A140,2025-07-29,Component Replacement,Low,Closed,8.1,1090.47,3.3
WO102280,OH-A120,2025-05-14,Scheduled,Medium,Open,10.7,104.34,0.6
WO102281,OH-A137,2025-11-29,Unscheduled,High,Closed,7.6,1967.24,12.0
WO102282,OH-A138,2025-08-10,Scheduled,Medium,Open,11.5,708.68,18.8
WO102283,OH-A138,2025-01-14,Cabin,Medium,Closed,7.4,925.33,14.7
WO102284,OH-A142,2025-02-26,Unscheduled,Low,In Progress,14.4,62.07,7.9
WO102285,OH-A140,2025-09-03,Unscheduled,Low,Closed,9.4,668.37,9.9
WO102286,OH-A121,2025-01-08,Unscheduled,Medium,Closed,13.7,2665.31,5.4
WO102287,OH-A115,2025-03-04,Unscheduled,Low,Closed,5.1,567.3,8.5
WO102288,OH-A147,2025-02-06,Scheduled,High,Closed,5.5,385.79,8.1
WO102289,OH-A121,2025-10-23,Inspection,High,Closed,7.1,327.62,11.1
WO102290,OH-A144,2025-02-08,Inspection,Low,Closed,2.0,205.89,5.1
WO102291,OH-A147,2025-03-15,Scheduled,Low,Open,7.4,463.3,29.2
WO102292,OH-A100,2025-12-26,Scheduled,Low,Closed,6.1,125.52,3.6
WO102293,OH-A106,2025-02-13,Scheduled,High,Closed,6.5,664.94,9.8
WO102294,OH-A127,2025-03-28,Unscheduled,Low,Closed,5.4,1286.38,13.1
WO102295,OH-A104,2025-10-24,Scheduled,Medium,Closed,7.1,275.93,3.8
WO102296,OH-A131,2025-02-18,Scheduled,Medium,Closed,4.8,622.4,2.3
WO102297,OH-A100,2025-03-25,Scheduled,Medium,Closed,11.2,397.86,13.2
WO102298,OH-A140,2025-10-18,Unscheduled,Medium,Closed,9.1,629.49,29.6
WO102299,OH-A120,2025-01-01,Inspection,Medium,Closed,7.1,1054.0,1.8
WO102300,OH-A132,2025-05-14,Inspection,High,Closed,2.2,642.04,29.4
WO102301,OH-A122,2025-04-04,Scheduled,Low,Closed,2.0,1002.65,13.6
WO102302,OH-A133,2025-03-17,Unscheduled,Medium,Closed,6.5,714.65,8.4
WO102303,OH-A132,2025-05-24,Inspection,High,Closed,-2.0,1005.51,14.7
WO102304,OH-A113,2025-03-22,Unscheduled,Low,Closed,8.5,581.9,17.5
WO102305,OH-A138,2025-10-10,Cabin,Medium,Closed,1.4,590.7,7.5
WO102306,OH-A139,2025-02-20,Inspection,Medium,In Progress,15.7,847.01,34.7
WO102307,OH-A115,2025-05-26,Inspection,Low,Closed,2.8,394.5,28.9
WO102308,OH-A103,2025-01-30,Unscheduled,Medium,Closed,10.7,665.08,5.6
WO102309,OH-A121,2025-02-08,Unscheduled,Low,Closed,5.3,173.93,10.5
WO102310,OH-A131,2025-09-06,Scheduled,High,Closed,2.2,69.23,3.7
WO102311,OH-A137,2025-06-14,Scheduled,Medium,Closed,5.5,464.95,2.9
WO102312,OH-A109,2025-06-10,Engine,Medium,Closed,12.9,190.68,6.9
WO102313,OH-A123,2025-04-10,Cabin,Medium,Closed,5.2,2920.53,10.2
WO102314,OH-A136,2025-02-24,Cabin,Medium,Closed,12.3,190.13,4.5
WO102315,OH-A125,2025-11-17,Unscheduled,Low,Closed,6.2,908.16,14.4
WO102316,OH-A137,2025-10-17,Cabin,Low,Closed,9.0,207.53,10.8
WO102317,OH-A132,2025-06-18,Component Replacement,Low,Closed,4.3,412.14,8.9
WO102318,OH-A108,2025-01-07,Unscheduled,High,Closed,1.5,138.05,5.0
WO102319,OH-A110,2025-11-24,Cabin,Medium,Closed,3.8,125.79,5.4
WO102320,OH-A138,2025-06-07,Cabin,Low,Closed,3.0,561.06,7.2
WO102321,OH-A133,2025-03-11,Inspection,Medium,Closed,7.2,283.39,5.7
WO102322,OH-A140,2025-02-16,Component Replacement,Medium,Closed,8.2,885.6,6.6
WO102323,OH-A114,2025-12-30,Component Replacement,Medium,Closed,5.5,1467.75,5.0
WO102324,OH-A102,2025-01-11,Inspection,Medium,Closed,4.1,85.57,11.5
WO102325,OH-A111,2025-05-16,Unscheduled,Low,Closed,14.2,1203.2,3.4
WO102326,OH-A120,2025-07-20,Scheduled,Low,Closed,6.3,154.27,15.7
WO102327,OH-A105,2025-04-18,Cabin,High,Closed,7.8,289.15,5.9
WO102328,OH-A109,2025-02-26,Scheduled,Medium,In Progress,4.8,99.3,11.8
WO102329,OH-A106,2025-08-24,Scheduled,Medium,Closed,2.2,102.31,8.7
WO102330,OH-A106,2025-01-26,Unscheduled,Low,Closed,3.7,57.67,3.0
WO102331,OH-A118,2025-12-22,Unscheduled,Critical,Closed,6.0,269.22,15.1
WO102332,OH-A138,2025-06-24,Scheduled,Low,Open,2.5,428.9,23.1
WO102333,OH-A118,2025-09-26,Scheduled,Medium,Closed,8.5,278.25,7.7
WO102334,OH-A114,2025-11-04,Cabin,Medium,Closed,6.1,67.31,2.0
WO102335,OH-A126,2025-10-16,Unscheduled,Low,Closed,5.7,57.0,11.0
WO102336,OH-A130,2025-06-27,Cabin,Low,Open,1.5,407.53,9.1
WO102337,OH-A116,2025-01-29,Engine,Medium,Closed,6.0,888.05,4.7
WO102338,OH-A100,2025-01-30,Unscheduled,Medium,Closed,6.8,516.87,9.1
WO102339,OH-A114,2025-05-10,Unscheduled,Critical,Closed,3.4,2612.09,19.2
WO102340,OH-A103,2025-04-22,Scheduled,Medium,Closed,4.6,388.34,16.9
WO102341,OH-A106,2025-11-20,Cabin,High,Closed,6.7,553.04,6.9
WO102342,OH-A129,2025-06-12,Inspection,Medium,Closed,3.6,395.04,6.8
WO102343,OH-A108,2025-12-30,Engine,Medium,Closed,4.5,184.65,4.4
WO102344,OH-A117,2025-04-13,Cabin,High,Closed,3.9,342.32,7.0
WO102345,OH-A118,2025-12-19,Scheduled,High,Closed,8.3,933.09,9.9
WO102346,OH-A142,2025-05-04,Cabin,Low,Open,10.9,970.26,9.7
WO102347,OH-A107,2025-12-31,Component Replacement,Medium,Closed,6.8,576.84,10.6
WO102348,OH-A103,2025-07-02,Unscheduled,Low,Closed,5.1,1963.08,10.5
WO102349,OH-A125,2025-01-07,Cabin,High,Closed,9.0,637.46,5.1
WO102350,OH-A129,2025-12-11,Inspection,Medium,Closed,2.2,559.34,14.9
WO102351,OH-A124,2025-03-17,Unscheduled,Medium,Closed,5.9,1812.03,16.6
WO102352,OH-A133,2025-10-21,Scheduled,Critical,Closed,11.3,197.35,9.0
WO102353,OH-A141,2025-10-27,Component Replacement,Medium,Closed,-2.0,1682.49,35.3
WO102354,OH-A129,2025-03-16,Component Replacement,Medium,In Progress,7.8,152.33,11.4
WO102355,OH-A125,2025-07-27,Scheduled,Medium,Closed,9.4,309.2,3.4
WO102356,OH-A132,2025-10-14,Unscheduled,Low,Closed,6.7,64.3,7.2
WO102357,OH-A110,2025-12-12,Scheduled,Low,Closed,3.6,518.66,6.9
WO102358,OH-A111,2025-05-25,Inspection,Medium,Closed,4.5,1518.7,2.0
WO102359,OH-A117,2025-05-30,Inspection,Low,Closed,8.4,157.94,7.4
WO102360,OH-A136,2025-10-25,Engine,High,Closed,8.3,304.05,14.6
WO102361,OH-A140,2025-06-29,Scheduled,Medium,Closed,6.4,323.23,16.2
WO102362,OH-A126,2025-08-14,Scheduled,Medium,Closed,1.8,325.35,24.2
WO102363,OH-A129,2025-02-12,Scheduled,Low,Closed,2.7,141.48,11.9
WO102364,OH-A137,2025-09-05,Cabin,Medium,Closed,5.8,418.85,13.8
WO102365,OH-A111,2025-05-02,Unscheduled,Medium,Closed,4.1,1939.16,5.7
WO102366,OH-A105,2025-05-13,Scheduled,Critical,Closed,3.1,244.47,12.8
WO102367,OH-A135,2025-11-25,Scheduled,Low,Closed,2.1,507.87,11.2
WO102368,OH-A106,2025-09-18,Scheduled,Low,Closed,3.1,503.81,6.9
WO102369,OH-A107,2025-07-23,Component Replacement,Low,Closed,17.9,271.61,24.8
WO102370,OH-A118,2025-07-26,Unscheduled,Medium,Closed,7.0,532.86,3.4
WO102371,OH-A137,2025-11-09,Component Replacement,Low,In Progress,8.3,275.66,9.2
WO102372,OH-A118,2025-08-14,Scheduled,Low,Closed,5.3,612.55,19.2
WO102373,OH-A105,2025-03-18,Unscheduled,Medium,In Progress,10.2,375.96,4.7
WO102374,OH-A106,2025-07-19,Inspection,High,In Progress,7.9,98.91,6.2
WO102375,OH-A112,2025-08-17,Scheduled,Medium,Closed,6.7,66.75,14.2
WO102376,OH-A103,2025-01-21,Scheduled,Medium,Open,6.8,47.56,14.2
WO102377,OH-A115,2025-02-18,Scheduled,Medium,Closed,3.8,267.69,8.0
WO102378,OH-A103,2025-06-23,Component Replacement,Low,Closed,3.7,925.82,10.6
WO102379,OH-A140,2025-07-29,Inspection,Medium,Closed,7.0,194.4,9.1
WO102380,OH-A102,2025-01-19,Unscheduled,Low,Closed,9.6,315.16,15.2
WO102381,OH-A109,2025-06-15,Inspection,Medium,Closed,11.6,209.8,15.6
WO102382,OH-A101,2025-03-03,Scheduled,Medium,Closed,8.8,175.04,20.3
WO102383,OH-A113,2025-09-01,Engine,Medium,Closed,12.3,3650.44,20.2
WO102384,OH-A138,2025-06-23,Component Replacement,Medium,Closed,11.3,181.62,10.9
WO102385,OH-A127,2025-02-04,Scheduled,High,Open,5.6,104.35,4.0
WO102386,OH-A144,2025-05-29,Cabin,Medium,Closed,13.9,164.85,5.3
WO102387,OH-A129,2025-12-06,Unscheduled,Medium,Closed,6.2,434.74,5.9
WO102388,OH-A120,2025-01-18,Unscheduled,High,Closed,6.0,227.36,8.2
WO102389,OH-A146,2025-05-28,Inspection,Medium,Closed,8.4,536.96,9.6
WO102390,OH-A108,2025-02-20,Component Replacement,Medium,In Progress,11.6,194.36,4.5
WO102391,OH-A105,2025-11-26,Scheduled,Medium,Closed,4.2,224.09,1.8
WO102392,OH-A115,2025-06-19,Scheduled,High,Closed,6.2,198.87,12.2
WO102393,OH-A144,2025-08-17,Cabin,Medium,Closed,5.6,368.19,8.7
WO102394,OH-A139,2025-12-20,Cabin,Medium,Closed,3.4,823.49,25.7
WO102395,OH-A125,2025-01-19,Engine,High,Closed,4.2,915.24,5.7
WO102396,OH-A144,2025-06-27,Scheduled,Critical,Closed,3.5,1648.35,23.2
WO102397,OH-A131,2025-01-25,Inspection,High,Closed,8.1,108.58,4.8
WO102398,OH-A111,2025-10-09,Unscheduled,Low,Closed,5.4,142.61,8.5
WO102399,OH-A100,2025-08-03,Scheduled,Medium,Open,4.9,160.99,9.1
